solid OpenSCAD_Model
  facet normal 0 0 -1
    outer loop
      vertex -11.853553390593273 -11.853553390593273 0
      vertex -11.915734806151272 -11.7777851165098 0
      vertex -11.72033944775577 -11.64722611208134 0
    endloop
  endfacet
  facet normal 0 0 -1
    outer loop
      vertex -11.915734806151272 -11.7777851165098 0
      vertex -11.961939766255643 -11.691341716182546 0
      vertex -11.744828076666167 -11.601411109804847 0
    endloop
  endfacet
  facet normal 0 0 -1
    outer loop
      vertex -11.853553390593273 -11.853553390593273 0
      vertex -11.687383297435904 -11.687383297435904 0
      vertex -11.7777851165098 -11.915734806151272 0
    endloop
  endfacet
  facet normal 0 0 -1
    outer loop
      vertex -11.7777851165098 -11.915734806151272 0
      vertex -11.64722611208134 -11.72033944775577 0
      vertex -11.691341716182546 -11.961939766255643 0
    endloop
  endfacet
  facet normal 0 0 -1
    outer loop
      vertex -11.691341716182546 -11.961939766255643 0
      vertex -11.601411109804847 -11.744828076666167 0
      vertex -11.597545161008064 -11.990392640201616 0
    endloop
  endfacet
  facet normal 0 0 -1
    outer loop
      vertex -11.853553390593273 -11.853553390593273 0
      vertex -11.72033944775577 -11.64722611208134 0
      vertex -11.687383297435904 -11.687383297435904 0
    endloop
  endfacet
  facet normal 0 0 -1
    outer loop
      vertex -11.915734806151272 -11.7777851165098 0
      vertex -11.744828076666167 -11.601411109804847 0
      vertex -11.72033944775577 -11.64722611208134 0
    endloop
  endfacet
  facet normal 0 0 -1
    outer loop
      vertex -11.7777851165098 -11.915734806151272 0
      vertex -11.687383297435904 -11.687383297435904 0
      vertex -11.64722611208134 -11.72033944775577 0
    endloop
  endfacet
  facet normal 0 0 -1
    outer loop
      vertex -11.691341716182546 -11.961939766255643 0
      vertex -11.64722611208134 -11.72033944775577 0
      vertex -11.601411109804847 -11.744828076666167 0
    endloop
  endfacet
  facet normal 0 0 -1
    outer loop
      vertex -11.990392640201616 -11.597545161008064 0
      vertex -12 -11.5 0
      vertex -11.765000000596046 -11.5 0
    endloop
  endfacet
  facet normal 0 0 -1
    outer loop
      vertex -12 -11.5 0
      vertex -11.990392640201616 -11.402454838991936 0
      vertex -11.75990809989145 -11.448301064549444 0
    endloop
  endfacet
  facet normal 0 0 -1
    outer loop
      vertex -11.961939766255643 -11.691341716182546 0
      vertex -11.990392640201616 -11.597545161008064 0
      vertex -11.75990809989145 -11.551698935450556 0
    endloop
  endfacet
  facet normal 0 0 -1
    outer loop
      vertex -11.961939766255643 -11.691341716182546 0
      vertex -11.75990809989145 -11.551698935450556 0
      vertex -11.744828076666167 -11.601411109804847 0
    endloop
  endfacet
  facet normal 0 0 -1
    outer loop
      vertex -11.990392640201616 -11.597545161008064 0
      vertex -11.765000000596046 -11.5 0
      vertex -11.75990809989145 -11.551698935450556 0
    endloop
  endfacet
  facet normal 0 0 -1
    outer loop
      vertex -12 -11.5 0
      vertex -11.75990809989145 -11.448301064549444 0
      vertex -11.765000000596046 -11.5 0
    endloop
  endfacet
  facet normal 0 0 -1
    outer loop
      vertex -11.990392640201616 -11.402454838991936 0
      vertex -11.961939766255643 -11.308658283817454 0
      vertex -11.744828076666167 -11.398588890195153 0
    endloop
  endfacet
  facet normal 0 0 -1
    outer loop
      vertex -11.990392640201616 -11.402454838991936 0
      vertex -11.744828076666167 -11.398588890195153 0
      vertex -11.75990809989145 -11.448301064549444 0
    endloop
  endfacet
  facet normal 0 0 -1
    outer loop
      vertex -11.961939766255643 -11.308658283817454 0
      vertex -11.915734806151272 -11.2222148834902 0
      vertex -11.72033944775577 -11.35277388791866 0
    endloop
  endfacet
  facet normal 0 0 -1
    outer loop
      vertex -11.961939766255643 -11.308658283817454 0
      vertex -11.72033944775577 -11.35277388791866 0
      vertex -11.744828076666167 -11.398588890195153 0
    endloop
  endfacet
  facet normal 0 0 -1
    outer loop
      vertex -11.72033944775577 -11.35277388791866 0
      vertex -11.915734806151272 -11.2222148834902 0
      vertex -11.687383297435904 -11.312616702564096 0
    endloop
  endfacet
  facet normal 0 0 -1
    outer loop
      vertex -11.597545161008064 -11.990392640201616 0
      vertex -11.551698935450556 -11.75990809989145 0
      vertex -11.5 -12 0
    endloop
  endfacet
  facet normal 0 0 -1
    outer loop
      vertex -11.597545161008064 -11.990392640201616 0
      vertex -11.601411109804847 -11.744828076666167 0
      vertex -11.551698935450556 -11.75990809989145 0
    endloop
  endfacet
  facet normal 0 0 -1
    outer loop
      vertex -11.5 -12 0
      vertex -11.5 -11.765000000596046 0
      vertex -11.402454838991936 -11.990392640201616 0
    endloop
  endfacet
  facet normal 0 0 -1
    outer loop
      vertex -11.5 -12 0
      vertex -11.551698935450556 -11.75990809989145 0
      vertex -11.5 -11.765000000596046 0
    endloop
  endfacet
  facet normal 0 0 -1
    outer loop
      vertex -11.5 -11.765000000596046 0
      vertex -11.448301064549444 -11.75990809989145 0
      vertex -11.402454838991936 -11.990392640201616 0
    endloop
  endfacet
  facet normal 0 0 -1
    outer loop
      vertex -11.448301064549444 -11.75990809989145 0
      vertex -11.308658283817454 -11.961939766255643 0
      vertex -11.402454838991936 -11.990392640201616 0
    endloop
  endfacet
  facet normal 0 0 -1
    outer loop
      vertex -11.448301064549444 -11.75990809989145 0
      vertex -11.398588890195153 -11.744828076666167 0
      vertex -11.308658283817454 -11.961939766255643 0
    endloop
  endfacet
  facet normal 0 0 -1
    outer loop
      vertex -11.308658283817454 -11.961939766255643 0
      vertex -11.398588890195153 -11.744828076666167 0
      vertex -11.2222148834902 -11.915734806151272 0
    endloop
  endfacet
  facet normal 0 0 -1
    outer loop
      vertex -11.398588890195153 -11.744828076666167 0
      vertex -11.35277388791866 -11.72033944775577 0
      vertex -11.2222148834902 -11.915734806151272 0
    endloop
  endfacet
  facet normal 0 0 -1
    outer loop
      vertex -11.35277388791866 -11.72033944775577 0
      vertex -11.312616702564096 -11.687383297435904 0
      vertex -11.146446609406727 -11.853553390593273 0
    endloop
  endfacet
  facet normal 0 0 -1
    outer loop
      vertex -11.687383297435904 -11.312616702564096 0
      vertex -11.915734806151272 -11.2222148834902 0
      vertex -11.853553390593273 -11.146446609406727 0
    endloop
  endfacet
  facet normal 0 0 -1
    outer loop
      vertex -11.687383297435904 -11.312616702564096 0
      vertex -11.853553390593273 -11.146446609406727 0
      vertex -11.64722611208134 -11.27966055224423 0
    endloop
  endfacet
  facet normal 0 0 -1
    outer loop
      vertex -11.64722611208134 -11.27966055224423 0
      vertex -11.853553390593273 -11.146446609406727 0
      vertex -11.7777851165098 -11.084265193848728 0
    endloop
  endfacet
  facet normal 0 0 -1
    outer loop
      vertex -11.64722611208134 -11.27966055224423 0
      vertex -11.7777851165098 -11.084265193848728 0
      vertex -11.601411109804847 -11.255171923333833 0
    endloop
  endfacet
  facet normal 0 0 -1
    outer loop
      vertex -11.601411109804847 -11.255171923333833 0
      vertex -11.7777851165098 -11.084265193848728 0
      vertex -11.691341716182546 -11.038060233744357 0
    endloop
  endfacet
  facet normal 0 0 -1
    outer loop
      vertex -11.601411109804847 -11.255171923333833 0
      vertex -11.691341716182546 -11.038060233744357 0
      vertex -11.551698935450556 -11.24009190010855 0
    endloop
  endfacet
  facet normal 0 0 -1
    outer loop
      vertex -11.551698935450556 -11.24009190010855 0
      vertex -11.597545161008064 -11.009607359798384 0
      vertex -11.5 -11.234999999403954 0
    endloop
  endfacet
  facet normal 0 0 -1
    outer loop
      vertex -11.691341716182546 -11.038060233744357 0
      vertex -11.597545161008064 -11.009607359798384 0
      vertex -11.551698935450556 -11.24009190010855 0
    endloop
  endfacet
  facet normal 0 0 -1
    outer loop
      vertex -11.5 -11.234999999403954 0
      vertex -11.597545161008064 -11.009607359798384 0
      vertex -11.5 -11 0
    endloop
  endfacet
  facet normal 0 0 -1
    outer loop
      vertex -11.5 -11.234999999403954 0
      vertex -11.5 -11 0
      vertex -11.448301064549444 -11.24009190010855 0
    endloop
  endfacet
  facet normal 0 0 -1
    outer loop
      vertex -11.448301064549444 -11.24009190010855 0
      vertex -11.5 -11 0
      vertex -11.402454838991936 -11.009607359798384 0
    endloop
  endfacet
  facet normal 0 0 -1
    outer loop
      vertex -11.398588890195153 -11.255171923333833 0
      vertex -11.448301064549444 -11.24009190010855 0
      vertex -11.402454838991936 -11.009607359798384 0
    endloop
  endfacet
  facet normal 0 0 -1
    outer loop
      vertex -11.398588890195153 -11.255171923333833 0
      vertex -11.308658283817454 -11.038060233744357 0
      vertex -11.35277388791866 -11.27966055224423 0
    endloop
  endfacet
  facet normal 0 0 -1
    outer loop
      vertex -11.398588890195153 -11.255171923333833 0
      vertex -11.402454838991936 -11.009607359798384 0
      vertex -11.308658283817454 -11.038060233744357 0
    endloop
  endfacet
  facet normal 0 0 -1
    outer loop
      vertex -11.35277388791866 -11.27966055224423 0
      vertex -11.2222148834902 -11.084265193848728 0
      vertex -11.312616702564096 -11.312616702564096 0
    endloop
  endfacet
  facet normal 0 0 -1
    outer loop
      vertex -11.35277388791866 -11.27966055224423 0
      vertex -11.308658283817454 -11.038060233744357 0
      vertex -11.2222148834902 -11.084265193848728 0
    endloop
  endfacet
  facet normal 0 0 -1
    outer loop
      vertex -11.35277388791866 -11.72033944775577 0
      vertex -11.146446609406727 -11.853553390593273 0
      vertex -11.2222148834902 -11.915734806151272 0
    endloop
  endfacet
  facet normal 0 0 -1
    outer loop
      vertex -11.312616702564096 -11.687383297435904 0
      vertex -11.084265193848728 -11.7777851165098 0
      vertex -11.146446609406727 -11.853553390593273 0
    endloop
  endfacet
  facet normal 0 0 -1
    outer loop
      vertex -11.312616702564096 -11.687383297435904 0
      vertex -11.27966055224423 -11.64722611208134 0
      vertex -11.084265193848728 -11.7777851165098 0
    endloop
  endfacet
  facet normal 0 0 -1
    outer loop
      vertex -11.27966055224423 -11.64722611208134 0
      vertex -11.255171923333833 -11.601411109804847 0
      vertex -11.038060233744357 -11.691341716182546 0
    endloop
  endfacet
  facet normal 0 0 -1
    outer loop
      vertex -11.27966055224423 -11.64722611208134 0
      vertex -11.038060233744357 -11.691341716182546 0
      vertex -11.084265193848728 -11.7777851165098 0
    endloop
  endfacet
  facet normal 0 0 -1
    outer loop
      vertex -11.255171923333833 -11.601411109804847 0
      vertex -11.009607359798384 -11.597545161008064 0
      vertex -11.038060233744357 -11.691341716182546 0
    endloop
  endfacet
  facet normal 0 0 -1
    outer loop
      vertex -11.255171923333833 -11.601411109804847 0
      vertex -11.24009190010855 -11.551698935450556 0
      vertex -11.009607359798384 -11.597545161008064 0
    endloop
  endfacet
  facet normal 0 0 -1
    outer loop
      vertex -11.24009190010855 -11.551698935450556 0
      vertex -11.234999999403954 -11.5 0
      vertex -11 -11.5 0
    endloop
  endfacet
  facet normal 0 0 -1
    outer loop
      vertex -11.234999999403954 -11.5 0
      vertex -11.24009190010855 -11.448301064549444 0
      vertex -11.009607359798384 -11.402454838991936 0
    endloop
  endfacet
  facet normal 0 0 -1
    outer loop
      vertex -11.24009190010855 -11.551698935450556 0
      vertex -11 -11.5 0
      vertex -11.009607359798384 -11.597545161008064 0
    endloop
  endfacet
  facet normal 0 0 -1
    outer loop
      vertex -11.234999999403954 -11.5 0
      vertex -11.009607359798384 -11.402454838991936 0
      vertex -11 -11.5 0
    endloop
  endfacet
  facet normal 0 0 -1
    outer loop
      vertex -11.255171923333833 -11.398588890195153 0
      vertex -11.038060233744357 -11.308658283817454 0
      vertex -11.24009190010855 -11.448301064549444 0
    endloop
  endfacet
  facet normal 0 0 -1
    outer loop
      vertex -11.255171923333833 -11.398588890195153 0
      vertex -11.27966055224423 -11.35277388791866 0
      vertex -11.084265193848728 -11.2222148834902 0
    endloop
  endfacet
  facet normal 0 0 -1
    outer loop
      vertex -11.27966055224423 -11.35277388791866 0
      vertex -11.312616702564096 -11.312616702564096 0
      vertex -11.146446609406727 -11.146446609406727 0
    endloop
  endfacet
  facet normal 0 0 -1
    outer loop
      vertex -11.24009190010855 -11.448301064549444 0
      vertex -11.038060233744357 -11.308658283817454 0
      vertex -11.009607359798384 -11.402454838991936 0
    endloop
  endfacet
  facet normal 0 0 -1
    outer loop
      vertex -11.255171923333833 -11.398588890195153 0
      vertex -11.084265193848728 -11.2222148834902 0
      vertex -11.038060233744357 -11.308658283817454 0
    endloop
  endfacet
  facet normal 0 0 -1
    outer loop
      vertex -11.312616702564096 -11.312616702564096 0
      vertex -11.2222148834902 -11.084265193848728 0
      vertex -11.146446609406727 -11.146446609406727 0
    endloop
  endfacet
  facet normal 0 0 -1
    outer loop
      vertex -11.27966055224423 -11.35277388791866 0
      vertex -11.146446609406727 -11.146446609406727 0
      vertex -11.084265193848728 -11.2222148834902 0
    endloop
  endfacet
  facet normal -0.7730104533627334 -0.6343932841636499 0
    outer loop
      vertex -11.853553390593273 -11.853553390593273 0
      vertex -11.853553390593273 -11.853553390593273 50
      vertex -11.915734806151272 -11.7777851165098 0
    endloop
  endfacet
  facet normal -0.8819212643483529 -0.4713967368260017 0
    outer loop
      vertex -11.915734806151272 -11.7777851165098 0
      vertex -11.915734806151272 -11.7777851165098 50
      vertex -11.961939766255643 -11.691341716182546 0
    endloop
  endfacet
  facet normal -0.9569403357322062 -0.29028467725447105 0
    outer loop
      vertex -11.961939766255643 -11.691341716182546 0
      vertex -11.961939766255643 -11.691341716182546 50
      vertex -11.990392640201616 -11.597545161008064 0
    endloop
  endfacet
  facet normal -0.4713967368260017 -0.8819212643483529 0
    outer loop
      vertex -11.7777851165098 -11.915734806151272 0
      vertex -11.691341716182546 -11.961939766255643 0
      vertex -11.691341716182546 -11.961939766255643 50
    endloop
  endfacet
  facet normal -0.6343932841636499 -0.7730104533627334 0
    outer loop
      vertex -11.853553390593273 -11.853553390593273 0
      vertex -11.7777851165098 -11.915734806151272 0
      vertex -11.7777851165098 -11.915734806151272 50
    endloop
  endfacet
  facet normal -0.29028467725447105 -0.9569403357322062 0
    outer loop
      vertex -11.691341716182546 -11.961939766255643 0
      vertex -11.597545161008064 -11.990392640201616 0
      vertex -11.597545161008064 -11.990392640201616 50
    endloop
  endfacet
  facet normal -0.9951847266721978 -0.09801714032955187 0
    outer loop
      vertex -11.990392640201616 -11.597545161008064 0
      vertex -11.990392640201616 -11.597545161008064 50
      vertex -12 -11.5 0
    endloop
  endfacet
  facet normal -0.9951847266721978 0.09801714032955187 0
    outer loop
      vertex -12 -11.5 0
      vertex -12 -11.5 50
      vertex -11.990392640201616 -11.402454838991936 0
    endloop
  endfacet
  facet normal -0.9569403357322062 0.29028467725447105 0
    outer loop
      vertex -11.990392640201616 -11.402454838991936 0
      vertex -11.990392640201616 -11.402454838991936 50
      vertex -11.961939766255643 -11.308658283817454 0
    endloop
  endfacet
  facet normal -0.8819212643483529 0.4713967368260017 0
    outer loop
      vertex -11.961939766255643 -11.308658283817454 0
      vertex -11.961939766255643 -11.308658283817454 50
      vertex -11.915734806151272 -11.2222148834902 0
    endloop
  endfacet
  facet normal -0.09801714032955187 -0.9951847266721978 0
    outer loop
      vertex -11.597545161008064 -11.990392640201616 0
      vertex -11.5 -12 0
      vertex -11.5 -12 50
    endloop
  endfacet
  facet normal 0.09801714032955187 -0.9951847266721978 0
    outer loop
      vertex -11.5 -12 0
      vertex -11.402454838991936 -11.990392640201616 0
      vertex -11.402454838991936 -11.990392640201616 50
    endloop
  endfacet
  facet normal 0.29028467725447105 -0.9569403357322062 0
    outer loop
      vertex -11.402454838991936 -11.990392640201616 0
      vertex -11.308658283817454 -11.961939766255643 0
      vertex -11.308658283817454 -11.961939766255643 50
    endloop
  endfacet
  facet normal 0.4713967368260017 -0.8819212643483529 0
    outer loop
      vertex -11.308658283817454 -11.961939766255643 0
      vertex -11.2222148834902 -11.915734806151272 0
      vertex -11.2222148834902 -11.915734806151272 50
    endloop
  endfacet
  facet normal -0.7730104533627334 0.6343932841636499 0
    outer loop
      vertex -11.915734806151272 -11.2222148834902 0
      vertex -11.915734806151272 -11.2222148834902 50
      vertex -11.853553390593273 -11.146446609406727 0
    endloop
  endfacet
  facet normal -0.6343932841636499 0.7730104533627334 0
    outer loop
      vertex -11.853553390593273 -11.146446609406727 0
      vertex -11.853553390593273 -11.146446609406727 50
      vertex -11.7777851165098 -11.084265193848728 0
    endloop
  endfacet
  facet normal -0.4713967368260017 0.8819212643483529 0
    outer loop
      vertex -11.7777851165098 -11.084265193848728 0
      vertex -11.7777851165098 -11.084265193848728 50
      vertex -11.691341716182546 -11.038060233744357 0
    endloop
  endfacet
  facet normal -0.29028467725447105 0.9569403357322062 0
    outer loop
      vertex -11.691341716182546 -11.038060233744357 0
      vertex -11.691341716182546 -11.038060233744357 50
      vertex -11.597545161008064 -11.009607359798384 0
    endloop
  endfacet
  facet normal -0.09801714032955187 0.9951847266721978 0
    outer loop
      vertex -11.597545161008064 -11.009607359798384 0
      vertex -11.597545161008064 -11.009607359798384 50
      vertex -11.5 -11 0
    endloop
  endfacet
  facet normal 0.09801714032955187 0.9951847266721978 0
    outer loop
      vertex -11.5 -11 0
      vertex -11.5 -11 50
      vertex -11.402454838991936 -11.009607359798384 0
    endloop
  endfacet
  facet normal 0.29028467725447105 0.9569403357322062 0
    outer loop
      vertex -11.402454838991936 -11.009607359798384 0
      vertex -11.402454838991936 -11.009607359798384 50
      vertex -11.308658283817454 -11.038060233744357 0
    endloop
  endfacet
  facet normal 0.4713967368260017 0.8819212643483529 0
    outer loop
      vertex -11.308658283817454 -11.038060233744357 0
      vertex -11.308658283817454 -11.038060233744357 50
      vertex -11.2222148834902 -11.084265193848728 0
    endloop
  endfacet
  facet normal 0.6343932841636499 -0.7730104533627334 0
    outer loop
      vertex -11.2222148834902 -11.915734806151272 0
      vertex -11.146446609406727 -11.853553390593273 0
      vertex -11.146446609406727 -11.853553390593273 50
    endloop
  endfacet
  facet normal 0.7730104533627334 -0.6343932841636499 0
    outer loop
      vertex -11.146446609406727 -11.853553390593273 0
      vertex -11.084265193848728 -11.7777851165098 0
      vertex -11.084265193848728 -11.7777851165098 50
    endloop
  endfacet
  facet normal 0.8819212643483529 -0.4713967368260017 0
    outer loop
      vertex -11.084265193848728 -11.7777851165098 0
      vertex -11.038060233744357 -11.691341716182546 0
      vertex -11.038060233744357 -11.691341716182546 50
    endloop
  endfacet
  facet normal 0.9569403357322062 -0.29028467725447105 0
    outer loop
      vertex -11.038060233744357 -11.691341716182546 0
      vertex -11.009607359798384 -11.597545161008064 0
      vertex -11.009607359798384 -11.597545161008064 50
    endloop
  endfacet
  facet normal 0.8819212643483529 0.4713967368260017 0
    outer loop
      vertex -11.038060233744357 -11.308658283817454 0
      vertex -11.084265193848728 -11.2222148834902 0
      vertex -11.084265193848728 -11.2222148834902 50
    endloop
  endfacet
  facet normal 0.9951847266721978 -0.09801714032955187 0
    outer loop
      vertex -11.009607359798384 -11.597545161008064 0
      vertex -11 -11.5 0
      vertex -11 -11.5 50
    endloop
  endfacet
  facet normal 0.9951847266721978 0.09801714032955187 0
    outer loop
      vertex -11.009607359798384 -11.402454838991936 0
      vertex -11.009607359798384 -11.402454838991936 50
      vertex -11 -11.5 0
    endloop
  endfacet
  facet normal 0.9569403357322062 0.29028467725447105 0
    outer loop
      vertex -11.009607359798384 -11.402454838991936 0
      vertex -11.038060233744357 -11.308658283817454 0
      vertex -11.038060233744357 -11.308658283817454 50
    endloop
  endfacet
  facet normal 0.6343932841636499 0.7730104533627334 0
    outer loop
      vertex -11.2222148834902 -11.084265193848728 0
      vertex -11.2222148834902 -11.084265193848728 50
      vertex -11.146446609406727 -11.146446609406727 0
    endloop
  endfacet
  facet normal 0.7730104533627334 0.6343932841636499 0
    outer loop
      vertex -11.084265193848728 -11.2222148834902 0
      vertex -11.146446609406727 -11.146446609406727 0
      vertex -11.146446609406727 -11.146446609406727 50
    endloop
  endfacet
  facet normal -0.6343932841636499 -0.7730104533627334 0
    outer loop
      vertex -11.853553390593273 -11.853553390593273 0
      vertex -11.7777851165098 -11.915734806151272 50
      vertex -11.853553390593273 -11.853553390593273 50
    endloop
  endfacet
  facet normal -0.8819212643483529 -0.4713967368260017 0
    outer loop
      vertex -11.961939766255643 -11.691341716182546 0
      vertex -11.915734806151272 -11.7777851165098 50
      vertex -11.961939766255643 -11.691341716182546 50
    endloop
  endfacet
  facet normal -0.9569403357322062 -0.29028467725447105 0
    outer loop
      vertex -11.990392640201616 -11.597545161008064 0
      vertex -11.961939766255643 -11.691341716182546 50
      vertex -11.990392640201616 -11.597545161008064 50
    endloop
  endfacet
  facet normal -0.7730104533627334 -0.6343932841636499 0
    outer loop
      vertex -11.915734806151272 -11.7777851165098 0
      vertex -11.853553390593273 -11.853553390593273 50
      vertex -11.915734806151272 -11.7777851165098 50
    endloop
  endfacet
  facet normal -0.4713967368260017 -0.8819212643483529 0
    outer loop
      vertex -11.7777851165098 -11.915734806151272 0
      vertex -11.691341716182546 -11.961939766255643 50
      vertex -11.7777851165098 -11.915734806151272 50
    endloop
  endfacet
  facet normal -0.29028467725447105 -0.9569403357322062 0
    outer loop
      vertex -11.691341716182546 -11.961939766255643 0
      vertex -11.597545161008064 -11.990392640201616 50
      vertex -11.691341716182546 -11.961939766255643 50
    endloop
  endfacet
  facet normal -0.9951847266721978 -0.09801714032955187 0
    outer loop
      vertex -12 -11.5 0
      vertex -11.990392640201616 -11.597545161008064 50
      vertex -12 -11.5 50
    endloop
  endfacet
  facet normal -0.9951847266721978 0.09801714032955187 0
    outer loop
      vertex -11.990392640201616 -11.402454838991936 0
      vertex -12 -11.5 50
      vertex -11.990392640201616 -11.402454838991936 50
    endloop
  endfacet
  facet normal -0.9569403357322062 0.29028467725447105 0
    outer loop
      vertex -11.961939766255643 -11.308658283817454 0
      vertex -11.990392640201616 -11.402454838991936 50
      vertex -11.961939766255643 -11.308658283817454 50
    endloop
  endfacet
  facet normal -0.8819212643483529 0.4713967368260017 0
    outer loop
      vertex -11.915734806151272 -11.2222148834902 0
      vertex -11.961939766255643 -11.308658283817454 50
      vertex -11.915734806151272 -11.2222148834902 50
    endloop
  endfacet
  facet normal -0.09801714032955187 -0.9951847266721978 0
    outer loop
      vertex -11.597545161008064 -11.990392640201616 0
      vertex -11.5 -12 50
      vertex -11.597545161008064 -11.990392640201616 50
    endloop
  endfacet
  facet normal 0.09801714032955187 -0.9951847266721978 0
    outer loop
      vertex -11.5 -12 0
      vertex -11.402454838991936 -11.990392640201616 50
      vertex -11.5 -12 50
    endloop
  endfacet
  facet normal 0.29028467725447105 -0.9569403357322062 0
    outer loop
      vertex -11.402454838991936 -11.990392640201616 0
      vertex -11.308658283817454 -11.961939766255643 50
      vertex -11.402454838991936 -11.990392640201616 50
    endloop
  endfacet
  facet normal 0.4713967368260017 -0.8819212643483529 0
    outer loop
      vertex -11.308658283817454 -11.961939766255643 0
      vertex -11.2222148834902 -11.915734806151272 50
      vertex -11.308658283817454 -11.961939766255643 50
    endloop
  endfacet
  facet normal -0.7730104533627334 0.6343932841636499 0
    outer loop
      vertex -11.853553390593273 -11.146446609406727 0
      vertex -11.915734806151272 -11.2222148834902 50
      vertex -11.853553390593273 -11.146446609406727 50
    endloop
  endfacet
  facet normal -0.6343932841636499 0.7730104533627334 0
    outer loop
      vertex -11.7777851165098 -11.084265193848728 0
      vertex -11.853553390593273 -11.146446609406727 50
      vertex -11.7777851165098 -11.084265193848728 50
    endloop
  endfacet
  facet normal -0.4713967368260017 0.8819212643483529 0
    outer loop
      vertex -11.691341716182546 -11.038060233744357 0
      vertex -11.7777851165098 -11.084265193848728 50
      vertex -11.691341716182546 -11.038060233744357 50
    endloop
  endfacet
  facet normal -0.29028467725447105 0.9569403357322062 0
    outer loop
      vertex -11.597545161008064 -11.009607359798384 0
      vertex -11.691341716182546 -11.038060233744357 50
      vertex -11.597545161008064 -11.009607359798384 50
    endloop
  endfacet
  facet normal -0.09801714032955187 0.9951847266721978 0
    outer loop
      vertex -11.5 -11 0
      vertex -11.597545161008064 -11.009607359798384 50
      vertex -11.5 -11 50
    endloop
  endfacet
  facet normal 0.4713967368260017 0.8819212643483529 0
    outer loop
      vertex -11.2222148834902 -11.084265193848728 0
      vertex -11.308658283817454 -11.038060233744357 50
      vertex -11.2222148834902 -11.084265193848728 50
    endloop
  endfacet
  facet normal 0.09801714032955187 0.9951847266721978 0
    outer loop
      vertex -11.402454838991936 -11.009607359798384 0
      vertex -11.5 -11 50
      vertex -11.402454838991936 -11.009607359798384 50
    endloop
  endfacet
  facet normal 0.29028467725447105 0.9569403357322062 0
    outer loop
      vertex -11.308658283817454 -11.038060233744357 0
      vertex -11.402454838991936 -11.009607359798384 50
      vertex -11.308658283817454 -11.038060233744357 50
    endloop
  endfacet
  facet normal 0.6343932841636499 -0.7730104533627334 0
    outer loop
      vertex -11.2222148834902 -11.915734806151272 0
      vertex -11.146446609406727 -11.853553390593273 50
      vertex -11.2222148834902 -11.915734806151272 50
    endloop
  endfacet
  facet normal 0.7730104533627334 -0.6343932841636499 0
    outer loop
      vertex -11.146446609406727 -11.853553390593273 0
      vertex -11.084265193848728 -11.7777851165098 50
      vertex -11.146446609406727 -11.853553390593273 50
    endloop
  endfacet
  facet normal 0.8819212643483529 -0.4713967368260017 0
    outer loop
      vertex -11.084265193848728 -11.7777851165098 0
      vertex -11.038060233744357 -11.691341716182546 50
      vertex -11.084265193848728 -11.7777851165098 50
    endloop
  endfacet
  facet normal 0.9569403357322062 -0.29028467725447105 0
    outer loop
      vertex -11.038060233744357 -11.691341716182546 0
      vertex -11.009607359798384 -11.597545161008064 50
      vertex -11.038060233744357 -11.691341716182546 50
    endloop
  endfacet
  facet normal 0.9951847266721978 -0.09801714032955187 0
    outer loop
      vertex -11.009607359798384 -11.597545161008064 0
      vertex -11 -11.5 50
      vertex -11.009607359798384 -11.597545161008064 50
    endloop
  endfacet
  facet normal 0.9951847266721978 0.09801714032955187 0
    outer loop
      vertex -11.009607359798384 -11.402454838991936 50
      vertex -11 -11.5 50
      vertex -11 -11.5 0
    endloop
  endfacet
  facet normal 0.9569403357322062 0.29028467725447105 0
    outer loop
      vertex -11.009607359798384 -11.402454838991936 0
      vertex -11.038060233744357 -11.308658283817454 50
      vertex -11.009607359798384 -11.402454838991936 50
    endloop
  endfacet
  facet normal 0.8819212643483529 0.4713967368260017 0
    outer loop
      vertex -11.038060233744357 -11.308658283817454 0
      vertex -11.084265193848728 -11.2222148834902 50
      vertex -11.038060233744357 -11.308658283817454 50
    endloop
  endfacet
  facet normal 0.6343932841636499 0.7730104533627334 0
    outer loop
      vertex -11.146446609406727 -11.146446609406727 0
      vertex -11.2222148834902 -11.084265193848728 50
      vertex -11.146446609406727 -11.146446609406727 50
    endloop
  endfacet
  facet normal 0.7730104533627334 0.6343932841636499 0
    outer loop
      vertex -11.084265193848728 -11.2222148834902 0
      vertex -11.146446609406727 -11.146446609406727 50
      vertex -11.084265193848728 -11.2222148834902 50
    endloop
  endfacet
  facet normal 0 0 1
    outer loop
      vertex -11.853553390593273 -11.853553390593273 50
      vertex -11.687383297435904 -11.687383297435904 50
      vertex -11.915734806151272 -11.7777851165098 50
    endloop
  endfacet
  facet normal 0 0 1
    outer loop
      vertex -11.915734806151272 -11.7777851165098 50
      vertex -11.72033944775577 -11.64722611208134 50
      vertex -11.961939766255643 -11.691341716182546 50
    endloop
  endfacet
  facet normal 0 0 1
    outer loop
      vertex -11.961939766255643 -11.691341716182546 50
      vertex -11.744828076666167 -11.601411109804847 50
      vertex -11.990392640201616 -11.597545161008064 50
    endloop
  endfacet
  facet normal 0 0 1
    outer loop
      vertex -11.853553390593273 -11.853553390593273 50
      vertex -11.7777851165098 -11.915734806151272 50
      vertex -11.64722611208134 -11.72033944775577 50
    endloop
  endfacet
  facet normal 0 0 1
    outer loop
      vertex -11.7777851165098 -11.915734806151272 50
      vertex -11.691341716182546 -11.961939766255643 50
      vertex -11.601411109804847 -11.744828076666167 50
    endloop
  endfacet
  facet normal 0 0 1
    outer loop
      vertex -11.853553390593273 -11.853553390593273 50
      vertex -11.64722611208134 -11.72033944775577 50
      vertex -11.687383297435904 -11.687383297435904 50
    endloop
  endfacet
  facet normal 0 0 1
    outer loop
      vertex -11.915734806151272 -11.7777851165098 50
      vertex -11.687383297435904 -11.687383297435904 50
      vertex -11.72033944775577 -11.64722611208134 50
    endloop
  endfacet
  facet normal 0 0 1
    outer loop
      vertex -11.961939766255643 -11.691341716182546 50
      vertex -11.72033944775577 -11.64722611208134 50
      vertex -11.744828076666167 -11.601411109804847 50
    endloop
  endfacet
  facet normal 0 0 1
    outer loop
      vertex -11.7777851165098 -11.915734806151272 50
      vertex -11.601411109804847 -11.744828076666167 50
      vertex -11.64722611208134 -11.72033944775577 50
    endloop
  endfacet
  facet normal 0 0 1
    outer loop
      vertex -11.990392640201616 -11.597545161008064 50
      vertex -11.75990809989145 -11.551698935450556 50
      vertex -12 -11.5 50
    endloop
  endfacet
  facet normal 0 0 1
    outer loop
      vertex -12 -11.5 50
      vertex -11.765000000596046 -11.5 50
      vertex -11.990392640201616 -11.402454838991936 50
    endloop
  endfacet
  facet normal 0 0 1
    outer loop
      vertex -11.990392640201616 -11.597545161008064 50
      vertex -11.744828076666167 -11.601411109804847 50
      vertex -11.75990809989145 -11.551698935450556 50
    endloop
  endfacet
  facet normal 0 0 1
    outer loop
      vertex -12 -11.5 50
      vertex -11.75990809989145 -11.551698935450556 50
      vertex -11.765000000596046 -11.5 50
    endloop
  endfacet
  facet normal 0 0 1
    outer loop
      vertex -11.990392640201616 -11.402454838991936 50
      vertex -11.765000000596046 -11.5 50
      vertex -11.75990809989145 -11.448301064549444 50
    endloop
  endfacet
  facet normal 0 0 1
    outer loop
      vertex -11.990392640201616 -11.402454838991936 50
      vertex -11.75990809989145 -11.448301064549444 50
      vertex -11.961939766255643 -11.308658283817454 50
    endloop
  endfacet
  facet normal 0 0 1
    outer loop
      vertex -11.961939766255643 -11.308658283817454 50
      vertex -11.75990809989145 -11.448301064549444 50
      vertex -11.744828076666167 -11.398588890195153 50
    endloop
  endfacet
  facet normal 0 0 1
    outer loop
      vertex -11.961939766255643 -11.308658283817454 50
      vertex -11.744828076666167 -11.398588890195153 50
      vertex -11.915734806151272 -11.2222148834902 50
    endloop
  endfacet
  facet normal 0 0 1
    outer loop
      vertex -11.744828076666167 -11.398588890195153 50
      vertex -11.72033944775577 -11.35277388791866 50
      vertex -11.915734806151272 -11.2222148834902 50
    endloop
  endfacet
  facet normal 0 0 1
    outer loop
      vertex -11.72033944775577 -11.35277388791866 50
      vertex -11.687383297435904 -11.312616702564096 50
      vertex -11.853553390593273 -11.146446609406727 50
    endloop
  endfacet
  facet normal 0 0 1
    outer loop
      vertex -11.597545161008064 -11.990392640201616 50
      vertex -11.5 -12 50
      vertex -11.5 -11.765000000596046 50
    endloop
  endfacet
  facet normal 0 0 1
    outer loop
      vertex -11.691341716182546 -11.961939766255643 50
      vertex -11.597545161008064 -11.990392640201616 50
      vertex -11.551698935450556 -11.75990809989145 50
    endloop
  endfacet
  facet normal 0 0 1
    outer loop
      vertex -11.691341716182546 -11.961939766255643 50
      vertex -11.551698935450556 -11.75990809989145 50
      vertex -11.601411109804847 -11.744828076666167 50
    endloop
  endfacet
  facet normal 0 0 1
    outer loop
      vertex -11.597545161008064 -11.990392640201616 50
      vertex -11.5 -11.765000000596046 50
      vertex -11.551698935450556 -11.75990809989145 50
    endloop
  endfacet
  facet normal 0 0 1
    outer loop
      vertex -11.5 -12 50
      vertex -11.402454838991936 -11.990392640201616 50
      vertex -11.448301064549444 -11.75990809989145 50
    endloop
  endfacet
  facet normal 0 0 1
    outer loop
      vertex -11.5 -12 50
      vertex -11.448301064549444 -11.75990809989145 50
      vertex -11.5 -11.765000000596046 50
    endloop
  endfacet
  facet normal 0 0 1
    outer loop
      vertex -11.448301064549444 -11.75990809989145 50
      vertex -11.402454838991936 -11.990392640201616 50
      vertex -11.398588890195153 -11.744828076666167 50
    endloop
  endfacet
  facet normal 0 0 1
    outer loop
      vertex -11.402454838991936 -11.990392640201616 50
      vertex -11.308658283817454 -11.961939766255643 50
      vertex -11.398588890195153 -11.744828076666167 50
    endloop
  endfacet
  facet normal 0 0 1
    outer loop
      vertex -11.308658283817454 -11.961939766255643 50
      vertex -11.2222148834902 -11.915734806151272 50
      vertex -11.35277388791866 -11.72033944775577 50
    endloop
  endfacet
  facet normal 0 0 1
    outer loop
      vertex -11.308658283817454 -11.961939766255643 50
      vertex -11.35277388791866 -11.72033944775577 50
      vertex -11.398588890195153 -11.744828076666167 50
    endloop
  endfacet
  facet normal 0 0 1
    outer loop
      vertex -11.35277388791866 -11.72033944775577 50
      vertex -11.2222148834902 -11.915734806151272 50
      vertex -11.312616702564096 -11.687383297435904 50
    endloop
  endfacet
  facet normal 0 0 1
    outer loop
      vertex -11.72033944775577 -11.35277388791866 50
      vertex -11.853553390593273 -11.146446609406727 50
      vertex -11.915734806151272 -11.2222148834902 50
    endloop
  endfacet
  facet normal 0 0 1
    outer loop
      vertex -11.687383297435904 -11.312616702564096 50
      vertex -11.7777851165098 -11.084265193848728 50
      vertex -11.853553390593273 -11.146446609406727 50
    endloop
  endfacet
  facet normal 0 0 1
    outer loop
      vertex -11.687383297435904 -11.312616702564096 50
      vertex -11.64722611208134 -11.27966055224423 50
      vertex -11.7777851165098 -11.084265193848728 50
    endloop
  endfacet
  facet normal 0 0 1
    outer loop
      vertex -11.64722611208134 -11.27966055224423 50
      vertex -11.601411109804847 -11.255171923333833 50
      vertex -11.691341716182546 -11.038060233744357 50
    endloop
  endfacet
  facet normal 0 0 1
    outer loop
      vertex -11.64722611208134 -11.27966055224423 50
      vertex -11.691341716182546 -11.038060233744357 50
      vertex -11.7777851165098 -11.084265193848728 50
    endloop
  endfacet
  facet normal 0 0 1
    outer loop
      vertex -11.601411109804847 -11.255171923333833 50
      vertex -11.597545161008064 -11.009607359798384 50
      vertex -11.691341716182546 -11.038060233744357 50
    endloop
  endfacet
  facet normal 0 0 1
    outer loop
      vertex -11.601411109804847 -11.255171923333833 50
      vertex -11.551698935450556 -11.24009190010855 50
      vertex -11.597545161008064 -11.009607359798384 50
    endloop
  endfacet
  facet normal 0 0 1
    outer loop
      vertex -11.551698935450556 -11.24009190010855 50
      vertex -11.5 -11 50
      vertex -11.597545161008064 -11.009607359798384 50
    endloop
  endfacet
  facet normal 0 0 1
    outer loop
      vertex -11.551698935450556 -11.24009190010855 50
      vertex -11.5 -11.234999999403954 50
      vertex -11.5 -11 50
    endloop
  endfacet
  facet normal 0 0 1
    outer loop
      vertex -11.5 -11.234999999403954 50
      vertex -11.448301064549444 -11.24009190010855 50
      vertex -11.402454838991936 -11.009607359798384 50
    endloop
  endfacet
  facet normal 0 0 1
    outer loop
      vertex -11.5 -11.234999999403954 50
      vertex -11.402454838991936 -11.009607359798384 50
      vertex -11.5 -11 50
    endloop
  endfacet
  facet normal 0 0 1
    outer loop
      vertex -11.398588890195153 -11.255171923333833 50
      vertex -11.308658283817454 -11.038060233744357 50
      vertex -11.448301064549444 -11.24009190010855 50
    endloop
  endfacet
  facet normal 0 0 1
    outer loop
      vertex -11.448301064549444 -11.24009190010855 50
      vertex -11.308658283817454 -11.038060233744357 50
      vertex -11.402454838991936 -11.009607359798384 50
    endloop
  endfacet
  facet normal 0 0 1
    outer loop
      vertex -11.398588890195153 -11.255171923333833 50
      vertex -11.35277388791866 -11.27966055224423 50
      vertex -11.2222148834902 -11.084265193848728 50
    endloop
  endfacet
  facet normal 0 0 1
    outer loop
      vertex -11.35277388791866 -11.27966055224423 50
      vertex -11.312616702564096 -11.312616702564096 50
      vertex -11.146446609406727 -11.146446609406727 50
    endloop
  endfacet
  facet normal 0 0 1
    outer loop
      vertex -11.398588890195153 -11.255171923333833 50
      vertex -11.2222148834902 -11.084265193848728 50
      vertex -11.308658283817454 -11.038060233744357 50
    endloop
  endfacet
  facet normal 0 0 1
    outer loop
      vertex -11.312616702564096 -11.687383297435904 50
      vertex -11.2222148834902 -11.915734806151272 50
      vertex -11.146446609406727 -11.853553390593273 50
    endloop
  endfacet
  facet normal 0 0 1
    outer loop
      vertex -11.312616702564096 -11.687383297435904 50
      vertex -11.146446609406727 -11.853553390593273 50
      vertex -11.27966055224423 -11.64722611208134 50
    endloop
  endfacet
  facet normal 0 0 1
    outer loop
      vertex -11.27966055224423 -11.64722611208134 50
      vertex -11.146446609406727 -11.853553390593273 50
      vertex -11.084265193848728 -11.7777851165098 50
    endloop
  endfacet
  facet normal 0 0 1
    outer loop
      vertex -11.27966055224423 -11.64722611208134 50
      vertex -11.084265193848728 -11.7777851165098 50
      vertex -11.255171923333833 -11.601411109804847 50
    endloop
  endfacet
  facet normal 0 0 1
    outer loop
      vertex -11.255171923333833 -11.601411109804847 50
      vertex -11.084265193848728 -11.7777851165098 50
      vertex -11.038060233744357 -11.691341716182546 50
    endloop
  endfacet
  facet normal 0 0 1
    outer loop
      vertex -11.255171923333833 -11.601411109804847 50
      vertex -11.038060233744357 -11.691341716182546 50
      vertex -11.24009190010855 -11.551698935450556 50
    endloop
  endfacet
  facet normal 0 0 1
    outer loop
      vertex -11.24009190010855 -11.551698935450556 50
      vertex -11.009607359798384 -11.597545161008064 50
      vertex -11.234999999403954 -11.5 50
    endloop
  endfacet
  facet normal 0 0 1
    outer loop
      vertex -11.234999999403954 -11.5 50
      vertex -11 -11.5 50
      vertex -11.24009190010855 -11.448301064549444 50
    endloop
  endfacet
  facet normal 0 0 1
    outer loop
      vertex -11.038060233744357 -11.691341716182546 50
      vertex -11.009607359798384 -11.597545161008064 50
      vertex -11.24009190010855 -11.551698935450556 50
    endloop
  endfacet
  facet normal 0 0 1
    outer loop
      vertex -11.234999999403954 -11.5 50
      vertex -11.009607359798384 -11.597545161008064 50
      vertex -11 -11.5 50
    endloop
  endfacet
  facet normal 0 0 1
    outer loop
      vertex -11.24009190010855 -11.448301064549444 50
      vertex -11 -11.5 50
      vertex -11.009607359798384 -11.402454838991936 50
    endloop
  endfacet
  facet normal 0 0 1
    outer loop
      vertex -11.255171923333833 -11.398588890195153 50
      vertex -11.24009190010855 -11.448301064549444 50
      vertex -11.009607359798384 -11.402454838991936 50
    endloop
  endfacet
  facet normal 0 0 1
    outer loop
      vertex -11.255171923333833 -11.398588890195153 50
      vertex -11.038060233744357 -11.308658283817454 50
      vertex -11.27966055224423 -11.35277388791866 50
    endloop
  endfacet
  facet normal 0 0 1
    outer loop
      vertex -11.27966055224423 -11.35277388791866 50
      vertex -11.084265193848728 -11.2222148834902 50
      vertex -11.312616702564096 -11.312616702564096 50
    endloop
  endfacet
  facet normal 0 0 1
    outer loop
      vertex -11.255171923333833 -11.398588890195153 50
      vertex -11.009607359798384 -11.402454838991936 50
      vertex -11.038060233744357 -11.308658283817454 50
    endloop
  endfacet
  facet normal 0 0 1
    outer loop
      vertex -11.27966055224423 -11.35277388791866 50
      vertex -11.038060233744357 -11.308658283817454 50
      vertex -11.084265193848728 -11.2222148834902 50
    endloop
  endfacet
  facet normal 0 0 1
    outer loop
      vertex -11.35277388791866 -11.27966055224423 50
      vertex -11.146446609406727 -11.146446609406727 50
      vertex -11.2222148834902 -11.084265193848728 50
    endloop
  endfacet
  facet normal 0 0 1
    outer loop
      vertex -11.312616702564096 -11.312616702564096 50
      vertex -11.084265193848728 -11.2222148834902 50
      vertex -11.146446609406727 -11.146446609406727 50
    endloop
  endfacet
  facet normal 0 0 -1
    outer loop
      vertex -11.915734806151272 11.2222148834902 0
      vertex -11.72033944775577 11.35277388791866 0
      vertex -11.853553390593273 11.146446609406727 0
    endloop
  endfacet
  facet normal 0 0 -1
    outer loop
      vertex -11.853553390593273 11.146446609406727 0
      vertex -11.687383297435904 11.312616702564096 0
      vertex -11.7777851165098 11.084265193848728 0
    endloop
  endfacet
  facet normal 0 0 -1
    outer loop
      vertex -11.691341716182546 11.038060233744357 0
      vertex -11.7777851165098 11.084265193848728 0
      vertex -11.64722611208134 11.27966055224423 0
    endloop
  endfacet
  facet normal 0 0 -1
    outer loop
      vertex -11.691341716182546 11.038060233744357 0
      vertex -11.601411109804847 11.255171923333833 0
      vertex -11.597545161008064 11.009607359798384 0
    endloop
  endfacet
  facet normal 0 0 -1
    outer loop
      vertex -11.7777851165098 11.084265193848728 0
      vertex -11.687383297435904 11.312616702564096 0
      vertex -11.64722611208134 11.27966055224423 0
    endloop
  endfacet
  facet normal 0 0 -1
    outer loop
      vertex -11.691341716182546 11.038060233744357 0
      vertex -11.64722611208134 11.27966055224423 0
      vertex -11.601411109804847 11.255171923333833 0
    endloop
  endfacet
  facet normal 0 0 -1
    outer loop
      vertex -11.597545161008064 11.009607359798384 0
      vertex -11.551698935450556 11.24009190010855 0
      vertex -11.5 11 0
    endloop
  endfacet
  facet normal 0 0 -1
    outer loop
      vertex -11.597545161008064 11.009607359798384 0
      vertex -11.601411109804847 11.255171923333833 0
      vertex -11.551698935450556 11.24009190010855 0
    endloop
  endfacet
  facet normal 0 0 -1
    outer loop
      vertex -11.5 11 0
      vertex -11.5 11.234999999403954 0
      vertex -11.402454838991936 11.009607359798384 0
    endloop
  endfacet
  facet normal 0 0 -1
    outer loop
      vertex -11.5 11 0
      vertex -11.551698935450556 11.24009190010855 0
      vertex -11.5 11.234999999403954 0
    endloop
  endfacet
  facet normal 0 0 -1
    outer loop
      vertex -11.5 11.234999999403954 0
      vertex -11.448301064549444 11.24009190010855 0
      vertex -11.402454838991936 11.009607359798384 0
    endloop
  endfacet
  facet normal 0 0 -1
    outer loop
      vertex -11.448301064549444 11.24009190010855 0
      vertex -11.308658283817454 11.038060233744357 0
      vertex -11.402454838991936 11.009607359798384 0
    endloop
  endfacet
  facet normal 0 0 -1
    outer loop
      vertex -11.448301064549444 11.24009190010855 0
      vertex -11.398588890195153 11.255171923333833 0
      vertex -11.308658283817454 11.038060233744357 0
    endloop
  endfacet
  facet normal 0 0 -1
    outer loop
      vertex -11.308658283817454 11.038060233744357 0
      vertex -11.398588890195153 11.255171923333833 0
      vertex -11.2222148834902 11.084265193848728 0
    endloop
  endfacet
  facet normal 0 0 -1
    outer loop
      vertex -11.398588890195153 11.255171923333833 0
      vertex -11.35277388791866 11.27966055224423 0
      vertex -11.2222148834902 11.084265193848728 0
    endloop
  endfacet
  facet normal 0 0 -1
    outer loop
      vertex -11.35277388791866 11.27966055224423 0
      vertex -11.312616702564096 11.312616702564096 0
      vertex -11.146446609406727 11.146446609406727 0
    endloop
  endfacet
  facet normal 0 0 -1
    outer loop
      vertex -11.915734806151272 11.2222148834902 0
      vertex -11.961939766255643 11.308658283817454 0
      vertex -11.744828076666167 11.398588890195153 0
    endloop
  endfacet
  facet normal 0 0 -1
    outer loop
      vertex -11.961939766255643 11.308658283817454 0
      vertex -11.990392640201616 11.402454838991936 0
      vertex -11.75990809989145 11.448301064549444 0
    endloop
  endfacet
  facet normal 0 0 -1
    outer loop
      vertex -11.961939766255643 11.308658283817454 0
      vertex -11.75990809989145 11.448301064549444 0
      vertex -11.744828076666167 11.398588890195153 0
    endloop
  endfacet
  facet normal 0 0 -1
    outer loop
      vertex -11.990392640201616 11.402454838991936 0
      vertex -12 11.5 0
      vertex -11.765000000596046 11.5 0
    endloop
  endfacet
  facet normal 0 0 -1
    outer loop
      vertex -12 11.5 0
      vertex -11.990392640201616 11.597545161008064 0
      vertex -11.75990809989145 11.551698935450556 0
    endloop
  endfacet
  facet normal 0 0 -1
    outer loop
      vertex -11.990392640201616 11.402454838991936 0
      vertex -11.765000000596046 11.5 0
      vertex -11.75990809989145 11.448301064549444 0
    endloop
  endfacet
  facet normal 0 0 -1
    outer loop
      vertex -12 11.5 0
      vertex -11.75990809989145 11.551698935450556 0
      vertex -11.765000000596046 11.5 0
    endloop
  endfacet
  facet normal 0 0 -1
    outer loop
      vertex -11.990392640201616 11.597545161008064 0
      vertex -11.744828076666167 11.601411109804847 0
      vertex -11.75990809989145 11.551698935450556 0
    endloop
  endfacet
  facet normal 0 0 -1
    outer loop
      vertex -11.915734806151272 11.2222148834902 0
      vertex -11.744828076666167 11.398588890195153 0
      vertex -11.72033944775577 11.35277388791866 0
    endloop
  endfacet
  facet normal 0 0 -1
    outer loop
      vertex -11.853553390593273 11.146446609406727 0
      vertex -11.72033944775577 11.35277388791866 0
      vertex -11.687383297435904 11.312616702564096 0
    endloop
  endfacet
  facet normal 0 0 -1
    outer loop
      vertex -11.990392640201616 11.597545161008064 0
      vertex -11.961939766255643 11.691341716182546 0
      vertex -11.744828076666167 11.601411109804847 0
    endloop
  endfacet
  facet normal 0 0 -1
    outer loop
      vertex -11.961939766255643 11.691341716182546 0
      vertex -11.915734806151272 11.7777851165098 0
      vertex -11.72033944775577 11.64722611208134 0
    endloop
  endfacet
  facet normal 0 0 -1
    outer loop
      vertex -11.915734806151272 11.7777851165098 0
      vertex -11.853553390593273 11.853553390593273 0
      vertex -11.687383297435904 11.687383297435904 0
    endloop
  endfacet
  facet normal 0 0 -1
    outer loop
      vertex -11.744828076666167 11.601411109804847 0
      vertex -11.961939766255643 11.691341716182546 0
      vertex -11.72033944775577 11.64722611208134 0
    endloop
  endfacet
  facet normal 0 0 -1
    outer loop
      vertex -11.915734806151272 11.7777851165098 0
      vertex -11.687383297435904 11.687383297435904 0
      vertex -11.72033944775577 11.64722611208134 0
    endloop
  endfacet
  facet normal 0 0 -1
    outer loop
      vertex -11.853553390593273 11.853553390593273 0
      vertex -11.64722611208134 11.72033944775577 0
      vertex -11.687383297435904 11.687383297435904 0
    endloop
  endfacet
  facet normal 0 0 -1
    outer loop
      vertex -11.64722611208134 11.72033944775577 0
      vertex -11.7777851165098 11.915734806151272 0
      vertex -11.601411109804847 11.744828076666167 0
    endloop
  endfacet
  facet normal 0 0 -1
    outer loop
      vertex -11.853553390593273 11.853553390593273 0
      vertex -11.7777851165098 11.915734806151272 0
      vertex -11.64722611208134 11.72033944775577 0
    endloop
  endfacet
  facet normal 0 0 -1
    outer loop
      vertex -11.7777851165098 11.915734806151272 0
      vertex -11.691341716182546 11.961939766255643 0
      vertex -11.601411109804847 11.744828076666167 0
    endloop
  endfacet
  facet normal 0 0 -1
    outer loop
      vertex -11.691341716182546 11.961939766255643 0
      vertex -11.551698935450556 11.75990809989145 0
      vertex -11.601411109804847 11.744828076666167 0
    endloop
  endfacet
  facet normal 0 0 -1
    outer loop
      vertex -11.691341716182546 11.961939766255643 0
      vertex -11.597545161008064 11.990392640201616 0
      vertex -11.551698935450556 11.75990809989145 0
    endloop
  endfacet
  facet normal 0 0 -1
    outer loop
      vertex -11.551698935450556 11.75990809989145 0
      vertex -11.597545161008064 11.990392640201616 0
      vertex -11.5 11.765000000596046 0
    endloop
  endfacet
  facet normal 0 0 -1
    outer loop
      vertex -11.5 11.765000000596046 0
      vertex -11.597545161008064 11.990392640201616 0
      vertex -11.5 12 0
    endloop
  endfacet
  facet normal 0 0 -1
    outer loop
      vertex -11.5 11.765000000596046 0
      vertex -11.5 12 0
      vertex -11.448301064549444 11.75990809989145 0
    endloop
  endfacet
  facet normal 0 0 -1
    outer loop
      vertex -11.448301064549444 11.75990809989145 0
      vertex -11.5 12 0
      vertex -11.402454838991936 11.990392640201616 0
    endloop
  endfacet
  facet normal 0 0 -1
    outer loop
      vertex -11.398588890195153 11.744828076666167 0
      vertex -11.308658283817454 11.961939766255643 0
      vertex -11.35277388791866 11.72033944775577 0
    endloop
  endfacet
  facet normal 0 0 -1
    outer loop
      vertex -11.35277388791866 11.72033944775577 0
      vertex -11.2222148834902 11.915734806151272 0
      vertex -11.312616702564096 11.687383297435904 0
    endloop
  endfacet
  facet normal 0 0 -1
    outer loop
      vertex -11.448301064549444 11.75990809989145 0
      vertex -11.402454838991936 11.990392640201616 0
      vertex -11.398588890195153 11.744828076666167 0
    endloop
  endfacet
  facet normal 0 0 -1
    outer loop
      vertex -11.398588890195153 11.744828076666167 0
      vertex -11.402454838991936 11.990392640201616 0
      vertex -11.308658283817454 11.961939766255643 0
    endloop
  endfacet
  facet normal 0 0 -1
    outer loop
      vertex -11.35277388791866 11.72033944775577 0
      vertex -11.308658283817454 11.961939766255643 0
      vertex -11.2222148834902 11.915734806151272 0
    endloop
  endfacet
  facet normal 0 0 -1
    outer loop
      vertex -11.35277388791866 11.27966055224423 0
      vertex -11.146446609406727 11.146446609406727 0
      vertex -11.2222148834902 11.084265193848728 0
    endloop
  endfacet
  facet normal 0 0 -1
    outer loop
      vertex -11.312616702564096 11.312616702564096 0
      vertex -11.084265193848728 11.2222148834902 0
      vertex -11.146446609406727 11.146446609406727 0
    endloop
  endfacet
  facet normal 0 0 -1
    outer loop
      vertex -11.312616702564096 11.312616702564096 0
      vertex -11.27966055224423 11.35277388791866 0
      vertex -11.084265193848728 11.2222148834902 0
    endloop
  endfacet
  facet normal 0 0 -1
    outer loop
      vertex -11.27966055224423 11.35277388791866 0
      vertex -11.255171923333833 11.398588890195153 0
      vertex -11.038060233744357 11.308658283817454 0
    endloop
  endfacet
  facet normal 0 0 -1
    outer loop
      vertex -11.255171923333833 11.398588890195153 0
      vertex -11.24009190010855 11.448301064549444 0
      vertex -11.009607359798384 11.402454838991936 0
    endloop
  endfacet
  facet normal 0 0 -1
    outer loop
      vertex -11.27966055224423 11.35277388791866 0
      vertex -11.038060233744357 11.308658283817454 0
      vertex -11.084265193848728 11.2222148834902 0
    endloop
  endfacet
  facet normal 0 0 -1
    outer loop
      vertex -11.255171923333833 11.398588890195153 0
      vertex -11.009607359798384 11.402454838991936 0
      vertex -11.038060233744357 11.308658283817454 0
    endloop
  endfacet
  facet normal 0 0 -1
    outer loop
      vertex -11.24009190010855 11.448301064549444 0
      vertex -11.234999999403954 11.5 0
      vertex -11 11.5 0
    endloop
  endfacet
  facet normal 0 0 -1
    outer loop
      vertex -11.234999999403954 11.5 0
      vertex -11.24009190010855 11.551698935450556 0
      vertex -11.009607359798384 11.597545161008064 0
    endloop
  endfacet
  facet normal 0 0 -1
    outer loop
      vertex -11.255171923333833 11.601411109804847 0
      vertex -11.038060233744357 11.691341716182546 0
      vertex -11.24009190010855 11.551698935450556 0
    endloop
  endfacet
  facet normal 0 0 -1
    outer loop
      vertex -11.24009190010855 11.448301064549444 0
      vertex -11 11.5 0
      vertex -11.009607359798384 11.402454838991936 0
    endloop
  endfacet
  facet normal 0 0 -1
    outer loop
      vertex -11.234999999403954 11.5 0
      vertex -11.009607359798384 11.597545161008064 0
      vertex -11 11.5 0
    endloop
  endfacet
  facet normal 0 0 -1
    outer loop
      vertex -11.24009190010855 11.551698935450556 0
      vertex -11.038060233744357 11.691341716182546 0
      vertex -11.009607359798384 11.597545161008064 0
    endloop
  endfacet
  facet normal 0 0 -1
    outer loop
      vertex -11.255171923333833 11.601411109804847 0
      vertex -11.27966055224423 11.64722611208134 0
      vertex -11.084265193848728 11.7777851165098 0
    endloop
  endfacet
  facet normal 0 0 -1
    outer loop
      vertex -11.312616702564096 11.687383297435904 0
      vertex -11.146446609406727 11.853553390593273 0
      vertex -11.27966055224423 11.64722611208134 0
    endloop
  endfacet
  facet normal 0 0 -1
    outer loop
      vertex -11.27966055224423 11.64722611208134 0
      vertex -11.146446609406727 11.853553390593273 0
      vertex -11.084265193848728 11.7777851165098 0
    endloop
  endfacet
  facet normal 0 0 -1
    outer loop
      vertex -11.255171923333833 11.601411109804847 0
      vertex -11.084265193848728 11.7777851165098 0
      vertex -11.038060233744357 11.691341716182546 0
    endloop
  endfacet
  facet normal 0 0 -1
    outer loop
      vertex -11.312616702564096 11.687383297435904 0
      vertex -11.2222148834902 11.915734806151272 0
      vertex -11.146446609406727 11.853553390593273 0
    endloop
  endfacet
  facet normal -0.7730104533627334 -0.6343932841636499 0
    outer loop
      vertex -11.915734806151272 11.2222148834902 0
      vertex -11.853553390593273 11.146446609406727 0
      vertex -11.853553390593273 11.146446609406727 50
    endloop
  endfacet
  facet normal -0.4713967368260017 -0.8819212643483529 0
    outer loop
      vertex -11.691341716182546 11.038060233744357 0
      vertex -11.691341716182546 11.038060233744357 50
      vertex -11.7777851165098 11.084265193848728 0
    endloop
  endfacet
  facet normal -0.29028467725447105 -0.9569403357322062 0
    outer loop
      vertex -11.691341716182546 11.038060233744357 0
      vertex -11.597545161008064 11.009607359798384 0
      vertex -11.597545161008064 11.009607359798384 50
    endloop
  endfacet
  facet normal -0.6343932841636499 -0.7730104533627334 0
    outer loop
      vertex -11.853553390593273 11.146446609406727 0
      vertex -11.7777851165098 11.084265193848728 0
      vertex -11.7777851165098 11.084265193848728 50
    endloop
  endfacet
  facet normal -0.09801714032955187 -0.9951847266721978 0
    outer loop
      vertex -11.597545161008064 11.009607359798384 0
      vertex -11.5 11 0
      vertex -11.5 11 50
    endloop
  endfacet
  facet normal 0.09801714032955187 -0.9951847266721978 0
    outer loop
      vertex -11.5 11 0
      vertex -11.402454838991936 11.009607359798384 0
      vertex -11.402454838991936 11.009607359798384 50
    endloop
  endfacet
  facet normal 0.29028467725447105 -0.9569403357322062 0
    outer loop
      vertex -11.402454838991936 11.009607359798384 0
      vertex -11.308658283817454 11.038060233744357 0
      vertex -11.308658283817454 11.038060233744357 50
    endloop
  endfacet
  facet normal 0.4713967368260017 -0.8819212643483529 0
    outer loop
      vertex -11.308658283817454 11.038060233744357 0
      vertex -11.2222148834902 11.084265193848728 0
      vertex -11.2222148834902 11.084265193848728 50
    endloop
  endfacet
  facet normal -0.9569403357322062 -0.29028467725447105 0
    outer loop
      vertex -11.961939766255643 11.308658283817454 0
      vertex -11.961939766255643 11.308658283817454 50
      vertex -11.990392640201616 11.402454838991936 0
    endloop
  endfacet
  facet normal -0.8819212643483529 -0.4713967368260017 0
    outer loop
      vertex -11.915734806151272 11.2222148834902 0
      vertex -11.915734806151272 11.2222148834902 50
      vertex -11.961939766255643 11.308658283817454 0
    endloop
  endfacet
  facet normal -0.9951847266721978 -0.09801714032955187 0
    outer loop
      vertex -11.990392640201616 11.402454838991936 0
      vertex -11.990392640201616 11.402454838991936 50
      vertex -12 11.5 0
    endloop
  endfacet
  facet normal -0.9951847266721978 0.09801714032955187 0
    outer loop
      vertex -12 11.5 0
      vertex -12 11.5 50
      vertex -11.990392640201616 11.597545161008064 0
    endloop
  endfacet
  facet normal -0.9569403357322062 0.29028467725447105 0
    outer loop
      vertex -11.990392640201616 11.597545161008064 0
      vertex -11.990392640201616 11.597545161008064 50
      vertex -11.961939766255643 11.691341716182546 0
    endloop
  endfacet
  facet normal -0.8819212643483529 0.4713967368260017 0
    outer loop
      vertex -11.961939766255643 11.691341716182546 0
      vertex -11.961939766255643 11.691341716182546 50
      vertex -11.915734806151272 11.7777851165098 0
    endloop
  endfacet
  facet normal -0.7730104533627334 0.6343932841636499 0
    outer loop
      vertex -11.915734806151272 11.7777851165098 0
      vertex -11.915734806151272 11.7777851165098 50
      vertex -11.853553390593273 11.853553390593273 0
    endloop
  endfacet
  facet normal -0.6343932841636499 0.7730104533627334 0
    outer loop
      vertex -11.853553390593273 11.853553390593273 0
      vertex -11.853553390593273 11.853553390593273 50
      vertex -11.7777851165098 11.915734806151272 0
    endloop
  endfacet
  facet normal -0.4713967368260017 0.8819212643483529 0
    outer loop
      vertex -11.7777851165098 11.915734806151272 0
      vertex -11.7777851165098 11.915734806151272 50
      vertex -11.691341716182546 11.961939766255643 0
    endloop
  endfacet
  facet normal -0.29028467725447105 0.9569403357322062 0
    outer loop
      vertex -11.691341716182546 11.961939766255643 0
      vertex -11.691341716182546 11.961939766255643 50
      vertex -11.597545161008064 11.990392640201616 0
    endloop
  endfacet
  facet normal -0.09801714032955187 0.9951847266721978 0
    outer loop
      vertex -11.597545161008064 11.990392640201616 0
      vertex -11.597545161008064 11.990392640201616 50
      vertex -11.5 12 0
    endloop
  endfacet
  facet normal 0.09801714032955187 0.9951847266721978 0
    outer loop
      vertex -11.5 12 0
      vertex -11.5 12 50
      vertex -11.402454838991936 11.990392640201616 0
    endloop
  endfacet
  facet normal 0.29028467725447105 0.9569403357322062 0
    outer loop
      vertex -11.402454838991936 11.990392640201616 0
      vertex -11.402454838991936 11.990392640201616 50
      vertex -11.308658283817454 11.961939766255643 0
    endloop
  endfacet
  facet normal 0.4713967368260017 0.8819212643483529 0
    outer loop
      vertex -11.308658283817454 11.961939766255643 0
      vertex -11.308658283817454 11.961939766255643 50
      vertex -11.2222148834902 11.915734806151272 0
    endloop
  endfacet
  facet normal 0.6343932841636499 -0.7730104533627334 0
    outer loop
      vertex -11.2222148834902 11.084265193848728 0
      vertex -11.146446609406727 11.146446609406727 0
      vertex -11.146446609406727 11.146446609406727 50
    endloop
  endfacet
  facet normal 0.7730104533627334 -0.6343932841636499 0
    outer loop
      vertex -11.146446609406727 11.146446609406727 0
      vertex -11.084265193848728 11.2222148834902 0
      vertex -11.084265193848728 11.2222148834902 50
    endloop
  endfacet
  facet normal 0.8819212643483529 -0.4713967368260017 0
    outer loop
      vertex -11.084265193848728 11.2222148834902 0
      vertex -11.038060233744357 11.308658283817454 0
      vertex -11.038060233744357 11.308658283817454 50
    endloop
  endfacet
  facet normal 0.9569403357322062 -0.29028467725447105 0
    outer loop
      vertex -11.038060233744357 11.308658283817454 0
      vertex -11.009607359798384 11.402454838991936 0
      vertex -11.009607359798384 11.402454838991936 50
    endloop
  endfacet
  facet normal 0.9951847266721978 -0.09801714032955187 0
    outer loop
      vertex -11.009607359798384 11.402454838991936 0
      vertex -11 11.5 0
      vertex -11 11.5 50
    endloop
  endfacet
  facet normal 0.9951847266721978 0.09801714032955187 0
    outer loop
      vertex -11.009607359798384 11.597545161008064 0
      vertex -11.009607359798384 11.597545161008064 50
      vertex -11 11.5 0
    endloop
  endfacet
  facet normal 0.8819212643483529 0.4713967368260017 0
    outer loop
      vertex -11.084265193848728 11.7777851165098 0
      vertex -11.084265193848728 11.7777851165098 50
      vertex -11.038060233744357 11.691341716182546 0
    endloop
  endfacet
  facet normal 0.6343932841636499 0.7730104533627334 0
    outer loop
      vertex -11.2222148834902 11.915734806151272 0
      vertex -11.2222148834902 11.915734806151272 50
      vertex -11.146446609406727 11.853553390593273 0
    endloop
  endfacet
  facet normal 0.7730104533627334 0.6343932841636499 0
    outer loop
      vertex -11.084265193848728 11.7777851165098 0
      vertex -11.146446609406727 11.853553390593273 0
      vertex -11.146446609406727 11.853553390593273 50
    endloop
  endfacet
  facet normal 0.9569403357322062 0.29028467725447105 0
    outer loop
      vertex -11.009607359798384 11.597545161008064 0
      vertex -11.038060233744357 11.691341716182546 0
      vertex -11.038060233744357 11.691341716182546 50
    endloop
  endfacet
  facet normal -0.6343932841636499 -0.7730104533627334 0
    outer loop
      vertex -11.853553390593273 11.146446609406727 0
      vertex -11.7777851165098 11.084265193848728 50
      vertex -11.853553390593273 11.146446609406727 50
    endloop
  endfacet
  facet normal -0.7730104533627334 -0.6343932841636499 0
    outer loop
      vertex -11.915734806151272 11.2222148834902 0
      vertex -11.853553390593273 11.146446609406727 50
      vertex -11.915734806151272 11.2222148834902 50
    endloop
  endfacet
  facet normal -0.29028467725447105 -0.9569403357322062 0
    outer loop
      vertex -11.691341716182546 11.038060233744357 0
      vertex -11.597545161008064 11.009607359798384 50
      vertex -11.691341716182546 11.038060233744357 50
    endloop
  endfacet
  facet normal -0.4713967368260017 -0.8819212643483529 0
    outer loop
      vertex -11.7777851165098 11.084265193848728 0
      vertex -11.691341716182546 11.038060233744357 50
      vertex -11.7777851165098 11.084265193848728 50
    endloop
  endfacet
  facet normal -0.09801714032955187 -0.9951847266721978 0
    outer loop
      vertex -11.597545161008064 11.009607359798384 0
      vertex -11.5 11 50
      vertex -11.597545161008064 11.009607359798384 50
    endloop
  endfacet
  facet normal 0.09801714032955187 -0.9951847266721978 0
    outer loop
      vertex -11.5 11 0
      vertex -11.402454838991936 11.009607359798384 50
      vertex -11.5 11 50
    endloop
  endfacet
  facet normal 0.29028467725447105 -0.9569403357322062 0
    outer loop
      vertex -11.402454838991936 11.009607359798384 0
      vertex -11.308658283817454 11.038060233744357 50
      vertex -11.402454838991936 11.009607359798384 50
    endloop
  endfacet
  facet normal 0.4713967368260017 -0.8819212643483529 0
    outer loop
      vertex -11.308658283817454 11.038060233744357 0
      vertex -11.2222148834902 11.084265193848728 50
      vertex -11.308658283817454 11.038060233744357 50
    endloop
  endfacet
  facet normal -0.8819212643483529 -0.4713967368260017 0
    outer loop
      vertex -11.961939766255643 11.308658283817454 0
      vertex -11.915734806151272 11.2222148834902 50
      vertex -11.961939766255643 11.308658283817454 50
    endloop
  endfacet
  facet normal -0.9569403357322062 -0.29028467725447105 0
    outer loop
      vertex -11.990392640201616 11.402454838991936 0
      vertex -11.961939766255643 11.308658283817454 50
      vertex -11.990392640201616 11.402454838991936 50
    endloop
  endfacet
  facet normal -0.9951847266721978 -0.09801714032955187 0
    outer loop
      vertex -12 11.5 0
      vertex -11.990392640201616 11.402454838991936 50
      vertex -12 11.5 50
    endloop
  endfacet
  facet normal -0.9951847266721978 0.09801714032955187 0
    outer loop
      vertex -11.990392640201616 11.597545161008064 0
      vertex -12 11.5 50
      vertex -11.990392640201616 11.597545161008064 50
    endloop
  endfacet
  facet normal -0.9569403357322062 0.29028467725447105 0
    outer loop
      vertex -11.961939766255643 11.691341716182546 0
      vertex -11.990392640201616 11.597545161008064 50
      vertex -11.961939766255643 11.691341716182546 50
    endloop
  endfacet
  facet normal -0.8819212643483529 0.4713967368260017 0
    outer loop
      vertex -11.915734806151272 11.7777851165098 0
      vertex -11.961939766255643 11.691341716182546 50
      vertex -11.915734806151272 11.7777851165098 50
    endloop
  endfacet
  facet normal -0.7730104533627334 0.6343932841636499 0
    outer loop
      vertex -11.853553390593273 11.853553390593273 0
      vertex -11.915734806151272 11.7777851165098 50
      vertex -11.853553390593273 11.853553390593273 50
    endloop
  endfacet
  facet normal -0.6343932841636499 0.7730104533627334 0
    outer loop
      vertex -11.7777851165098 11.915734806151272 0
      vertex -11.853553390593273 11.853553390593273 50
      vertex -11.7777851165098 11.915734806151272 50
    endloop
  endfacet
  facet normal -0.4713967368260017 0.8819212643483529 0
    outer loop
      vertex -11.691341716182546 11.961939766255643 0
      vertex -11.7777851165098 11.915734806151272 50
      vertex -11.691341716182546 11.961939766255643 50
    endloop
  endfacet
  facet normal -0.29028467725447105 0.9569403357322062 0
    outer loop
      vertex -11.597545161008064 11.990392640201616 0
      vertex -11.691341716182546 11.961939766255643 50
      vertex -11.597545161008064 11.990392640201616 50
    endloop
  endfacet
  facet normal -0.09801714032955187 0.9951847266721978 0
    outer loop
      vertex -11.5 12 0
      vertex -11.597545161008064 11.990392640201616 50
      vertex -11.5 12 50
    endloop
  endfacet
  facet normal 0.09801714032955187 0.9951847266721978 0
    outer loop
      vertex -11.402454838991936 11.990392640201616 0
      vertex -11.5 12 50
      vertex -11.402454838991936 11.990392640201616 50
    endloop
  endfacet
  facet normal 0.29028467725447105 0.9569403357322062 0
    outer loop
      vertex -11.308658283817454 11.961939766255643 0
      vertex -11.402454838991936 11.990392640201616 50
      vertex -11.308658283817454 11.961939766255643 50
    endloop
  endfacet
  facet normal 0.4713967368260017 0.8819212643483529 0
    outer loop
      vertex -11.2222148834902 11.915734806151272 0
      vertex -11.308658283817454 11.961939766255643 50
      vertex -11.2222148834902 11.915734806151272 50
    endloop
  endfacet
  facet normal 0.6343932841636499 -0.7730104533627334 0
    outer loop
      vertex -11.2222148834902 11.084265193848728 0
      vertex -11.146446609406727 11.146446609406727 50
      vertex -11.2222148834902 11.084265193848728 50
    endloop
  endfacet
  facet normal 0.7730104533627334 -0.6343932841636499 0
    outer loop
      vertex -11.146446609406727 11.146446609406727 0
      vertex -11.084265193848728 11.2222148834902 50
      vertex -11.146446609406727 11.146446609406727 50
    endloop
  endfacet
  facet normal 0.8819212643483529 -0.4713967368260017 0
    outer loop
      vertex -11.084265193848728 11.2222148834902 0
      vertex -11.038060233744357 11.308658283817454 50
      vertex -11.084265193848728 11.2222148834902 50
    endloop
  endfacet
  facet normal 0.9569403357322062 -0.29028467725447105 0
    outer loop
      vertex -11.038060233744357 11.308658283817454 0
      vertex -11.009607359798384 11.402454838991936 50
      vertex -11.038060233744357 11.308658283817454 50
    endloop
  endfacet
  facet normal 0.9951847266721978 -0.09801714032955187 0
    outer loop
      vertex -11.009607359798384 11.402454838991936 0
      vertex -11 11.5 50
      vertex -11.009607359798384 11.402454838991936 50
    endloop
  endfacet
  facet normal 0.9951847266721978 0.09801714032955187 0
    outer loop
      vertex -11.009607359798384 11.597545161008064 50
      vertex -11 11.5 50
      vertex -11 11.5 0
    endloop
  endfacet
  facet normal 0.7730104533627334 0.6343932841636499 0
    outer loop
      vertex -11.084265193848728 11.7777851165098 0
      vertex -11.146446609406727 11.853553390593273 50
      vertex -11.084265193848728 11.7777851165098 50
    endloop
  endfacet
  facet normal 0.6343932841636499 0.7730104533627334 0
    outer loop
      vertex -11.146446609406727 11.853553390593273 0
      vertex -11.2222148834902 11.915734806151272 50
      vertex -11.146446609406727 11.853553390593273 50
    endloop
  endfacet
  facet normal 0.9569403357322062 0.29028467725447105 0
    outer loop
      vertex -11.009607359798384 11.597545161008064 0
      vertex -11.038060233744357 11.691341716182546 50
      vertex -11.009607359798384 11.597545161008064 50
    endloop
  endfacet
  facet normal 0.8819212643483529 0.4713967368260017 0
    outer loop
      vertex -11.038060233744357 11.691341716182546 0
      vertex -11.084265193848728 11.7777851165098 50
      vertex -11.038060233744357 11.691341716182546 50
    endloop
  endfacet
  facet normal 0 0 1
    outer loop
      vertex -11.915734806151272 11.2222148834902 50
      vertex -11.853553390593273 11.146446609406727 50
      vertex -11.687383297435904 11.312616702564096 50
    endloop
  endfacet
  facet normal 0 0 1
    outer loop
      vertex -11.853553390593273 11.146446609406727 50
      vertex -11.7777851165098 11.084265193848728 50
      vertex -11.64722611208134 11.27966055224423 50
    endloop
  endfacet
  facet normal 0 0 1
    outer loop
      vertex -11.853553390593273 11.146446609406727 50
      vertex -11.64722611208134 11.27966055224423 50
      vertex -11.687383297435904 11.312616702564096 50
    endloop
  endfacet
  facet normal 0 0 1
    outer loop
      vertex -11.691341716182546 11.038060233744357 50
      vertex -11.601411109804847 11.255171923333833 50
      vertex -11.7777851165098 11.084265193848728 50
    endloop
  endfacet
  facet normal 0 0 1
    outer loop
      vertex -11.7777851165098 11.084265193848728 50
      vertex -11.601411109804847 11.255171923333833 50
      vertex -11.64722611208134 11.27966055224423 50
    endloop
  endfacet
  facet normal 0 0 1
    outer loop
      vertex -11.691341716182546 11.038060233744357 50
      vertex -11.597545161008064 11.009607359798384 50
      vertex -11.551698935450556 11.24009190010855 50
    endloop
  endfacet
  facet normal 0 0 1
    outer loop
      vertex -11.597545161008064 11.009607359798384 50
      vertex -11.5 11 50
      vertex -11.5 11.234999999403954 50
    endloop
  endfacet
  facet normal 0 0 1
    outer loop
      vertex -11.691341716182546 11.038060233744357 50
      vertex -11.551698935450556 11.24009190010855 50
      vertex -11.601411109804847 11.255171923333833 50
    endloop
  endfacet
  facet normal 0 0 1
    outer loop
      vertex -11.597545161008064 11.009607359798384 50
      vertex -11.5 11.234999999403954 50
      vertex -11.551698935450556 11.24009190010855 50
    endloop
  endfacet
  facet normal 0 0 1
    outer loop
      vertex -11.5 11 50
      vertex -11.402454838991936 11.009607359798384 50
      vertex -11.448301064549444 11.24009190010855 50
    endloop
  endfacet
  facet normal 0 0 1
    outer loop
      vertex -11.5 11 50
      vertex -11.448301064549444 11.24009190010855 50
      vertex -11.5 11.234999999403954 50
    endloop
  endfacet
  facet normal 0 0 1
    outer loop
      vertex -11.402454838991936 11.009607359798384 50
      vertex -11.308658283817454 11.038060233744357 50
      vertex -11.398588890195153 11.255171923333833 50
    endloop
  endfacet
  facet normal 0 0 1
    outer loop
      vertex -11.448301064549444 11.24009190010855 50
      vertex -11.402454838991936 11.009607359798384 50
      vertex -11.398588890195153 11.255171923333833 50
    endloop
  endfacet
  facet normal 0 0 1
    outer loop
      vertex -11.308658283817454 11.038060233744357 50
      vertex -11.35277388791866 11.27966055224423 50
      vertex -11.398588890195153 11.255171923333833 50
    endloop
  endfacet
  facet normal 0 0 1
    outer loop
      vertex -11.308658283817454 11.038060233744357 50
      vertex -11.2222148834902 11.084265193848728 50
      vertex -11.35277388791866 11.27966055224423 50
    endloop
  endfacet
  facet normal 0 0 1
    outer loop
      vertex -11.35277388791866 11.27966055224423 50
      vertex -11.2222148834902 11.084265193848728 50
      vertex -11.312616702564096 11.312616702564096 50
    endloop
  endfacet
  facet normal 0 0 1
    outer loop
      vertex -11.915734806151272 11.2222148834902 50
      vertex -11.72033944775577 11.35277388791866 50
      vertex -11.961939766255643 11.308658283817454 50
    endloop
  endfacet
  facet normal 0 0 1
    outer loop
      vertex -11.961939766255643 11.308658283817454 50
      vertex -11.744828076666167 11.398588890195153 50
      vertex -11.990392640201616 11.402454838991936 50
    endloop
  endfacet
  facet normal 0 0 1
    outer loop
      vertex -11.990392640201616 11.402454838991936 50
      vertex -11.744828076666167 11.398588890195153 50
      vertex -11.75990809989145 11.448301064549444 50
    endloop
  endfacet
  facet normal 0 0 1
    outer loop
      vertex -11.990392640201616 11.402454838991936 50
      vertex -11.75990809989145 11.448301064549444 50
      vertex -12 11.5 50
    endloop
  endfacet
  facet normal 0 0 1
    outer loop
      vertex -12 11.5 50
      vertex -11.765000000596046 11.5 50
      vertex -11.990392640201616 11.597545161008064 50
    endloop
  endfacet
  facet normal 0 0 1
    outer loop
      vertex -12 11.5 50
      vertex -11.75990809989145 11.448301064549444 50
      vertex -11.765000000596046 11.5 50
    endloop
  endfacet
  facet normal 0 0 1
    outer loop
      vertex -11.990392640201616 11.597545161008064 50
      vertex -11.75990809989145 11.551698935450556 50
      vertex -11.961939766255643 11.691341716182546 50
    endloop
  endfacet
  facet normal 0 0 1
    outer loop
      vertex -11.990392640201616 11.597545161008064 50
      vertex -11.765000000596046 11.5 50
      vertex -11.75990809989145 11.551698935450556 50
    endloop
  endfacet
  facet normal 0 0 1
    outer loop
      vertex -11.75990809989145 11.551698935450556 50
      vertex -11.744828076666167 11.601411109804847 50
      vertex -11.961939766255643 11.691341716182546 50
    endloop
  endfacet
  facet normal 0 0 1
    outer loop
      vertex -11.915734806151272 11.2222148834902 50
      vertex -11.687383297435904 11.312616702564096 50
      vertex -11.72033944775577 11.35277388791866 50
    endloop
  endfacet
  facet normal 0 0 1
    outer loop
      vertex -11.961939766255643 11.308658283817454 50
      vertex -11.72033944775577 11.35277388791866 50
      vertex -11.744828076666167 11.398588890195153 50
    endloop
  endfacet
  facet normal 0 0 1
    outer loop
      vertex -11.744828076666167 11.601411109804847 50
      vertex -11.915734806151272 11.7777851165098 50
      vertex -11.961939766255643 11.691341716182546 50
    endloop
  endfacet
  facet normal 0 0 1
    outer loop
      vertex -11.915734806151272 11.7777851165098 50
      vertex -11.72033944775577 11.64722611208134 50
      vertex -11.853553390593273 11.853553390593273 50
    endloop
  endfacet
  facet normal 0 0 1
    outer loop
      vertex -11.744828076666167 11.601411109804847 50
      vertex -11.72033944775577 11.64722611208134 50
      vertex -11.915734806151272 11.7777851165098 50
    endloop
  endfacet
  facet normal 0 0 1
    outer loop
      vertex -11.853553390593273 11.853553390593273 50
      vertex -11.72033944775577 11.64722611208134 50
      vertex -11.687383297435904 11.687383297435904 50
    endloop
  endfacet
  facet normal 0 0 1
    outer loop
      vertex -11.687383297435904 11.687383297435904 50
      vertex -11.64722611208134 11.72033944775577 50
      vertex -11.7777851165098 11.915734806151272 50
    endloop
  endfacet
  facet normal 0 0 1
    outer loop
      vertex -11.64722611208134 11.72033944775577 50
      vertex -11.601411109804847 11.744828076666167 50
      vertex -11.691341716182546 11.961939766255643 50
    endloop
  endfacet
  facet normal 0 0 1
    outer loop
      vertex -11.853553390593273 11.853553390593273 50
      vertex -11.687383297435904 11.687383297435904 50
      vertex -11.7777851165098 11.915734806151272 50
    endloop
  endfacet
  facet normal 0 0 1
    outer loop
      vertex -11.64722611208134 11.72033944775577 50
      vertex -11.691341716182546 11.961939766255643 50
      vertex -11.7777851165098 11.915734806151272 50
    endloop
  endfacet
  facet normal 0 0 1
    outer loop
      vertex -11.691341716182546 11.961939766255643 50
      vertex -11.601411109804847 11.744828076666167 50
      vertex -11.597545161008064 11.990392640201616 50
    endloop
  endfacet
  facet normal 0 0 1
    outer loop
      vertex -11.601411109804847 11.744828076666167 50
      vertex -11.551698935450556 11.75990809989145 50
      vertex -11.597545161008064 11.990392640201616 50
    endloop
  endfacet
  facet normal 0 0 1
    outer loop
      vertex -11.551698935450556 11.75990809989145 50
      vertex -11.5 12 50
      vertex -11.597545161008064 11.990392640201616 50
    endloop
  endfacet
  facet normal 0 0 1
    outer loop
      vertex -11.551698935450556 11.75990809989145 50
      vertex -11.5 11.765000000596046 50
      vertex -11.5 12 50
    endloop
  endfacet
  facet normal 0 0 1
    outer loop
      vertex -11.5 11.765000000596046 50
      vertex -11.448301064549444 11.75990809989145 50
      vertex -11.402454838991936 11.990392640201616 50
    endloop
  endfacet
  facet normal 0 0 1
    outer loop
      vertex -11.5 11.765000000596046 50
      vertex -11.402454838991936 11.990392640201616 50
      vertex -11.5 12 50
    endloop
  endfacet
  facet normal 0 0 1
    outer loop
      vertex -11.398588890195153 11.744828076666167 50
      vertex -11.35277388791866 11.72033944775577 50
      vertex -11.2222148834902 11.915734806151272 50
    endloop
  endfacet
  facet normal 0 0 1
    outer loop
      vertex -11.35277388791866 11.72033944775577 50
      vertex -11.312616702564096 11.687383297435904 50
      vertex -11.146446609406727 11.853553390593273 50
    endloop
  endfacet
  facet normal 0 0 1
    outer loop
      vertex -11.448301064549444 11.75990809989145 50
      vertex -11.398588890195153 11.744828076666167 50
      vertex -11.308658283817454 11.961939766255643 50
    endloop
  endfacet
  facet normal 0 0 1
    outer loop
      vertex -11.448301064549444 11.75990809989145 50
      vertex -11.308658283817454 11.961939766255643 50
      vertex -11.402454838991936 11.990392640201616 50
    endloop
  endfacet
  facet normal 0 0 1
    outer loop
      vertex -11.398588890195153 11.744828076666167 50
      vertex -11.2222148834902 11.915734806151272 50
      vertex -11.308658283817454 11.961939766255643 50
    endloop
  endfacet
  facet normal 0 0 1
    outer loop
      vertex -11.312616702564096 11.312616702564096 50
      vertex -11.2222148834902 11.084265193848728 50
      vertex -11.146446609406727 11.146446609406727 50
    endloop
  endfacet
  facet normal 0 0 1
    outer loop
      vertex -11.27966055224423 11.35277388791866 50
      vertex -11.146446609406727 11.146446609406727 50
      vertex -11.084265193848728 11.2222148834902 50
    endloop
  endfacet
  facet normal 0 0 1
    outer loop
      vertex -11.312616702564096 11.312616702564096 50
      vertex -11.146446609406727 11.146446609406727 50
      vertex -11.27966055224423 11.35277388791866 50
    endloop
  endfacet
  facet normal 0 0 1
    outer loop
      vertex -11.27966055224423 11.35277388791866 50
      vertex -11.084265193848728 11.2222148834902 50
      vertex -11.255171923333833 11.398588890195153 50
    endloop
  endfacet
  facet normal 0 0 1
    outer loop
      vertex -11.255171923333833 11.398588890195153 50
      vertex -11.038060233744357 11.308658283817454 50
      vertex -11.24009190010855 11.448301064549444 50
    endloop
  endfacet
  facet normal 0 0 1
    outer loop
      vertex -11.255171923333833 11.398588890195153 50
      vertex -11.084265193848728 11.2222148834902 50
      vertex -11.038060233744357 11.308658283817454 50
    endloop
  endfacet
  facet normal 0 0 1
    outer loop
      vertex -11.24009190010855 11.448301064549444 50
      vertex -11.038060233744357 11.308658283817454 50
      vertex -11.009607359798384 11.402454838991936 50
    endloop
  endfacet
  facet normal 0 0 1
    outer loop
      vertex -11.24009190010855 11.448301064549444 50
      vertex -11.009607359798384 11.402454838991936 50
      vertex -11.234999999403954 11.5 50
    endloop
  endfacet
  facet normal 0 0 1
    outer loop
      vertex -11.234999999403954 11.5 50
      vertex -11 11.5 50
      vertex -11.24009190010855 11.551698935450556 50
    endloop
  endfacet
  facet normal 0 0 1
    outer loop
      vertex -11.255171923333833 11.601411109804847 50
      vertex -11.24009190010855 11.551698935450556 50
      vertex -11.009607359798384 11.597545161008064 50
    endloop
  endfacet
  facet normal 0 0 1
    outer loop
      vertex -11.234999999403954 11.5 50
      vertex -11.009607359798384 11.402454838991936 50
      vertex -11 11.5 50
    endloop
  endfacet
  facet normal 0 0 1
    outer loop
      vertex -11.24009190010855 11.551698935450556 50
      vertex -11 11.5 50
      vertex -11.009607359798384 11.597545161008064 50
    endloop
  endfacet
  facet normal 0 0 1
    outer loop
      vertex -11.312616702564096 11.687383297435904 50
      vertex -11.27966055224423 11.64722611208134 50
      vertex -11.084265193848728 11.7777851165098 50
    endloop
  endfacet
  facet normal 0 0 1
    outer loop
      vertex -11.255171923333833 11.601411109804847 50
      vertex -11.038060233744357 11.691341716182546 50
      vertex -11.27966055224423 11.64722611208134 50
    endloop
  endfacet
  facet normal 0 0 1
    outer loop
      vertex -11.312616702564096 11.687383297435904 50
      vertex -11.084265193848728 11.7777851165098 50
      vertex -11.146446609406727 11.853553390593273 50
    endloop
  endfacet
  facet normal 0 0 1
    outer loop
      vertex -11.27966055224423 11.64722611208134 50
      vertex -11.038060233744357 11.691341716182546 50
      vertex -11.084265193848728 11.7777851165098 50
    endloop
  endfacet
  facet normal 0 0 1
    outer loop
      vertex -11.255171923333833 11.601411109804847 50
      vertex -11.009607359798384 11.597545161008064 50
      vertex -11.038060233744357 11.691341716182546 50
    endloop
  endfacet
  facet normal 0 0 1
    outer loop
      vertex -11.35277388791866 11.72033944775577 50
      vertex -11.146446609406727 11.853553390593273 50
      vertex -11.2222148834902 11.915734806151272 50
    endloop
  endfacet
  facet normal 0 0 -1
    outer loop
      vertex 11.146446609406727 -11.853553390593273 0
      vertex 11.312616702564096 -11.687383297435904 0
      vertex 11.2222148834902 -11.915734806151272 0
    endloop
  endfacet
  facet normal 0 0 -1
    outer loop
      vertex 11.038060233744357 -11.691341716182546 0
      vertex 11.255171923333833 -11.601411109804847 0
      vertex 11.084265193848728 -11.7777851165098 0
    endloop
  endfacet
  facet normal 0 0 -1
    outer loop
      vertex 11.146446609406727 -11.853553390593273 0
      vertex 11.084265193848728 -11.7777851165098 0
      vertex 11.27966055224423 -11.64722611208134 0
    endloop
  endfacet
  facet normal 0 0 -1
    outer loop
      vertex 11.146446609406727 -11.853553390593273 0
      vertex 11.27966055224423 -11.64722611208134 0
      vertex 11.312616702564096 -11.687383297435904 0
    endloop
  endfacet
  facet normal 0 0 -1
    outer loop
      vertex 11.084265193848728 -11.7777851165098 0
      vertex 11.255171923333833 -11.601411109804847 0
      vertex 11.27966055224423 -11.64722611208134 0
    endloop
  endfacet
  facet normal 0 0 -1
    outer loop
      vertex 11.038060233744357 -11.691341716182546 0
      vertex 11.009607359798384 -11.597545161008064 0
      vertex 11.24009190010855 -11.551698935450556 0
    endloop
  endfacet
  facet normal 0 0 -1
    outer loop
      vertex 11.009607359798384 -11.597545161008064 0
      vertex 11 -11.5 0
      vertex 11.234999999403954 -11.5 0
    endloop
  endfacet
  facet normal 0 0 -1
    outer loop
      vertex 11.009607359798384 -11.402454838991936 0
      vertex 11.24009190010855 -11.448301064549444 0
      vertex 11 -11.5 0
    endloop
  endfacet
  facet normal 0 0 -1
    outer loop
      vertex 11.038060233744357 -11.691341716182546 0
      vertex 11.24009190010855 -11.551698935450556 0
      vertex 11.255171923333833 -11.601411109804847 0
    endloop
  endfacet
  facet normal 0 0 -1
    outer loop
      vertex 11.009607359798384 -11.597545161008064 0
      vertex 11.234999999403954 -11.5 0
      vertex 11.24009190010855 -11.551698935450556 0
    endloop
  endfacet
  facet normal 0 0 -1
    outer loop
      vertex 11.234999999403954 -11.5 0
      vertex 11 -11.5 0
      vertex 11.24009190010855 -11.448301064549444 0
    endloop
  endfacet
  facet normal 0 0 -1
    outer loop
      vertex 11.009607359798384 -11.402454838991936 0
      vertex 11.038060233744357 -11.308658283817454 0
      vertex 11.255171923333833 -11.398588890195153 0
    endloop
  endfacet
  facet normal 0 0 -1
    outer loop
      vertex 11.038060233744357 -11.308658283817454 0
      vertex 11.084265193848728 -11.2222148834902 0
      vertex 11.27966055224423 -11.35277388791866 0
    endloop
  endfacet
  facet normal 0 0 -1
    outer loop
      vertex 11.009607359798384 -11.402454838991936 0
      vertex 11.255171923333833 -11.398588890195153 0
      vertex 11.24009190010855 -11.448301064549444 0
    endloop
  endfacet
  facet normal 0 0 -1
    outer loop
      vertex 11.038060233744357 -11.308658283817454 0
      vertex 11.27966055224423 -11.35277388791866 0
      vertex 11.255171923333833 -11.398588890195153 0
    endloop
  endfacet
  facet normal 0 0 -1
    outer loop
      vertex 11.084265193848728 -11.2222148834902 0
      vertex 11.312616702564096 -11.312616702564096 0
      vertex 11.27966055224423 -11.35277388791866 0
    endloop
  endfacet
  facet normal 0 0 -1
    outer loop
      vertex 11.084265193848728 -11.2222148834902 0
      vertex 11.146446609406727 -11.146446609406727 0
      vertex 11.312616702564096 -11.312616702564096 0
    endloop
  endfacet
  facet normal 0 0 -1
    outer loop
      vertex 11.146446609406727 -11.146446609406727 0
      vertex 11.2222148834902 -11.084265193848728 0
      vertex 11.35277388791866 -11.27966055224423 0
    endloop
  endfacet
  facet normal 0 0 -1
    outer loop
      vertex 11.2222148834902 -11.915734806151272 0
      vertex 11.35277388791866 -11.72033944775577 0
      vertex 11.308658283817454 -11.961939766255643 0
    endloop
  endfacet
  facet normal 0 0 -1
    outer loop
      vertex 11.308658283817454 -11.961939766255643 0
      vertex 11.398588890195153 -11.744828076666167 0
      vertex 11.402454838991936 -11.990392640201616 0
    endloop
  endfacet
  facet normal 0 0 -1
    outer loop
      vertex 11.402454838991936 -11.990392640201616 0
      vertex 11.398588890195153 -11.744828076666167 0
      vertex 11.448301064549444 -11.75990809989145 0
    endloop
  endfacet
  facet normal 0 0 -1
    outer loop
      vertex 11.2222148834902 -11.915734806151272 0
      vertex 11.312616702564096 -11.687383297435904 0
      vertex 11.35277388791866 -11.72033944775577 0
    endloop
  endfacet
  facet normal 0 0 -1
    outer loop
      vertex 11.308658283817454 -11.961939766255643 0
      vertex 11.35277388791866 -11.72033944775577 0
      vertex 11.398588890195153 -11.744828076666167 0
    endloop
  endfacet
  facet normal 0 0 -1
    outer loop
      vertex 11.402454838991936 -11.990392640201616 0
      vertex 11.448301064549444 -11.75990809989145 0
      vertex 11.5 -12 0
    endloop
  endfacet
  facet normal 0 0 -1
    outer loop
      vertex 11.5 -12 0
      vertex 11.448301064549444 -11.75990809989145 0
      vertex 11.5 -11.765000000596046 0
    endloop
  endfacet
  facet normal 0 0 -1
    outer loop
      vertex 11.5 -12 0
      vertex 11.5 -11.765000000596046 0
      vertex 11.597545161008064 -11.990392640201616 0
    endloop
  endfacet
  facet normal 0 0 -1
    outer loop
      vertex 11.597545161008064 -11.990392640201616 0
      vertex 11.5 -11.765000000596046 0
      vertex 11.551698935450556 -11.75990809989145 0
    endloop
  endfacet
  facet normal 0 0 -1
    outer loop
      vertex 11.597545161008064 -11.990392640201616 0
      vertex 11.551698935450556 -11.75990809989145 0
      vertex 11.691341716182546 -11.961939766255643 0
    endloop
  endfacet
  facet normal 0 0 -1
    outer loop
      vertex 11.551698935450556 -11.75990809989145 0
      vertex 11.601411109804847 -11.744828076666167 0
      vertex 11.691341716182546 -11.961939766255643 0
    endloop
  endfacet
  facet normal 0 0 -1
    outer loop
      vertex 11.601411109804847 -11.744828076666167 0
      vertex 11.7777851165098 -11.915734806151272 0
      vertex 11.691341716182546 -11.961939766255643 0
    endloop
  endfacet
  facet normal 0 0 -1
    outer loop
      vertex 11.7777851165098 -11.915734806151272 0
      vertex 11.64722611208134 -11.72033944775577 0
      vertex 11.853553390593273 -11.853553390593273 0
    endloop
  endfacet
  facet normal 0 0 -1
    outer loop
      vertex 11.601411109804847 -11.744828076666167 0
      vertex 11.64722611208134 -11.72033944775577 0
      vertex 11.7777851165098 -11.915734806151272 0
    endloop
  endfacet
  facet normal 0 0 -1
    outer loop
      vertex 11.64722611208134 -11.72033944775577 0
      vertex 11.687383297435904 -11.687383297435904 0
      vertex 11.853553390593273 -11.853553390593273 0
    endloop
  endfacet
  facet normal 0 0 -1
    outer loop
      vertex 11.687383297435904 -11.687383297435904 0
      vertex 11.72033944775577 -11.64722611208134 0
      vertex 11.915734806151272 -11.7777851165098 0
    endloop
  endfacet
  facet normal 0 0 -1
    outer loop
      vertex 11.72033944775577 -11.64722611208134 0
      vertex 11.744828076666167 -11.601411109804847 0
      vertex 11.961939766255643 -11.691341716182546 0
    endloop
  endfacet
  facet normal 0 0 -1
    outer loop
      vertex 11.687383297435904 -11.687383297435904 0
      vertex 11.915734806151272 -11.7777851165098 0
      vertex 11.853553390593273 -11.853553390593273 0
    endloop
  endfacet
  facet normal 0 0 -1
    outer loop
      vertex 11.72033944775577 -11.64722611208134 0
      vertex 11.961939766255643 -11.691341716182546 0
      vertex 11.915734806151272 -11.7777851165098 0
    endloop
  endfacet
  facet normal 0 0 -1
    outer loop
      vertex 11.961939766255643 -11.691341716182546 0
      vertex 11.744828076666167 -11.601411109804847 0
      vertex 11.990392640201616 -11.597545161008064 0
    endloop
  endfacet
  facet normal 0 0 -1
    outer loop
      vertex 11.687383297435904 -11.312616702564096 0
      vertex 11.853553390593273 -11.146446609406727 0
      vertex 11.72033944775577 -11.35277388791866 0
    endloop
  endfacet
  facet normal 0 0 -1
    outer loop
      vertex 11.744828076666167 -11.398588890195153 0
      vertex 11.72033944775577 -11.35277388791866 0
      vertex 11.915734806151272 -11.2222148834902 0
    endloop
  endfacet
  facet normal 0 0 -1
    outer loop
      vertex 11.744828076666167 -11.601411109804847 0
      vertex 11.75990809989145 -11.551698935450556 0
      vertex 11.990392640201616 -11.597545161008064 0
    endloop
  endfacet
  facet normal 0 0 -1
    outer loop
      vertex 11.75990809989145 -11.551698935450556 0
      vertex 11.765000000596046 -11.5 0
      vertex 12 -11.5 0
    endloop
  endfacet
  facet normal 0 0 -1
    outer loop
      vertex 11.765000000596046 -11.5 0
      vertex 11.75990809989145 -11.448301064549444 0
      vertex 11.990392640201616 -11.402454838991936 0
    endloop
  endfacet
  facet normal 0 0 -1
    outer loop
      vertex 11.75990809989145 -11.551698935450556 0
      vertex 12 -11.5 0
      vertex 11.990392640201616 -11.597545161008064 0
    endloop
  endfacet
  facet normal 0 0 -1
    outer loop
      vertex 11.765000000596046 -11.5 0
      vertex 11.990392640201616 -11.402454838991936 0
      vertex 12 -11.5 0
    endloop
  endfacet
  facet normal 0 0 -1
    outer loop
      vertex 11.75990809989145 -11.448301064549444 0
      vertex 11.744828076666167 -11.398588890195153 0
      vertex 11.961939766255643 -11.308658283817454 0
    endloop
  endfacet
  facet normal 0 0 -1
    outer loop
      vertex 11.75990809989145 -11.448301064549444 0
      vertex 11.961939766255643 -11.308658283817454 0
      vertex 11.990392640201616 -11.402454838991936 0
    endloop
  endfacet
  facet normal 0 0 -1
    outer loop
      vertex 11.744828076666167 -11.398588890195153 0
      vertex 11.915734806151272 -11.2222148834902 0
      vertex 11.961939766255643 -11.308658283817454 0
    endloop
  endfacet
  facet normal 0 0 -1
    outer loop
      vertex 11.146446609406727 -11.146446609406727 0
      vertex 11.35277388791866 -11.27966055224423 0
      vertex 11.312616702564096 -11.312616702564096 0
    endloop
  endfacet
  facet normal 0 0 -1
    outer loop
      vertex 11.2222148834902 -11.084265193848728 0
      vertex 11.398588890195153 -11.255171923333833 0
      vertex 11.35277388791866 -11.27966055224423 0
    endloop
  endfacet
  facet normal 0 0 -1
    outer loop
      vertex 11.2222148834902 -11.084265193848728 0
      vertex 11.308658283817454 -11.038060233744357 0
      vertex 11.398588890195153 -11.255171923333833 0
    endloop
  endfacet
  facet normal 0 0 -1
    outer loop
      vertex 11.398588890195153 -11.255171923333833 0
      vertex 11.308658283817454 -11.038060233744357 0
      vertex 11.448301064549444 -11.24009190010855 0
    endloop
  endfacet
  facet normal 0 0 -1
    outer loop
      vertex 11.308658283817454 -11.038060233744357 0
      vertex 11.402454838991936 -11.009607359798384 0
      vertex 11.448301064549444 -11.24009190010855 0
    endloop
  endfacet
  facet normal 0 0 -1
    outer loop
      vertex 11.402454838991936 -11.009607359798384 0
      vertex 11.5 -11.234999999403954 0
      vertex 11.448301064549444 -11.24009190010855 0
    endloop
  endfacet
  facet normal 0 0 -1
    outer loop
      vertex 11.5 -11.234999999403954 0
      vertex 11.5 -11 0
      vertex 11.551698935450556 -11.24009190010855 0
    endloop
  endfacet
  facet normal 0 0 -1
    outer loop
      vertex 11.402454838991936 -11.009607359798384 0
      vertex 11.5 -11 0
      vertex 11.5 -11.234999999403954 0
    endloop
  endfacet
  facet normal 0 0 -1
    outer loop
      vertex 11.601411109804847 -11.255171923333833 0
      vertex 11.551698935450556 -11.24009190010855 0
      vertex 11.597545161008064 -11.009607359798384 0
    endloop
  endfacet
  facet normal 0 0 -1
    outer loop
      vertex 11.551698935450556 -11.24009190010855 0
      vertex 11.5 -11 0
      vertex 11.597545161008064 -11.009607359798384 0
    endloop
  endfacet
  facet normal 0 0 -1
    outer loop
      vertex 11.601411109804847 -11.255171923333833 0
      vertex 11.691341716182546 -11.038060233744357 0
      vertex 11.64722611208134 -11.27966055224423 0
    endloop
  endfacet
  facet normal 0 0 -1
    outer loop
      vertex 11.64722611208134 -11.27966055224423 0
      vertex 11.7777851165098 -11.084265193848728 0
      vertex 11.687383297435904 -11.312616702564096 0
    endloop
  endfacet
  facet normal 0 0 -1
    outer loop
      vertex 11.601411109804847 -11.255171923333833 0
      vertex 11.597545161008064 -11.009607359798384 0
      vertex 11.691341716182546 -11.038060233744357 0
    endloop
  endfacet
  facet normal 0 0 -1
    outer loop
      vertex 11.64722611208134 -11.27966055224423 0
      vertex 11.691341716182546 -11.038060233744357 0
      vertex 11.7777851165098 -11.084265193848728 0
    endloop
  endfacet
  facet normal 0 0 -1
    outer loop
      vertex 11.687383297435904 -11.312616702564096 0
      vertex 11.7777851165098 -11.084265193848728 0
      vertex 11.853553390593273 -11.146446609406727 0
    endloop
  endfacet
  facet normal 0 0 -1
    outer loop
      vertex 11.72033944775577 -11.35277388791866 0
      vertex 11.853553390593273 -11.146446609406727 0
      vertex 11.915734806151272 -11.2222148834902 0
    endloop
  endfacet
  facet normal -0.9569403357322062 -0.29028467725447105 0
    outer loop
      vertex 11.038060233744357 -11.691341716182546 0
      vertex 11.038060233744357 -11.691341716182546 50
      vertex 11.009607359798384 -11.597545161008064 0
    endloop
  endfacet
  facet normal -0.7730104533627334 -0.6343932841636499 0
    outer loop
      vertex 11.146446609406727 -11.853553390593273 0
      vertex 11.146446609406727 -11.853553390593273 50
      vertex 11.084265193848728 -11.7777851165098 0
    endloop
  endfacet
  facet normal -0.6343932841636499 -0.7730104533627334 0
    outer loop
      vertex 11.146446609406727 -11.853553390593273 0
      vertex 11.2222148834902 -11.915734806151272 0
      vertex 11.2222148834902 -11.915734806151272 50
    endloop
  endfacet
  facet normal -0.8819212643483529 -0.4713967368260017 0
    outer loop
      vertex 11.038060233744357 -11.691341716182546 0
      vertex 11.084265193848728 -11.7777851165098 0
      vertex 11.084265193848728 -11.7777851165098 50
    endloop
  endfacet
  facet normal -0.9951847266721978 -0.09801714032955187 0
    outer loop
      vertex 11.009607359798384 -11.597545161008064 0
      vertex 11.009607359798384 -11.597545161008064 50
      vertex 11 -11.5 0
    endloop
  endfacet
  facet normal -0.9951847266721978 0.09801714032955187 0
    outer loop
      vertex 11.009607359798384 -11.402454838991936 0
      vertex 11 -11.5 0
      vertex 11 -11.5 50
    endloop
  endfacet
  facet normal -0.9569403357322062 0.29028467725447105 0
    outer loop
      vertex 11.009607359798384 -11.402454838991936 0
      vertex 11.009607359798384 -11.402454838991936 50
      vertex 11.038060233744357 -11.308658283817454 0
    endloop
  endfacet
  facet normal -0.8819212643483529 0.4713967368260017 0
    outer loop
      vertex 11.038060233744357 -11.308658283817454 0
      vertex 11.038060233744357 -11.308658283817454 50
      vertex 11.084265193848728 -11.2222148834902 0
    endloop
  endfacet
  facet normal -0.7730104533627334 0.6343932841636499 0
    outer loop
      vertex 11.084265193848728 -11.2222148834902 0
      vertex 11.084265193848728 -11.2222148834902 50
      vertex 11.146446609406727 -11.146446609406727 0
    endloop
  endfacet
  facet normal -0.6343932841636499 0.7730104533627334 0
    outer loop
      vertex 11.146446609406727 -11.146446609406727 0
      vertex 11.146446609406727 -11.146446609406727 50
      vertex 11.2222148834902 -11.084265193848728 0
    endloop
  endfacet
  facet normal -0.4713967368260017 -0.8819212643483529 0
    outer loop
      vertex 11.2222148834902 -11.915734806151272 0
      vertex 11.308658283817454 -11.961939766255643 0
      vertex 11.308658283817454 -11.961939766255643 50
    endloop
  endfacet
  facet normal -0.29028467725447105 -0.9569403357322062 0
    outer loop
      vertex 11.308658283817454 -11.961939766255643 0
      vertex 11.402454838991936 -11.990392640201616 0
      vertex 11.402454838991936 -11.990392640201616 50
    endloop
  endfacet
  facet normal -0.09801714032955187 -0.9951847266721978 0
    outer loop
      vertex 11.402454838991936 -11.990392640201616 0
      vertex 11.5 -12 0
      vertex 11.5 -12 50
    endloop
  endfacet
  facet normal 0.09801714032955187 -0.9951847266721978 0
    outer loop
      vertex 11.5 -12 0
      vertex 11.597545161008064 -11.990392640201616 0
      vertex 11.597545161008064 -11.990392640201616 50
    endloop
  endfacet
  facet normal 0.29028467725447105 -0.9569403357322062 0
    outer loop
      vertex 11.597545161008064 -11.990392640201616 0
      vertex 11.691341716182546 -11.961939766255643 0
      vertex 11.691341716182546 -11.961939766255643 50
    endloop
  endfacet
  facet normal 0.4713967368260017 -0.8819212643483529 0
    outer loop
      vertex 11.691341716182546 -11.961939766255643 0
      vertex 11.7777851165098 -11.915734806151272 0
      vertex 11.7777851165098 -11.915734806151272 50
    endloop
  endfacet
  facet normal 0.6343932841636499 -0.7730104533627334 0
    outer loop
      vertex 11.7777851165098 -11.915734806151272 0
      vertex 11.853553390593273 -11.853553390593273 0
      vertex 11.853553390593273 -11.853553390593273 50
    endloop
  endfacet
  facet normal 0.7730104533627334 -0.6343932841636499 0
    outer loop
      vertex 11.853553390593273 -11.853553390593273 0
      vertex 11.915734806151272 -11.7777851165098 0
      vertex 11.915734806151272 -11.7777851165098 50
    endloop
  endfacet
  facet normal 0.8819212643483529 -0.4713967368260017 0
    outer loop
      vertex 11.915734806151272 -11.7777851165098 0
      vertex 11.961939766255643 -11.691341716182546 0
      vertex 11.961939766255643 -11.691341716182546 50
    endloop
  endfacet
  facet normal 0.9569403357322062 -0.29028467725447105 0
    outer loop
      vertex 11.961939766255643 -11.691341716182546 0
      vertex 11.990392640201616 -11.597545161008064 0
      vertex 11.990392640201616 -11.597545161008064 50
    endloop
  endfacet
  facet normal 0.9951847266721978 -0.09801714032955187 0
    outer loop
      vertex 11.990392640201616 -11.597545161008064 0
      vertex 12 -11.5 0
      vertex 12 -11.5 50
    endloop
  endfacet
  facet normal 0.9951847266721978 0.09801714032955187 0
    outer loop
      vertex 12 -11.5 0
      vertex 11.990392640201616 -11.402454838991936 0
      vertex 11.990392640201616 -11.402454838991936 50
    endloop
  endfacet
  facet normal 0.8819212643483529 0.4713967368260017 0
    outer loop
      vertex 11.961939766255643 -11.308658283817454 0
      vertex 11.915734806151272 -11.2222148834902 0
      vertex 11.915734806151272 -11.2222148834902 50
    endloop
  endfacet
  facet normal 0.9569403357322062 0.29028467725447105 0
    outer loop
      vertex 11.990392640201616 -11.402454838991936 0
      vertex 11.961939766255643 -11.308658283817454 0
      vertex 11.961939766255643 -11.308658283817454 50
    endloop
  endfacet
  facet normal -0.4713967368260017 0.8819212643483529 0
    outer loop
      vertex 11.2222148834902 -11.084265193848728 0
      vertex 11.2222148834902 -11.084265193848728 50
      vertex 11.308658283817454 -11.038060233744357 0
    endloop
  endfacet
  facet normal -0.29028467725447105 0.9569403357322062 0
    outer loop
      vertex 11.308658283817454 -11.038060233744357 0
      vertex 11.308658283817454 -11.038060233744357 50
      vertex 11.402454838991936 -11.009607359798384 0
    endloop
  endfacet
  facet normal -0.09801714032955187 0.9951847266721978 0
    outer loop
      vertex 11.402454838991936 -11.009607359798384 0
      vertex 11.402454838991936 -11.009607359798384 50
      vertex 11.5 -11 0
    endloop
  endfacet
  facet normal 0.09801714032955187 0.9951847266721978 0
    outer loop
      vertex 11.5 -11 0
      vertex 11.5 -11 50
      vertex 11.597545161008064 -11.009607359798384 0
    endloop
  endfacet
  facet normal 0.6343932841636499 0.7730104533627334 0
    outer loop
      vertex 11.7777851165098 -11.084265193848728 0
      vertex 11.7777851165098 -11.084265193848728 50
      vertex 11.853553390593273 -11.146446609406727 0
    endloop
  endfacet
  facet normal 0.29028467725447105 0.9569403357322062 0
    outer loop
      vertex 11.597545161008064 -11.009607359798384 0
      vertex 11.597545161008064 -11.009607359798384 50
      vertex 11.691341716182546 -11.038060233744357 0
    endloop
  endfacet
  facet normal 0.4713967368260017 0.8819212643483529 0
    outer loop
      vertex 11.7777851165098 -11.084265193848728 0
      vertex 11.691341716182546 -11.038060233744357 0
      vertex 11.691341716182546 -11.038060233744357 50
    endloop
  endfacet
  facet normal 0.7730104533627334 0.6343932841636499 0
    outer loop
      vertex 11.853553390593273 -11.146446609406727 0
      vertex 11.853553390593273 -11.146446609406727 50
      vertex 11.915734806151272 -11.2222148834902 0
    endloop
  endfacet
  facet normal -0.8819212643483529 -0.4713967368260017 0
    outer loop
      vertex 11.038060233744357 -11.691341716182546 0
      vertex 11.084265193848728 -11.7777851165098 50
      vertex 11.038060233744357 -11.691341716182546 50
    endloop
  endfacet
  facet normal -0.9569403357322062 -0.29028467725447105 0
    outer loop
      vertex 11.009607359798384 -11.597545161008064 0
      vertex 11.038060233744357 -11.691341716182546 50
      vertex 11.009607359798384 -11.597545161008064 50
    endloop
  endfacet
  facet normal -0.6343932841636499 -0.7730104533627334 0
    outer loop
      vertex 11.146446609406727 -11.853553390593273 0
      vertex 11.2222148834902 -11.915734806151272 50
      vertex 11.146446609406727 -11.853553390593273 50
    endloop
  endfacet
  facet normal -0.7730104533627334 -0.6343932841636499 0
    outer loop
      vertex 11.084265193848728 -11.7777851165098 0
      vertex 11.146446609406727 -11.853553390593273 50
      vertex 11.084265193848728 -11.7777851165098 50
    endloop
  endfacet
  facet normal -0.9951847266721978 -0.09801714032955187 0
    outer loop
      vertex 11.009607359798384 -11.597545161008064 50
      vertex 11 -11.5 50
      vertex 11 -11.5 0
    endloop
  endfacet
  facet normal -0.9951847266721978 0.09801714032955187 0
    outer loop
      vertex 11.009607359798384 -11.402454838991936 0
      vertex 11 -11.5 50
      vertex 11.009607359798384 -11.402454838991936 50
    endloop
  endfacet
  facet normal -0.9569403357322062 0.29028467725447105 0
    outer loop
      vertex 11.038060233744357 -11.308658283817454 0
      vertex 11.009607359798384 -11.402454838991936 50
      vertex 11.038060233744357 -11.308658283817454 50
    endloop
  endfacet
  facet normal -0.8819212643483529 0.4713967368260017 0
    outer loop
      vertex 11.084265193848728 -11.2222148834902 0
      vertex 11.038060233744357 -11.308658283817454 50
      vertex 11.084265193848728 -11.2222148834902 50
    endloop
  endfacet
  facet normal -0.7730104533627334 0.6343932841636499 0
    outer loop
      vertex 11.146446609406727 -11.146446609406727 0
      vertex 11.084265193848728 -11.2222148834902 50
      vertex 11.146446609406727 -11.146446609406727 50
    endloop
  endfacet
  facet normal -0.6343932841636499 0.7730104533627334 0
    outer loop
      vertex 11.2222148834902 -11.084265193848728 0
      vertex 11.146446609406727 -11.146446609406727 50
      vertex 11.2222148834902 -11.084265193848728 50
    endloop
  endfacet
  facet normal -0.4713967368260017 -0.8819212643483529 0
    outer loop
      vertex 11.2222148834902 -11.915734806151272 0
      vertex 11.308658283817454 -11.961939766255643 50
      vertex 11.2222148834902 -11.915734806151272 50
    endloop
  endfacet
  facet normal -0.29028467725447105 -0.9569403357322062 0
    outer loop
      vertex 11.308658283817454 -11.961939766255643 0
      vertex 11.402454838991936 -11.990392640201616 50
      vertex 11.308658283817454 -11.961939766255643 50
    endloop
  endfacet
  facet normal -0.09801714032955187 -0.9951847266721978 0
    outer loop
      vertex 11.402454838991936 -11.990392640201616 0
      vertex 11.5 -12 50
      vertex 11.402454838991936 -11.990392640201616 50
    endloop
  endfacet
  facet normal 0.09801714032955187 -0.9951847266721978 0
    outer loop
      vertex 11.5 -12 0
      vertex 11.597545161008064 -11.990392640201616 50
      vertex 11.5 -12 50
    endloop
  endfacet
  facet normal 0.29028467725447105 -0.9569403357322062 0
    outer loop
      vertex 11.597545161008064 -11.990392640201616 0
      vertex 11.691341716182546 -11.961939766255643 50
      vertex 11.597545161008064 -11.990392640201616 50
    endloop
  endfacet
  facet normal 0.4713967368260017 -0.8819212643483529 0
    outer loop
      vertex 11.691341716182546 -11.961939766255643 0
      vertex 11.7777851165098 -11.915734806151272 50
      vertex 11.691341716182546 -11.961939766255643 50
    endloop
  endfacet
  facet normal 0.6343932841636499 -0.7730104533627334 0
    outer loop
      vertex 11.7777851165098 -11.915734806151272 0
      vertex 11.853553390593273 -11.853553390593273 50
      vertex 11.7777851165098 -11.915734806151272 50
    endloop
  endfacet
  facet normal 0.7730104533627334 -0.6343932841636499 0
    outer loop
      vertex 11.853553390593273 -11.853553390593273 0
      vertex 11.915734806151272 -11.7777851165098 50
      vertex 11.853553390593273 -11.853553390593273 50
    endloop
  endfacet
  facet normal 0.8819212643483529 -0.4713967368260017 0
    outer loop
      vertex 11.915734806151272 -11.7777851165098 0
      vertex 11.961939766255643 -11.691341716182546 50
      vertex 11.915734806151272 -11.7777851165098 50
    endloop
  endfacet
  facet normal 0.9569403357322062 -0.29028467725447105 0
    outer loop
      vertex 11.961939766255643 -11.691341716182546 0
      vertex 11.990392640201616 -11.597545161008064 50
      vertex 11.961939766255643 -11.691341716182546 50
    endloop
  endfacet
  facet normal 0.9951847266721978 -0.09801714032955187 0
    outer loop
      vertex 11.990392640201616 -11.597545161008064 0
      vertex 12 -11.5 50
      vertex 11.990392640201616 -11.597545161008064 50
    endloop
  endfacet
  facet normal 0.9951847266721978 0.09801714032955187 0
    outer loop
      vertex 12 -11.5 0
      vertex 11.990392640201616 -11.402454838991936 50
      vertex 12 -11.5 50
    endloop
  endfacet
  facet normal 0.9569403357322062 0.29028467725447105 0
    outer loop
      vertex 11.990392640201616 -11.402454838991936 0
      vertex 11.961939766255643 -11.308658283817454 50
      vertex 11.990392640201616 -11.402454838991936 50
    endloop
  endfacet
  facet normal 0.8819212643483529 0.4713967368260017 0
    outer loop
      vertex 11.961939766255643 -11.308658283817454 0
      vertex 11.915734806151272 -11.2222148834902 50
      vertex 11.961939766255643 -11.308658283817454 50
    endloop
  endfacet
  facet normal -0.4713967368260017 0.8819212643483529 0
    outer loop
      vertex 11.308658283817454 -11.038060233744357 0
      vertex 11.2222148834902 -11.084265193848728 50
      vertex 11.308658283817454 -11.038060233744357 50
    endloop
  endfacet
  facet normal -0.29028467725447105 0.9569403357322062 0
    outer loop
      vertex 11.402454838991936 -11.009607359798384 0
      vertex 11.308658283817454 -11.038060233744357 50
      vertex 11.402454838991936 -11.009607359798384 50
    endloop
  endfacet
  facet normal -0.09801714032955187 0.9951847266721978 0
    outer loop
      vertex 11.5 -11 0
      vertex 11.402454838991936 -11.009607359798384 50
      vertex 11.5 -11 50
    endloop
  endfacet
  facet normal 0.09801714032955187 0.9951847266721978 0
    outer loop
      vertex 11.597545161008064 -11.009607359798384 0
      vertex 11.5 -11 50
      vertex 11.597545161008064 -11.009607359798384 50
    endloop
  endfacet
  facet normal 0.4713967368260017 0.8819212643483529 0
    outer loop
      vertex 11.7777851165098 -11.084265193848728 0
      vertex 11.691341716182546 -11.038060233744357 50
      vertex 11.7777851165098 -11.084265193848728 50
    endloop
  endfacet
  facet normal 0.29028467725447105 0.9569403357322062 0
    outer loop
      vertex 11.691341716182546 -11.038060233744357 0
      vertex 11.597545161008064 -11.009607359798384 50
      vertex 11.691341716182546 -11.038060233744357 50
    endloop
  endfacet
  facet normal 0.7730104533627334 0.6343932841636499 0
    outer loop
      vertex 11.915734806151272 -11.2222148834902 0
      vertex 11.853553390593273 -11.146446609406727 50
      vertex 11.915734806151272 -11.2222148834902 50
    endloop
  endfacet
  facet normal 0.6343932841636499 0.7730104533627334 0
    outer loop
      vertex 11.853553390593273 -11.146446609406727 0
      vertex 11.7777851165098 -11.084265193848728 50
      vertex 11.853553390593273 -11.146446609406727 50
    endloop
  endfacet
  facet normal 0 0 1
    outer loop
      vertex 11.146446609406727 -11.853553390593273 50
      vertex 11.2222148834902 -11.915734806151272 50
      vertex 11.35277388791866 -11.72033944775577 50
    endloop
  endfacet
  facet normal 0 0 1
    outer loop
      vertex 11.038060233744357 -11.691341716182546 50
      vertex 11.255171923333833 -11.601411109804847 50
      vertex 11.009607359798384 -11.597545161008064 50
    endloop
  endfacet
  facet normal 0 0 1
    outer loop
      vertex 11.038060233744357 -11.691341716182546 50
      vertex 11.084265193848728 -11.7777851165098 50
      vertex 11.27966055224423 -11.64722611208134 50
    endloop
  endfacet
  facet normal 0 0 1
    outer loop
      vertex 11.146446609406727 -11.853553390593273 50
      vertex 11.312616702564096 -11.687383297435904 50
      vertex 11.084265193848728 -11.7777851165098 50
    endloop
  endfacet
  facet normal 0 0 1
    outer loop
      vertex 11.038060233744357 -11.691341716182546 50
      vertex 11.27966055224423 -11.64722611208134 50
      vertex 11.255171923333833 -11.601411109804847 50
    endloop
  endfacet
  facet normal 0 0 1
    outer loop
      vertex 11.084265193848728 -11.7777851165098 50
      vertex 11.312616702564096 -11.687383297435904 50
      vertex 11.27966055224423 -11.64722611208134 50
    endloop
  endfacet
  facet normal 0 0 1
    outer loop
      vertex 11.009607359798384 -11.597545161008064 50
      vertex 11.24009190010855 -11.551698935450556 50
      vertex 11 -11.5 50
    endloop
  endfacet
  facet normal 0 0 1
    outer loop
      vertex 11.009607359798384 -11.402454838991936 50
      vertex 11 -11.5 50
      vertex 11.234999999403954 -11.5 50
    endloop
  endfacet
  facet normal 0 0 1
    outer loop
      vertex 11.009607359798384 -11.597545161008064 50
      vertex 11.255171923333833 -11.601411109804847 50
      vertex 11.24009190010855 -11.551698935450556 50
    endloop
  endfacet
  facet normal 0 0 1
    outer loop
      vertex 11.24009190010855 -11.551698935450556 50
      vertex 11.234999999403954 -11.5 50
      vertex 11 -11.5 50
    endloop
  endfacet
  facet normal 0 0 1
    outer loop
      vertex 11.009607359798384 -11.402454838991936 50
      vertex 11.234999999403954 -11.5 50
      vertex 11.24009190010855 -11.448301064549444 50
    endloop
  endfacet
  facet normal 0 0 1
    outer loop
      vertex 11.009607359798384 -11.402454838991936 50
      vertex 11.24009190010855 -11.448301064549444 50
      vertex 11.038060233744357 -11.308658283817454 50
    endloop
  endfacet
  facet normal 0 0 1
    outer loop
      vertex 11.038060233744357 -11.308658283817454 50
      vertex 11.255171923333833 -11.398588890195153 50
      vertex 11.084265193848728 -11.2222148834902 50
    endloop
  endfacet
  facet normal 0 0 1
    outer loop
      vertex 11.038060233744357 -11.308658283817454 50
      vertex 11.24009190010855 -11.448301064549444 50
      vertex 11.255171923333833 -11.398588890195153 50
    endloop
  endfacet
  facet normal 0 0 1
    outer loop
      vertex 11.084265193848728 -11.2222148834902 50
      vertex 11.255171923333833 -11.398588890195153 50
      vertex 11.27966055224423 -11.35277388791866 50
    endloop
  endfacet
  facet normal 0 0 1
    outer loop
      vertex 11.146446609406727 -11.146446609406727 50
      vertex 11.27966055224423 -11.35277388791866 50
      vertex 11.312616702564096 -11.312616702564096 50
    endloop
  endfacet
  facet normal 0 0 1
    outer loop
      vertex 11.084265193848728 -11.2222148834902 50
      vertex 11.27966055224423 -11.35277388791866 50
      vertex 11.146446609406727 -11.146446609406727 50
    endloop
  endfacet
  facet normal 0 0 1
    outer loop
      vertex 11.146446609406727 -11.146446609406727 50
      vertex 11.312616702564096 -11.312616702564096 50
      vertex 11.2222148834902 -11.084265193848728 50
    endloop
  endfacet
  facet normal 0 0 1
    outer loop
      vertex 11.2222148834902 -11.915734806151272 50
      vertex 11.308658283817454 -11.961939766255643 50
      vertex 11.398588890195153 -11.744828076666167 50
    endloop
  endfacet
  facet normal 0 0 1
    outer loop
      vertex 11.308658283817454 -11.961939766255643 50
      vertex 11.402454838991936 -11.990392640201616 50
      vertex 11.448301064549444 -11.75990809989145 50
    endloop
  endfacet
  facet normal 0 0 1
    outer loop
      vertex 11.308658283817454 -11.961939766255643 50
      vertex 11.448301064549444 -11.75990809989145 50
      vertex 11.398588890195153 -11.744828076666167 50
    endloop
  endfacet
  facet normal 0 0 1
    outer loop
      vertex 11.146446609406727 -11.853553390593273 50
      vertex 11.35277388791866 -11.72033944775577 50
      vertex 11.312616702564096 -11.687383297435904 50
    endloop
  endfacet
  facet normal 0 0 1
    outer loop
      vertex 11.2222148834902 -11.915734806151272 50
      vertex 11.398588890195153 -11.744828076666167 50
      vertex 11.35277388791866 -11.72033944775577 50
    endloop
  endfacet
  facet normal 0 0 1
    outer loop
      vertex 11.402454838991936 -11.990392640201616 50
      vertex 11.5 -12 50
      vertex 11.5 -11.765000000596046 50
    endloop
  endfacet
  facet normal 0 0 1
    outer loop
      vertex 11.402454838991936 -11.990392640201616 50
      vertex 11.5 -11.765000000596046 50
      vertex 11.448301064549444 -11.75990809989145 50
    endloop
  endfacet
  facet normal 0 0 1
    outer loop
      vertex 11.5 -12 50
      vertex 11.551698935450556 -11.75990809989145 50
      vertex 11.5 -11.765000000596046 50
    endloop
  endfacet
  facet normal 0 0 1
    outer loop
      vertex 11.5 -12 50
      vertex 11.597545161008064 -11.990392640201616 50
      vertex 11.551698935450556 -11.75990809989145 50
    endloop
  endfacet
  facet normal 0 0 1
    outer loop
      vertex 11.597545161008064 -11.990392640201616 50
      vertex 11.601411109804847 -11.744828076666167 50
      vertex 11.551698935450556 -11.75990809989145 50
    endloop
  endfacet
  facet normal 0 0 1
    outer loop
      vertex 11.597545161008064 -11.990392640201616 50
      vertex 11.691341716182546 -11.961939766255643 50
      vertex 11.601411109804847 -11.744828076666167 50
    endloop
  endfacet
  facet normal 0 0 1
    outer loop
      vertex 11.691341716182546 -11.961939766255643 50
      vertex 11.7777851165098 -11.915734806151272 50
      vertex 11.64722611208134 -11.72033944775577 50
    endloop
  endfacet
  facet normal 0 0 1
    outer loop
      vertex 11.7777851165098 -11.915734806151272 50
      vertex 11.853553390593273 -11.853553390593273 50
      vertex 11.687383297435904 -11.687383297435904 50
    endloop
  endfacet
  facet normal 0 0 1
    outer loop
      vertex 11.601411109804847 -11.744828076666167 50
      vertex 11.691341716182546 -11.961939766255643 50
      vertex 11.64722611208134 -11.72033944775577 50
    endloop
  endfacet
  facet normal 0 0 1
    outer loop
      vertex 11.7777851165098 -11.915734806151272 50
      vertex 11.687383297435904 -11.687383297435904 50
      vertex 11.64722611208134 -11.72033944775577 50
    endloop
  endfacet
  facet normal 0 0 1
    outer loop
      vertex 11.687383297435904 -11.687383297435904 50
      vertex 11.853553390593273 -11.853553390593273 50
      vertex 11.72033944775577 -11.64722611208134 50
    endloop
  endfacet
  facet normal 0 0 1
    outer loop
      vertex 11.72033944775577 -11.64722611208134 50
      vertex 11.915734806151272 -11.7777851165098 50
      vertex 11.744828076666167 -11.601411109804847 50
    endloop
  endfacet
  facet normal 0 0 1
    outer loop
      vertex 11.72033944775577 -11.64722611208134 50
      vertex 11.853553390593273 -11.853553390593273 50
      vertex 11.915734806151272 -11.7777851165098 50
    endloop
  endfacet
  facet normal 0 0 1
    outer loop
      vertex 11.915734806151272 -11.7777851165098 50
      vertex 11.961939766255643 -11.691341716182546 50
      vertex 11.744828076666167 -11.601411109804847 50
    endloop
  endfacet
  facet normal 0 0 1
    outer loop
      vertex 11.744828076666167 -11.398588890195153 50
      vertex 11.961939766255643 -11.308658283817454 50
      vertex 11.72033944775577 -11.35277388791866 50
    endloop
  endfacet
  facet normal 0 0 1
    outer loop
      vertex 11.687383297435904 -11.312616702564096 50
      vertex 11.72033944775577 -11.35277388791866 50
      vertex 11.915734806151272 -11.2222148834902 50
    endloop
  endfacet
  facet normal 0 0 1
    outer loop
      vertex 11.961939766255643 -11.691341716182546 50
      vertex 11.75990809989145 -11.551698935450556 50
      vertex 11.744828076666167 -11.601411109804847 50
    endloop
  endfacet
  facet normal 0 0 1
    outer loop
      vertex 11.75990809989145 -11.551698935450556 50
      vertex 11.990392640201616 -11.597545161008064 50
      vertex 11.765000000596046 -11.5 50
    endloop
  endfacet
  facet normal 0 0 1
    outer loop
      vertex 11.961939766255643 -11.691341716182546 50
      vertex 11.990392640201616 -11.597545161008064 50
      vertex 11.75990809989145 -11.551698935450556 50
    endloop
  endfacet
  facet normal 0 0 1
    outer loop
      vertex 11.765000000596046 -11.5 50
      vertex 12 -11.5 50
      vertex 11.75990809989145 -11.448301064549444 50
    endloop
  endfacet
  facet normal 0 0 1
    outer loop
      vertex 11.765000000596046 -11.5 50
      vertex 11.990392640201616 -11.597545161008064 50
      vertex 12 -11.5 50
    endloop
  endfacet
  facet normal 0 0 1
    outer loop
      vertex 11.75990809989145 -11.448301064549444 50
      vertex 12 -11.5 50
      vertex 11.990392640201616 -11.402454838991936 50
    endloop
  endfacet
  facet normal 0 0 1
    outer loop
      vertex 11.75990809989145 -11.448301064549444 50
      vertex 11.990392640201616 -11.402454838991936 50
      vertex 11.744828076666167 -11.398588890195153 50
    endloop
  endfacet
  facet normal 0 0 1
    outer loop
      vertex 11.744828076666167 -11.398588890195153 50
      vertex 11.990392640201616 -11.402454838991936 50
      vertex 11.961939766255643 -11.308658283817454 50
    endloop
  endfacet
  facet normal 0 0 1
    outer loop
      vertex 11.72033944775577 -11.35277388791866 50
      vertex 11.961939766255643 -11.308658283817454 50
      vertex 11.915734806151272 -11.2222148834902 50
    endloop
  endfacet
  facet normal 0 0 1
    outer loop
      vertex 11.2222148834902 -11.084265193848728 50
      vertex 11.312616702564096 -11.312616702564096 50
      vertex 11.35277388791866 -11.27966055224423 50
    endloop
  endfacet
  facet normal 0 0 1
    outer loop
      vertex 11.2222148834902 -11.084265193848728 50
      vertex 11.35277388791866 -11.27966055224423 50
      vertex 11.308658283817454 -11.038060233744357 50
    endloop
  endfacet
  facet normal 0 0 1
    outer loop
      vertex 11.35277388791866 -11.27966055224423 50
      vertex 11.398588890195153 -11.255171923333833 50
      vertex 11.308658283817454 -11.038060233744357 50
    endloop
  endfacet
  facet normal 0 0 1
    outer loop
      vertex 11.398588890195153 -11.255171923333833 50
      vertex 11.448301064549444 -11.24009190010855 50
      vertex 11.402454838991936 -11.009607359798384 50
    endloop
  endfacet
  facet normal 0 0 1
    outer loop
      vertex 11.398588890195153 -11.255171923333833 50
      vertex 11.402454838991936 -11.009607359798384 50
      vertex 11.308658283817454 -11.038060233744357 50
    endloop
  endfacet
  facet normal 0 0 1
    outer loop
      vertex 11.448301064549444 -11.24009190010855 50
      vertex 11.5 -11.234999999403954 50
      vertex 11.5 -11 50
    endloop
  endfacet
  facet normal 0 0 1
    outer loop
      vertex 11.402454838991936 -11.009607359798384 50
      vertex 11.448301064549444 -11.24009190010855 50
      vertex 11.5 -11 50
    endloop
  endfacet
  facet normal 0 0 1
    outer loop
      vertex 11.5 -11.234999999403954 50
      vertex 11.551698935450556 -11.24009190010855 50
      vertex 11.597545161008064 -11.009607359798384 50
    endloop
  endfacet
  facet normal 0 0 1
    outer loop
      vertex 11.601411109804847 -11.255171923333833 50
      vertex 11.691341716182546 -11.038060233744357 50
      vertex 11.551698935450556 -11.24009190010855 50
    endloop
  endfacet
  facet normal 0 0 1
    outer loop
      vertex 11.5 -11.234999999403954 50
      vertex 11.597545161008064 -11.009607359798384 50
      vertex 11.5 -11 50
    endloop
  endfacet
  facet normal 0 0 1
    outer loop
      vertex 11.551698935450556 -11.24009190010855 50
      vertex 11.691341716182546 -11.038060233744357 50
      vertex 11.597545161008064 -11.009607359798384 50
    endloop
  endfacet
  facet normal 0 0 1
    outer loop
      vertex 11.601411109804847 -11.255171923333833 50
      vertex 11.64722611208134 -11.27966055224423 50
      vertex 11.7777851165098 -11.084265193848728 50
    endloop
  endfacet
  facet normal 0 0 1
    outer loop
      vertex 11.601411109804847 -11.255171923333833 50
      vertex 11.7777851165098 -11.084265193848728 50
      vertex 11.691341716182546 -11.038060233744357 50
    endloop
  endfacet
  facet normal 0 0 1
    outer loop
      vertex 11.64722611208134 -11.27966055224423 50
      vertex 11.687383297435904 -11.312616702564096 50
      vertex 11.853553390593273 -11.146446609406727 50
    endloop
  endfacet
  facet normal 0 0 1
    outer loop
      vertex 11.64722611208134 -11.27966055224423 50
      vertex 11.853553390593273 -11.146446609406727 50
      vertex 11.7777851165098 -11.084265193848728 50
    endloop
  endfacet
  facet normal 0 0 1
    outer loop
      vertex 11.687383297435904 -11.312616702564096 50
      vertex 11.915734806151272 -11.2222148834902 50
      vertex 11.853553390593273 -11.146446609406727 50
    endloop
  endfacet
  facet normal 0 0 -1
    outer loop
      vertex 11.146446609406727 11.146446609406727 0
      vertex 11.084265193848728 11.2222148834902 0
      vertex 11.27966055224423 11.35277388791866 0
    endloop
  endfacet
  facet normal 0 0 -1
    outer loop
      vertex 11.146446609406727 11.146446609406727 0
      vertex 11.312616702564096 11.312616702564096 0
      vertex 11.2222148834902 11.084265193848728 0
    endloop
  endfacet
  facet normal 0 0 -1
    outer loop
      vertex 11.084265193848728 11.2222148834902 0
      vertex 11.038060233744357 11.308658283817454 0
      vertex 11.255171923333833 11.398588890195153 0
    endloop
  endfacet
  facet normal 0 0 -1
    outer loop
      vertex 11.038060233744357 11.308658283817454 0
      vertex 11.009607359798384 11.402454838991936 0
      vertex 11.24009190010855 11.448301064549444 0
    endloop
  endfacet
  facet normal 0 0 -1
    outer loop
      vertex 11.146446609406727 11.146446609406727 0
      vertex 11.27966055224423 11.35277388791866 0
      vertex 11.312616702564096 11.312616702564096 0
    endloop
  endfacet
  facet normal 0 0 -1
    outer loop
      vertex 11.084265193848728 11.2222148834902 0
      vertex 11.255171923333833 11.398588890195153 0
      vertex 11.27966055224423 11.35277388791866 0
    endloop
  endfacet
  facet normal 0 0 -1
    outer loop
      vertex 11.038060233744357 11.308658283817454 0
      vertex 11.24009190010855 11.448301064549444 0
      vertex 11.255171923333833 11.398588890195153 0
    endloop
  endfacet
  facet normal 0 0 -1
    outer loop
      vertex 11.009607359798384 11.402454838991936 0
      vertex 11 11.5 0
      vertex 11.234999999403954 11.5 0
    endloop
  endfacet
  facet normal 0 0 -1
    outer loop
      vertex 11.009607359798384 11.597545161008064 0
      vertex 11.24009190010855 11.551698935450556 0
      vertex 11 11.5 0
    endloop
  endfacet
  facet normal 0 0 -1
    outer loop
      vertex 11.009607359798384 11.402454838991936 0
      vertex 11.234999999403954 11.5 0
      vertex 11.24009190010855 11.448301064549444 0
    endloop
  endfacet
  facet normal 0 0 -1
    outer loop
      vertex 11.234999999403954 11.5 0
      vertex 11 11.5 0
      vertex 11.24009190010855 11.551698935450556 0
    endloop
  endfacet
  facet normal 0 0 -1
    outer loop
      vertex 11.009607359798384 11.597545161008064 0
      vertex 11.255171923333833 11.601411109804847 0
      vertex 11.24009190010855 11.551698935450556 0
    endloop
  endfacet
  facet normal 0 0 -1
    outer loop
      vertex 11.009607359798384 11.597545161008064 0
      vertex 11.038060233744357 11.691341716182546 0
      vertex 11.255171923333833 11.601411109804847 0
    endloop
  endfacet
  facet normal 0 0 -1
    outer loop
      vertex 11.038060233744357 11.691341716182546 0
      vertex 11.084265193848728 11.7777851165098 0
      vertex 11.27966055224423 11.64722611208134 0
    endloop
  endfacet
  facet normal 0 0 -1
    outer loop
      vertex 11.038060233744357 11.691341716182546 0
      vertex 11.27966055224423 11.64722611208134 0
      vertex 11.255171923333833 11.601411109804847 0
    endloop
  endfacet
  facet normal 0 0 -1
    outer loop
      vertex 11.084265193848728 11.7777851165098 0
      vertex 11.312616702564096 11.687383297435904 0
      vertex 11.27966055224423 11.64722611208134 0
    endloop
  endfacet
  facet normal 0 0 -1
    outer loop
      vertex 11.084265193848728 11.7777851165098 0
      vertex 11.146446609406727 11.853553390593273 0
      vertex 11.312616702564096 11.687383297435904 0
    endloop
  endfacet
  facet normal 0 0 -1
    outer loop
      vertex 11.146446609406727 11.853553390593273 0
      vertex 11.2222148834902 11.915734806151272 0
      vertex 11.35277388791866 11.72033944775577 0
    endloop
  endfacet
  facet normal 0 0 -1
    outer loop
      vertex 11.2222148834902 11.084265193848728 0
      vertex 11.35277388791866 11.27966055224423 0
      vertex 11.308658283817454 11.038060233744357 0
    endloop
  endfacet
  facet normal 0 0 -1
    outer loop
      vertex 11.2222148834902 11.084265193848728 0
      vertex 11.312616702564096 11.312616702564096 0
      vertex 11.35277388791866 11.27966055224423 0
    endloop
  endfacet
  facet normal 0 0 -1
    outer loop
      vertex 11.308658283817454 11.038060233744357 0
      vertex 11.398588890195153 11.255171923333833 0
      vertex 11.402454838991936 11.009607359798384 0
    endloop
  endfacet
  facet normal 0 0 -1
    outer loop
      vertex 11.308658283817454 11.038060233744357 0
      vertex 11.35277388791866 11.27966055224423 0
      vertex 11.398588890195153 11.255171923333833 0
    endloop
  endfacet
  facet normal 0 0 -1
    outer loop
      vertex 11.402454838991936 11.009607359798384 0
      vertex 11.398588890195153 11.255171923333833 0
      vertex 11.448301064549444 11.24009190010855 0
    endloop
  endfacet
  facet normal 0 0 -1
    outer loop
      vertex 11.402454838991936 11.009607359798384 0
      vertex 11.448301064549444 11.24009190010855 0
      vertex 11.5 11 0
    endloop
  endfacet
  facet normal 0 0 -1
    outer loop
      vertex 11.5 11 0
      vertex 11.448301064549444 11.24009190010855 0
      vertex 11.5 11.234999999403954 0
    endloop
  endfacet
  facet normal 0 0 -1
    outer loop
      vertex 11.5 11 0
      vertex 11.5 11.234999999403954 0
      vertex 11.597545161008064 11.009607359798384 0
    endloop
  endfacet
  facet normal 0 0 -1
    outer loop
      vertex 11.597545161008064 11.009607359798384 0
      vertex 11.551698935450556 11.24009190010855 0
      vertex 11.691341716182546 11.038060233744357 0
    endloop
  endfacet
  facet normal 0 0 -1
    outer loop
      vertex 11.597545161008064 11.009607359798384 0
      vertex 11.5 11.234999999403954 0
      vertex 11.551698935450556 11.24009190010855 0
    endloop
  endfacet
  facet normal 0 0 -1
    outer loop
      vertex 11.551698935450556 11.24009190010855 0
      vertex 11.601411109804847 11.255171923333833 0
      vertex 11.691341716182546 11.038060233744357 0
    endloop
  endfacet
  facet normal 0 0 -1
    outer loop
      vertex 11.691341716182546 11.038060233744357 0
      vertex 11.601411109804847 11.255171923333833 0
      vertex 11.7777851165098 11.084265193848728 0
    endloop
  endfacet
  facet normal 0 0 -1
    outer loop
      vertex 11.7777851165098 11.084265193848728 0
      vertex 11.601411109804847 11.255171923333833 0
      vertex 11.64722611208134 11.27966055224423 0
    endloop
  endfacet
  facet normal 0 0 -1
    outer loop
      vertex 11.7777851165098 11.084265193848728 0
      vertex 11.64722611208134 11.27966055224423 0
      vertex 11.853553390593273 11.146446609406727 0
    endloop
  endfacet
  facet normal 0 0 -1
    outer loop
      vertex 11.853553390593273 11.146446609406727 0
      vertex 11.64722611208134 11.27966055224423 0
      vertex 11.687383297435904 11.312616702564096 0
    endloop
  endfacet
  facet normal 0 0 -1
    outer loop
      vertex 11.853553390593273 11.146446609406727 0
      vertex 11.687383297435904 11.312616702564096 0
      vertex 11.915734806151272 11.2222148834902 0
    endloop
  endfacet
  facet normal 0 0 -1
    outer loop
      vertex 11.146446609406727 11.853553390593273 0
      vertex 11.35277388791866 11.72033944775577 0
      vertex 11.312616702564096 11.687383297435904 0
    endloop
  endfacet
  facet normal 0 0 -1
    outer loop
      vertex 11.2222148834902 11.915734806151272 0
      vertex 11.398588890195153 11.744828076666167 0
      vertex 11.35277388791866 11.72033944775577 0
    endloop
  endfacet
  facet normal 0 0 -1
    outer loop
      vertex 11.2222148834902 11.915734806151272 0
      vertex 11.308658283817454 11.961939766255643 0
      vertex 11.398588890195153 11.744828076666167 0
    endloop
  endfacet
  facet normal 0 0 -1
    outer loop
      vertex 11.398588890195153 11.744828076666167 0
      vertex 11.308658283817454 11.961939766255643 0
      vertex 11.448301064549444 11.75990809989145 0
    endloop
  endfacet
  facet normal 0 0 -1
    outer loop
      vertex 11.308658283817454 11.961939766255643 0
      vertex 11.402454838991936 11.990392640201616 0
      vertex 11.448301064549444 11.75990809989145 0
    endloop
  endfacet
  facet normal 0 0 -1
    outer loop
      vertex 11.402454838991936 11.990392640201616 0
      vertex 11.5 11.765000000596046 0
      vertex 11.448301064549444 11.75990809989145 0
    endloop
  endfacet
  facet normal 0 0 -1
    outer loop
      vertex 11.5 11.765000000596046 0
      vertex 11.5 12 0
      vertex 11.551698935450556 11.75990809989145 0
    endloop
  endfacet
  facet normal 0 0 -1
    outer loop
      vertex 11.402454838991936 11.990392640201616 0
      vertex 11.5 12 0
      vertex 11.5 11.765000000596046 0
    endloop
  endfacet
  facet normal 0 0 -1
    outer loop
      vertex 11.551698935450556 11.75990809989145 0
      vertex 11.597545161008064 11.990392640201616 0
      vertex 11.601411109804847 11.744828076666167 0
    endloop
  endfacet
  facet normal 0 0 -1
    outer loop
      vertex 11.551698935450556 11.75990809989145 0
      vertex 11.5 12 0
      vertex 11.597545161008064 11.990392640201616 0
    endloop
  endfacet
  facet normal 0 0 -1
    outer loop
      vertex 11.915734806151272 11.2222148834902 0
      vertex 11.687383297435904 11.312616702564096 0
      vertex 11.72033944775577 11.35277388791866 0
    endloop
  endfacet
  facet normal 0 0 -1
    outer loop
      vertex 11.72033944775577 11.35277388791866 0
      vertex 11.744828076666167 11.398588890195153 0
      vertex 11.961939766255643 11.308658283817454 0
    endloop
  endfacet
  facet normal 0 0 -1
    outer loop
      vertex 11.915734806151272 11.2222148834902 0
      vertex 11.72033944775577 11.35277388791866 0
      vertex 11.961939766255643 11.308658283817454 0
    endloop
  endfacet
  facet normal 0 0 -1
    outer loop
      vertex 11.744828076666167 11.398588890195153 0
      vertex 11.75990809989145 11.448301064549444 0
      vertex 11.990392640201616 11.402454838991936 0
    endloop
  endfacet
  facet normal 0 0 -1
    outer loop
      vertex 11.744828076666167 11.398588890195153 0
      vertex 11.990392640201616 11.402454838991936 0
      vertex 11.961939766255643 11.308658283817454 0
    endloop
  endfacet
  facet normal 0 0 -1
    outer loop
      vertex 11.75990809989145 11.448301064549444 0
      vertex 11.765000000596046 11.5 0
      vertex 12 11.5 0
    endloop
  endfacet
  facet normal 0 0 -1
    outer loop
      vertex 11.765000000596046 11.5 0
      vertex 11.75990809989145 11.551698935450556 0
      vertex 11.990392640201616 11.597545161008064 0
    endloop
  endfacet
  facet normal 0 0 -1
    outer loop
      vertex 11.75990809989145 11.551698935450556 0
      vertex 11.744828076666167 11.601411109804847 0
      vertex 11.961939766255643 11.691341716182546 0
    endloop
  endfacet
  facet normal 0 0 -1
    outer loop
      vertex 11.75990809989145 11.551698935450556 0
      vertex 11.961939766255643 11.691341716182546 0
      vertex 11.990392640201616 11.597545161008064 0
    endloop
  endfacet
  facet normal 0 0 -1
    outer loop
      vertex 11.75990809989145 11.448301064549444 0
      vertex 12 11.5 0
      vertex 11.990392640201616 11.402454838991936 0
    endloop
  endfacet
  facet normal 0 0 -1
    outer loop
      vertex 11.765000000596046 11.5 0
      vertex 11.990392640201616 11.597545161008064 0
      vertex 12 11.5 0
    endloop
  endfacet
  facet normal 0 0 -1
    outer loop
      vertex 11.601411109804847 11.744828076666167 0
      vertex 11.691341716182546 11.961939766255643 0
      vertex 11.64722611208134 11.72033944775577 0
    endloop
  endfacet
  facet normal 0 0 -1
    outer loop
      vertex 11.687383297435904 11.687383297435904 0
      vertex 11.64722611208134 11.72033944775577 0
      vertex 11.7777851165098 11.915734806151272 0
    endloop
  endfacet
  facet normal 0 0 -1
    outer loop
      vertex 11.744828076666167 11.601411109804847 0
      vertex 11.72033944775577 11.64722611208134 0
      vertex 11.915734806151272 11.7777851165098 0
    endloop
  endfacet
  facet normal 0 0 -1
    outer loop
      vertex 11.687383297435904 11.687383297435904 0
      vertex 11.853553390593273 11.853553390593273 0
      vertex 11.72033944775577 11.64722611208134 0
    endloop
  endfacet
  facet normal 0 0 -1
    outer loop
      vertex 11.601411109804847 11.744828076666167 0
      vertex 11.597545161008064 11.990392640201616 0
      vertex 11.691341716182546 11.961939766255643 0
    endloop
  endfacet
  facet normal 0 0 -1
    outer loop
      vertex 11.64722611208134 11.72033944775577 0
      vertex 11.691341716182546 11.961939766255643 0
      vertex 11.7777851165098 11.915734806151272 0
    endloop
  endfacet
  facet normal 0 0 -1
    outer loop
      vertex 11.687383297435904 11.687383297435904 0
      vertex 11.7777851165098 11.915734806151272 0
      vertex 11.853553390593273 11.853553390593273 0
    endloop
  endfacet
  facet normal 0 0 -1
    outer loop
      vertex 11.744828076666167 11.601411109804847 0
      vertex 11.915734806151272 11.7777851165098 0
      vertex 11.961939766255643 11.691341716182546 0
    endloop
  endfacet
  facet normal 0 0 -1
    outer loop
      vertex 11.72033944775577 11.64722611208134 0
      vertex 11.853553390593273 11.853553390593273 0
      vertex 11.915734806151272 11.7777851165098 0
    endloop
  endfacet
  facet normal -0.7730104533627334 -0.6343932841636499 0
    outer loop
      vertex 11.146446609406727 11.146446609406727 0
      vertex 11.146446609406727 11.146446609406727 50
      vertex 11.084265193848728 11.2222148834902 0
    endloop
  endfacet
  facet normal -0.6343932841636499 -0.7730104533627334 0
    outer loop
      vertex 11.146446609406727 11.146446609406727 0
      vertex 11.2222148834902 11.084265193848728 0
      vertex 11.2222148834902 11.084265193848728 50
    endloop
  endfacet
  facet normal -0.9569403357322062 -0.29028467725447105 0
    outer loop
      vertex 11.038060233744357 11.308658283817454 0
      vertex 11.038060233744357 11.308658283817454 50
      vertex 11.009607359798384 11.402454838991936 0
    endloop
  endfacet
  facet normal -0.9951847266721978 -0.09801714032955187 0
    outer loop
      vertex 11.009607359798384 11.402454838991936 0
      vertex 11.009607359798384 11.402454838991936 50
      vertex 11 11.5 0
    endloop
  endfacet
  facet normal -0.9951847266721978 0.09801714032955187 0
    outer loop
      vertex 11.009607359798384 11.597545161008064 0
      vertex 11 11.5 0
      vertex 11 11.5 50
    endloop
  endfacet
  facet normal -0.8819212643483529 -0.4713967368260017 0
    outer loop
      vertex 11.084265193848728 11.2222148834902 0
      vertex 11.084265193848728 11.2222148834902 50
      vertex 11.038060233744357 11.308658283817454 0
    endloop
  endfacet
  facet normal -0.9569403357322062 0.29028467725447105 0
    outer loop
      vertex 11.009607359798384 11.597545161008064 0
      vertex 11.009607359798384 11.597545161008064 50
      vertex 11.038060233744357 11.691341716182546 0
    endloop
  endfacet
  facet normal -0.8819212643483529 0.4713967368260017 0
    outer loop
      vertex 11.038060233744357 11.691341716182546 0
      vertex 11.038060233744357 11.691341716182546 50
      vertex 11.084265193848728 11.7777851165098 0
    endloop
  endfacet
  facet normal -0.7730104533627334 0.6343932841636499 0
    outer loop
      vertex 11.084265193848728 11.7777851165098 0
      vertex 11.084265193848728 11.7777851165098 50
      vertex 11.146446609406727 11.853553390593273 0
    endloop
  endfacet
  facet normal -0.6343932841636499 0.7730104533627334 0
    outer loop
      vertex 11.146446609406727 11.853553390593273 0
      vertex 11.146446609406727 11.853553390593273 50
      vertex 11.2222148834902 11.915734806151272 0
    endloop
  endfacet
  facet normal -0.4713967368260017 -0.8819212643483529 0
    outer loop
      vertex 11.2222148834902 11.084265193848728 0
      vertex 11.308658283817454 11.038060233744357 0
      vertex 11.308658283817454 11.038060233744357 50
    endloop
  endfacet
  facet normal -0.29028467725447105 -0.9569403357322062 0
    outer loop
      vertex 11.308658283817454 11.038060233744357 0
      vertex 11.402454838991936 11.009607359798384 0
      vertex 11.402454838991936 11.009607359798384 50
    endloop
  endfacet
  facet normal -0.09801714032955187 -0.9951847266721978 0
    outer loop
      vertex 11.402454838991936 11.009607359798384 0
      vertex 11.5 11 0
      vertex 11.5 11 50
    endloop
  endfacet
  facet normal 0.09801714032955187 -0.9951847266721978 0
    outer loop
      vertex 11.5 11 0
      vertex 11.597545161008064 11.009607359798384 0
      vertex 11.597545161008064 11.009607359798384 50
    endloop
  endfacet
  facet normal 0.29028467725447105 -0.9569403357322062 0
    outer loop
      vertex 11.597545161008064 11.009607359798384 0
      vertex 11.691341716182546 11.038060233744357 0
      vertex 11.691341716182546 11.038060233744357 50
    endloop
  endfacet
  facet normal 0.4713967368260017 -0.8819212643483529 0
    outer loop
      vertex 11.691341716182546 11.038060233744357 0
      vertex 11.7777851165098 11.084265193848728 0
      vertex 11.7777851165098 11.084265193848728 50
    endloop
  endfacet
  facet normal 0.6343932841636499 -0.7730104533627334 0
    outer loop
      vertex 11.7777851165098 11.084265193848728 0
      vertex 11.853553390593273 11.146446609406727 0
      vertex 11.853553390593273 11.146446609406727 50
    endloop
  endfacet
  facet normal 0.7730104533627334 -0.6343932841636499 0
    outer loop
      vertex 11.853553390593273 11.146446609406727 0
      vertex 11.915734806151272 11.2222148834902 0
      vertex 11.915734806151272 11.2222148834902 50
    endloop
  endfacet
  facet normal -0.4713967368260017 0.8819212643483529 0
    outer loop
      vertex 11.2222148834902 11.915734806151272 0
      vertex 11.2222148834902 11.915734806151272 50
      vertex 11.308658283817454 11.961939766255643 0
    endloop
  endfacet
  facet normal -0.29028467725447105 0.9569403357322062 0
    outer loop
      vertex 11.308658283817454 11.961939766255643 0
      vertex 11.308658283817454 11.961939766255643 50
      vertex 11.402454838991936 11.990392640201616 0
    endloop
  endfacet
  facet normal -0.09801714032955187 0.9951847266721978 0
    outer loop
      vertex 11.402454838991936 11.990392640201616 0
      vertex 11.402454838991936 11.990392640201616 50
      vertex 11.5 12 0
    endloop
  endfacet
  facet normal 0.09801714032955187 0.9951847266721978 0
    outer loop
      vertex 11.5 12 0
      vertex 11.5 12 50
      vertex 11.597545161008064 11.990392640201616 0
    endloop
  endfacet
  facet normal 0.8819212643483529 -0.4713967368260017 0
    outer loop
      vertex 11.915734806151272 11.2222148834902 0
      vertex 11.961939766255643 11.308658283817454 0
      vertex 11.961939766255643 11.308658283817454 50
    endloop
  endfacet
  facet normal 0.9569403357322062 -0.29028467725447105 0
    outer loop
      vertex 11.961939766255643 11.308658283817454 0
      vertex 11.990392640201616 11.402454838991936 0
      vertex 11.990392640201616 11.402454838991936 50
    endloop
  endfacet
  facet normal 0.9951847266721978 -0.09801714032955187 0
    outer loop
      vertex 11.990392640201616 11.402454838991936 0
      vertex 12 11.5 0
      vertex 12 11.5 50
    endloop
  endfacet
  facet normal 0.9951847266721978 0.09801714032955187 0
    outer loop
      vertex 12 11.5 0
      vertex 11.990392640201616 11.597545161008064 0
      vertex 11.990392640201616 11.597545161008064 50
    endloop
  endfacet
  facet normal 0.29028467725447105 0.9569403357322062 0
    outer loop
      vertex 11.597545161008064 11.990392640201616 0
      vertex 11.597545161008064 11.990392640201616 50
      vertex 11.691341716182546 11.961939766255643 0
    endloop
  endfacet
  facet normal 0.6343932841636499 0.7730104533627334 0
    outer loop
      vertex 11.7777851165098 11.915734806151272 0
      vertex 11.7777851165098 11.915734806151272 50
      vertex 11.853553390593273 11.853553390593273 0
    endloop
  endfacet
  facet normal 0.4713967368260017 0.8819212643483529 0
    outer loop
      vertex 11.691341716182546 11.961939766255643 0
      vertex 11.691341716182546 11.961939766255643 50
      vertex 11.7777851165098 11.915734806151272 0
    endloop
  endfacet
  facet normal 0.9569403357322062 0.29028467725447105 0
    outer loop
      vertex 11.990392640201616 11.597545161008064 0
      vertex 11.961939766255643 11.691341716182546 0
      vertex 11.961939766255643 11.691341716182546 50
    endloop
  endfacet
  facet normal 0.8819212643483529 0.4713967368260017 0
    outer loop
      vertex 11.961939766255643 11.691341716182546 0
      vertex 11.915734806151272 11.7777851165098 0
      vertex 11.915734806151272 11.7777851165098 50
    endloop
  endfacet
  facet normal 0.7730104533627334 0.6343932841636499 0
    outer loop
      vertex 11.915734806151272 11.7777851165098 0
      vertex 11.853553390593273 11.853553390593273 0
      vertex 11.853553390593273 11.853553390593273 50
    endloop
  endfacet
  facet normal -0.7730104533627334 -0.6343932841636499 0
    outer loop
      vertex 11.084265193848728 11.2222148834902 0
      vertex 11.146446609406727 11.146446609406727 50
      vertex 11.084265193848728 11.2222148834902 50
    endloop
  endfacet
  facet normal -0.6343932841636499 -0.7730104533627334 0
    outer loop
      vertex 11.146446609406727 11.146446609406727 0
      vertex 11.2222148834902 11.084265193848728 50
      vertex 11.146446609406727 11.146446609406727 50
    endloop
  endfacet
  facet normal -0.8819212643483529 -0.4713967368260017 0
    outer loop
      vertex 11.038060233744357 11.308658283817454 0
      vertex 11.084265193848728 11.2222148834902 50
      vertex 11.038060233744357 11.308658283817454 50
    endloop
  endfacet
  facet normal -0.9569403357322062 -0.29028467725447105 0
    outer loop
      vertex 11.009607359798384 11.402454838991936 0
      vertex 11.038060233744357 11.308658283817454 50
      vertex 11.009607359798384 11.402454838991936 50
    endloop
  endfacet
  facet normal -0.9951847266721978 -0.09801714032955187 0
    outer loop
      vertex 11.009607359798384 11.402454838991936 50
      vertex 11 11.5 50
      vertex 11 11.5 0
    endloop
  endfacet
  facet normal -0.9951847266721978 0.09801714032955187 0
    outer loop
      vertex 11.009607359798384 11.597545161008064 0
      vertex 11 11.5 50
      vertex 11.009607359798384 11.597545161008064 50
    endloop
  endfacet
  facet normal -0.9569403357322062 0.29028467725447105 0
    outer loop
      vertex 11.038060233744357 11.691341716182546 0
      vertex 11.009607359798384 11.597545161008064 50
      vertex 11.038060233744357 11.691341716182546 50
    endloop
  endfacet
  facet normal -0.8819212643483529 0.4713967368260017 0
    outer loop
      vertex 11.084265193848728 11.7777851165098 0
      vertex 11.038060233744357 11.691341716182546 50
      vertex 11.084265193848728 11.7777851165098 50
    endloop
  endfacet
  facet normal -0.7730104533627334 0.6343932841636499 0
    outer loop
      vertex 11.146446609406727 11.853553390593273 0
      vertex 11.084265193848728 11.7777851165098 50
      vertex 11.146446609406727 11.853553390593273 50
    endloop
  endfacet
  facet normal -0.6343932841636499 0.7730104533627334 0
    outer loop
      vertex 11.2222148834902 11.915734806151272 0
      vertex 11.146446609406727 11.853553390593273 50
      vertex 11.2222148834902 11.915734806151272 50
    endloop
  endfacet
  facet normal -0.29028467725447105 -0.9569403357322062 0
    outer loop
      vertex 11.308658283817454 11.038060233744357 0
      vertex 11.402454838991936 11.009607359798384 50
      vertex 11.308658283817454 11.038060233744357 50
    endloop
  endfacet
  facet normal -0.09801714032955187 -0.9951847266721978 0
    outer loop
      vertex 11.402454838991936 11.009607359798384 0
      vertex 11.5 11 50
      vertex 11.402454838991936 11.009607359798384 50
    endloop
  endfacet
  facet normal -0.4713967368260017 -0.8819212643483529 0
    outer loop
      vertex 11.2222148834902 11.084265193848728 0
      vertex 11.308658283817454 11.038060233744357 50
      vertex 11.2222148834902 11.084265193848728 50
    endloop
  endfacet
  facet normal 0.09801714032955187 -0.9951847266721978 0
    outer loop
      vertex 11.5 11 0
      vertex 11.597545161008064 11.009607359798384 50
      vertex 11.5 11 50
    endloop
  endfacet
  facet normal 0.29028467725447105 -0.9569403357322062 0
    outer loop
      vertex 11.597545161008064 11.009607359798384 0
      vertex 11.691341716182546 11.038060233744357 50
      vertex 11.597545161008064 11.009607359798384 50
    endloop
  endfacet
  facet normal 0.4713967368260017 -0.8819212643483529 0
    outer loop
      vertex 11.691341716182546 11.038060233744357 0
      vertex 11.7777851165098 11.084265193848728 50
      vertex 11.691341716182546 11.038060233744357 50
    endloop
  endfacet
  facet normal 0.6343932841636499 -0.7730104533627334 0
    outer loop
      vertex 11.7777851165098 11.084265193848728 0
      vertex 11.853553390593273 11.146446609406727 50
      vertex 11.7777851165098 11.084265193848728 50
    endloop
  endfacet
  facet normal 0.7730104533627334 -0.6343932841636499 0
    outer loop
      vertex 11.853553390593273 11.146446609406727 0
      vertex 11.915734806151272 11.2222148834902 50
      vertex 11.853553390593273 11.146446609406727 50
    endloop
  endfacet
  facet normal -0.4713967368260017 0.8819212643483529 0
    outer loop
      vertex 11.308658283817454 11.961939766255643 0
      vertex 11.2222148834902 11.915734806151272 50
      vertex 11.308658283817454 11.961939766255643 50
    endloop
  endfacet
  facet normal -0.29028467725447105 0.9569403357322062 0
    outer loop
      vertex 11.402454838991936 11.990392640201616 0
      vertex 11.308658283817454 11.961939766255643 50
      vertex 11.402454838991936 11.990392640201616 50
    endloop
  endfacet
  facet normal -0.09801714032955187 0.9951847266721978 0
    outer loop
      vertex 11.5 12 0
      vertex 11.402454838991936 11.990392640201616 50
      vertex 11.5 12 50
    endloop
  endfacet
  facet normal 0.09801714032955187 0.9951847266721978 0
    outer loop
      vertex 11.597545161008064 11.990392640201616 0
      vertex 11.5 12 50
      vertex 11.597545161008064 11.990392640201616 50
    endloop
  endfacet
  facet normal 0.8819212643483529 -0.4713967368260017 0
    outer loop
      vertex 11.915734806151272 11.2222148834902 0
      vertex 11.961939766255643 11.308658283817454 50
      vertex 11.915734806151272 11.2222148834902 50
    endloop
  endfacet
  facet normal 0.9569403357322062 -0.29028467725447105 0
    outer loop
      vertex 11.961939766255643 11.308658283817454 0
      vertex 11.990392640201616 11.402454838991936 50
      vertex 11.961939766255643 11.308658283817454 50
    endloop
  endfacet
  facet normal 0.9951847266721978 -0.09801714032955187 0
    outer loop
      vertex 11.990392640201616 11.402454838991936 0
      vertex 12 11.5 50
      vertex 11.990392640201616 11.402454838991936 50
    endloop
  endfacet
  facet normal 0.9951847266721978 0.09801714032955187 0
    outer loop
      vertex 12 11.5 0
      vertex 11.990392640201616 11.597545161008064 50
      vertex 12 11.5 50
    endloop
  endfacet
  facet normal 0.29028467725447105 0.9569403357322062 0
    outer loop
      vertex 11.691341716182546 11.961939766255643 0
      vertex 11.597545161008064 11.990392640201616 50
      vertex 11.691341716182546 11.961939766255643 50
    endloop
  endfacet
  facet normal 0.4713967368260017 0.8819212643483529 0
    outer loop
      vertex 11.7777851165098 11.915734806151272 0
      vertex 11.691341716182546 11.961939766255643 50
      vertex 11.7777851165098 11.915734806151272 50
    endloop
  endfacet
  facet normal 0.7730104533627334 0.6343932841636499 0
    outer loop
      vertex 11.915734806151272 11.7777851165098 0
      vertex 11.853553390593273 11.853553390593273 50
      vertex 11.915734806151272 11.7777851165098 50
    endloop
  endfacet
  facet normal 0.9569403357322062 0.29028467725447105 0
    outer loop
      vertex 11.990392640201616 11.597545161008064 0
      vertex 11.961939766255643 11.691341716182546 50
      vertex 11.990392640201616 11.597545161008064 50
    endloop
  endfacet
  facet normal 0.8819212643483529 0.4713967368260017 0
    outer loop
      vertex 11.961939766255643 11.691341716182546 0
      vertex 11.915734806151272 11.7777851165098 50
      vertex 11.961939766255643 11.691341716182546 50
    endloop
  endfacet
  facet normal 0.6343932841636499 0.7730104533627334 0
    outer loop
      vertex 11.853553390593273 11.853553390593273 0
      vertex 11.7777851165098 11.915734806151272 50
      vertex 11.853553390593273 11.853553390593273 50
    endloop
  endfacet
  facet normal 0 0 1
    outer loop
      vertex 11.146446609406727 11.146446609406727 50
      vertex 11.312616702564096 11.312616702564096 50
      vertex 11.084265193848728 11.2222148834902 50
    endloop
  endfacet
  facet normal 0 0 1
    outer loop
      vertex 11.146446609406727 11.146446609406727 50
      vertex 11.2222148834902 11.084265193848728 50
      vertex 11.35277388791866 11.27966055224423 50
    endloop
  endfacet
  facet normal 0 0 1
    outer loop
      vertex 11.084265193848728 11.2222148834902 50
      vertex 11.27966055224423 11.35277388791866 50
      vertex 11.038060233744357 11.308658283817454 50
    endloop
  endfacet
  facet normal 0 0 1
    outer loop
      vertex 11.038060233744357 11.308658283817454 50
      vertex 11.255171923333833 11.398588890195153 50
      vertex 11.009607359798384 11.402454838991936 50
    endloop
  endfacet
  facet normal 0 0 1
    outer loop
      vertex 11.084265193848728 11.2222148834902 50
      vertex 11.312616702564096 11.312616702564096 50
      vertex 11.27966055224423 11.35277388791866 50
    endloop
  endfacet
  facet normal 0 0 1
    outer loop
      vertex 11.038060233744357 11.308658283817454 50
      vertex 11.27966055224423 11.35277388791866 50
      vertex 11.255171923333833 11.398588890195153 50
    endloop
  endfacet
  facet normal 0 0 1
    outer loop
      vertex 11.009607359798384 11.402454838991936 50
      vertex 11.255171923333833 11.398588890195153 50
      vertex 11.24009190010855 11.448301064549444 50
    endloop
  endfacet
  facet normal 0 0 1
    outer loop
      vertex 11.009607359798384 11.402454838991936 50
      vertex 11.24009190010855 11.448301064549444 50
      vertex 11 11.5 50
    endloop
  endfacet
  facet normal 0 0 1
    outer loop
      vertex 11.009607359798384 11.597545161008064 50
      vertex 11 11.5 50
      vertex 11.234999999403954 11.5 50
    endloop
  endfacet
  facet normal 0 0 1
    outer loop
      vertex 11.009607359798384 11.597545161008064 50
      vertex 11.24009190010855 11.551698935450556 50
      vertex 11.038060233744357 11.691341716182546 50
    endloop
  endfacet
  facet normal 0 0 1
    outer loop
      vertex 11.24009190010855 11.448301064549444 50
      vertex 11.234999999403954 11.5 50
      vertex 11 11.5 50
    endloop
  endfacet
  facet normal 0 0 1
    outer loop
      vertex 11.009607359798384 11.597545161008064 50
      vertex 11.234999999403954 11.5 50
      vertex 11.24009190010855 11.551698935450556 50
    endloop
  endfacet
  facet normal 0 0 1
    outer loop
      vertex 11.24009190010855 11.551698935450556 50
      vertex 11.255171923333833 11.601411109804847 50
      vertex 11.038060233744357 11.691341716182546 50
    endloop
  endfacet
  facet normal 0 0 1
    outer loop
      vertex 11.038060233744357 11.691341716182546 50
      vertex 11.255171923333833 11.601411109804847 50
      vertex 11.084265193848728 11.7777851165098 50
    endloop
  endfacet
  facet normal 0 0 1
    outer loop
      vertex 11.084265193848728 11.7777851165098 50
      vertex 11.255171923333833 11.601411109804847 50
      vertex 11.27966055224423 11.64722611208134 50
    endloop
  endfacet
  facet normal 0 0 1
    outer loop
      vertex 11.084265193848728 11.7777851165098 50
      vertex 11.27966055224423 11.64722611208134 50
      vertex 11.146446609406727 11.853553390593273 50
    endloop
  endfacet
  facet normal 0 0 1
    outer loop
      vertex 11.146446609406727 11.853553390593273 50
      vertex 11.27966055224423 11.64722611208134 50
      vertex 11.312616702564096 11.687383297435904 50
    endloop
  endfacet
  facet normal 0 0 1
    outer loop
      vertex 11.146446609406727 11.853553390593273 50
      vertex 11.312616702564096 11.687383297435904 50
      vertex 11.2222148834902 11.915734806151272 50
    endloop
  endfacet
  facet normal 0 0 1
    outer loop
      vertex 11.2222148834902 11.084265193848728 50
      vertex 11.308658283817454 11.038060233744357 50
      vertex 11.398588890195153 11.255171923333833 50
    endloop
  endfacet
  facet normal 0 0 1
    outer loop
      vertex 11.146446609406727 11.146446609406727 50
      vertex 11.35277388791866 11.27966055224423 50
      vertex 11.312616702564096 11.312616702564096 50
    endloop
  endfacet
  facet normal 0 0 1
    outer loop
      vertex 11.2222148834902 11.084265193848728 50
      vertex 11.398588890195153 11.255171923333833 50
      vertex 11.35277388791866 11.27966055224423 50
    endloop
  endfacet
  facet normal 0 0 1
    outer loop
      vertex 11.308658283817454 11.038060233744357 50
      vertex 11.402454838991936 11.009607359798384 50
      vertex 11.448301064549444 11.24009190010855 50
    endloop
  endfacet
  facet normal 0 0 1
    outer loop
      vertex 11.308658283817454 11.038060233744357 50
      vertex 11.448301064549444 11.24009190010855 50
      vertex 11.398588890195153 11.255171923333833 50
    endloop
  endfacet
  facet normal 0 0 1
    outer loop
      vertex 11.402454838991936 11.009607359798384 50
      vertex 11.5 11 50
      vertex 11.5 11.234999999403954 50
    endloop
  endfacet
  facet normal 0 0 1
    outer loop
      vertex 11.402454838991936 11.009607359798384 50
      vertex 11.5 11.234999999403954 50
      vertex 11.448301064549444 11.24009190010855 50
    endloop
  endfacet
  facet normal 0 0 1
    outer loop
      vertex 11.5 11 50
      vertex 11.551698935450556 11.24009190010855 50
      vertex 11.5 11.234999999403954 50
    endloop
  endfacet
  facet normal 0 0 1
    outer loop
      vertex 11.5 11 50
      vertex 11.597545161008064 11.009607359798384 50
      vertex 11.551698935450556 11.24009190010855 50
    endloop
  endfacet
  facet normal 0 0 1
    outer loop
      vertex 11.597545161008064 11.009607359798384 50
      vertex 11.601411109804847 11.255171923333833 50
      vertex 11.551698935450556 11.24009190010855 50
    endloop
  endfacet
  facet normal 0 0 1
    outer loop
      vertex 11.597545161008064 11.009607359798384 50
      vertex 11.691341716182546 11.038060233744357 50
      vertex 11.601411109804847 11.255171923333833 50
    endloop
  endfacet
  facet normal 0 0 1
    outer loop
      vertex 11.691341716182546 11.038060233744357 50
      vertex 11.7777851165098 11.084265193848728 50
      vertex 11.64722611208134 11.27966055224423 50
    endloop
  endfacet
  facet normal 0 0 1
    outer loop
      vertex 11.691341716182546 11.038060233744357 50
      vertex 11.64722611208134 11.27966055224423 50
      vertex 11.601411109804847 11.255171923333833 50
    endloop
  endfacet
  facet normal 0 0 1
    outer loop
      vertex 11.7777851165098 11.084265193848728 50
      vertex 11.687383297435904 11.312616702564096 50
      vertex 11.64722611208134 11.27966055224423 50
    endloop
  endfacet
  facet normal 0 0 1
    outer loop
      vertex 11.7777851165098 11.084265193848728 50
      vertex 11.853553390593273 11.146446609406727 50
      vertex 11.687383297435904 11.312616702564096 50
    endloop
  endfacet
  facet normal 0 0 1
    outer loop
      vertex 11.853553390593273 11.146446609406727 50
      vertex 11.915734806151272 11.2222148834902 50
      vertex 11.72033944775577 11.35277388791866 50
    endloop
  endfacet
  facet normal 0 0 1
    outer loop
      vertex 11.2222148834902 11.915734806151272 50
      vertex 11.312616702564096 11.687383297435904 50
      vertex 11.35277388791866 11.72033944775577 50
    endloop
  endfacet
  facet normal 0 0 1
    outer loop
      vertex 11.35277388791866 11.72033944775577 50
      vertex 11.398588890195153 11.744828076666167 50
      vertex 11.308658283817454 11.961939766255643 50
    endloop
  endfacet
  facet normal 0 0 1
    outer loop
      vertex 11.2222148834902 11.915734806151272 50
      vertex 11.35277388791866 11.72033944775577 50
      vertex 11.308658283817454 11.961939766255643 50
    endloop
  endfacet
  facet normal 0 0 1
    outer loop
      vertex 11.398588890195153 11.744828076666167 50
      vertex 11.402454838991936 11.990392640201616 50
      vertex 11.308658283817454 11.961939766255643 50
    endloop
  endfacet
  facet normal 0 0 1
    outer loop
      vertex 11.398588890195153 11.744828076666167 50
      vertex 11.448301064549444 11.75990809989145 50
      vertex 11.402454838991936 11.990392640201616 50
    endloop
  endfacet
  facet normal 0 0 1
    outer loop
      vertex 11.448301064549444 11.75990809989145 50
      vertex 11.5 11.765000000596046 50
      vertex 11.5 12 50
    endloop
  endfacet
  facet normal 0 0 1
    outer loop
      vertex 11.402454838991936 11.990392640201616 50
      vertex 11.448301064549444 11.75990809989145 50
      vertex 11.5 12 50
    endloop
  endfacet
  facet normal 0 0 1
    outer loop
      vertex 11.5 11.765000000596046 50
      vertex 11.551698935450556 11.75990809989145 50
      vertex 11.597545161008064 11.990392640201616 50
    endloop
  endfacet
  facet normal 0 0 1
    outer loop
      vertex 11.551698935450556 11.75990809989145 50
      vertex 11.601411109804847 11.744828076666167 50
      vertex 11.691341716182546 11.961939766255643 50
    endloop
  endfacet
  facet normal 0 0 1
    outer loop
      vertex 11.551698935450556 11.75990809989145 50
      vertex 11.691341716182546 11.961939766255643 50
      vertex 11.597545161008064 11.990392640201616 50
    endloop
  endfacet
  facet normal 0 0 1
    outer loop
      vertex 11.5 11.765000000596046 50
      vertex 11.597545161008064 11.990392640201616 50
      vertex 11.5 12 50
    endloop
  endfacet
  facet normal 0 0 1
    outer loop
      vertex 11.853553390593273 11.146446609406727 50
      vertex 11.72033944775577 11.35277388791866 50
      vertex 11.687383297435904 11.312616702564096 50
    endloop
  endfacet
  facet normal 0 0 1
    outer loop
      vertex 11.915734806151272 11.2222148834902 50
      vertex 11.744828076666167 11.398588890195153 50
      vertex 11.72033944775577 11.35277388791866 50
    endloop
  endfacet
  facet normal 0 0 1
    outer loop
      vertex 11.915734806151272 11.2222148834902 50
      vertex 11.961939766255643 11.308658283817454 50
      vertex 11.744828076666167 11.398588890195153 50
    endloop
  endfacet
  facet normal 0 0 1
    outer loop
      vertex 11.744828076666167 11.398588890195153 50
      vertex 11.961939766255643 11.308658283817454 50
      vertex 11.75990809989145 11.448301064549444 50
    endloop
  endfacet
  facet normal 0 0 1
    outer loop
      vertex 11.75990809989145 11.448301064549444 50
      vertex 11.961939766255643 11.308658283817454 50
      vertex 11.990392640201616 11.402454838991936 50
    endloop
  endfacet
  facet normal 0 0 1
    outer loop
      vertex 11.75990809989145 11.448301064549444 50
      vertex 11.990392640201616 11.402454838991936 50
      vertex 11.765000000596046 11.5 50
    endloop
  endfacet
  facet normal 0 0 1
    outer loop
      vertex 11.765000000596046 11.5 50
      vertex 12 11.5 50
      vertex 11.75990809989145 11.551698935450556 50
    endloop
  endfacet
  facet normal 0 0 1
    outer loop
      vertex 11.75990809989145 11.551698935450556 50
      vertex 11.990392640201616 11.597545161008064 50
      vertex 11.744828076666167 11.601411109804847 50
    endloop
  endfacet
  facet normal 0 0 1
    outer loop
      vertex 11.765000000596046 11.5 50
      vertex 11.990392640201616 11.402454838991936 50
      vertex 12 11.5 50
    endloop
  endfacet
  facet normal 0 0 1
    outer loop
      vertex 11.75990809989145 11.551698935450556 50
      vertex 12 11.5 50
      vertex 11.990392640201616 11.597545161008064 50
    endloop
  endfacet
  facet normal 0 0 1
    outer loop
      vertex 11.601411109804847 11.744828076666167 50
      vertex 11.64722611208134 11.72033944775577 50
      vertex 11.7777851165098 11.915734806151272 50
    endloop
  endfacet
  facet normal 0 0 1
    outer loop
      vertex 11.744828076666167 11.601411109804847 50
      vertex 11.961939766255643 11.691341716182546 50
      vertex 11.72033944775577 11.64722611208134 50
    endloop
  endfacet
  facet normal 0 0 1
    outer loop
      vertex 11.687383297435904 11.687383297435904 50
      vertex 11.72033944775577 11.64722611208134 50
      vertex 11.915734806151272 11.7777851165098 50
    endloop
  endfacet
  facet normal 0 0 1
    outer loop
      vertex 11.687383297435904 11.687383297435904 50
      vertex 11.853553390593273 11.853553390593273 50
      vertex 11.64722611208134 11.72033944775577 50
    endloop
  endfacet
  facet normal 0 0 1
    outer loop
      vertex 11.601411109804847 11.744828076666167 50
      vertex 11.7777851165098 11.915734806151272 50
      vertex 11.691341716182546 11.961939766255643 50
    endloop
  endfacet
  facet normal 0 0 1
    outer loop
      vertex 11.64722611208134 11.72033944775577 50
      vertex 11.853553390593273 11.853553390593273 50
      vertex 11.7777851165098 11.915734806151272 50
    endloop
  endfacet
  facet normal 0 0 1
    outer loop
      vertex 11.744828076666167 11.601411109804847 50
      vertex 11.990392640201616 11.597545161008064 50
      vertex 11.961939766255643 11.691341716182546 50
    endloop
  endfacet
  facet normal 0 0 1
    outer loop
      vertex 11.72033944775577 11.64722611208134 50
      vertex 11.961939766255643 11.691341716182546 50
      vertex 11.915734806151272 11.7777851165098 50
    endloop
  endfacet
  facet normal 0 0 1
    outer loop
      vertex 11.687383297435904 11.687383297435904 50
      vertex 11.915734806151272 11.7777851165098 50
      vertex 11.853553390593273 11.853553390593273 50
    endloop
  endfacet
  facet normal 0.4713967368260132 0.8819212643483467 0
    outer loop
      vertex -11.64722611208134 -11.72033944775577 0
      vertex -11.64722611208134 -11.72033944775577 50
      vertex -11.601411109804847 -11.744828076666167 0
    endloop
  endfacet
  facet normal 0.6343932841636358 0.7730104533627449 0
    outer loop
      vertex -11.64722611208134 -11.72033944775577 0
      vertex -11.687383297435904 -11.687383297435904 0
      vertex -11.687383297435904 -11.687383297435904 50
    endloop
  endfacet
  facet normal 0.7730104533627449 0.6343932841636358 0
    outer loop
      vertex -11.72033944775577 -11.64722611208134 0
      vertex -11.72033944775577 -11.64722611208134 50
      vertex -11.687383297435904 -11.687383297435904 0
    endloop
  endfacet
  facet normal 0.8819212643483467 0.4713967368260132 0
    outer loop
      vertex -11.72033944775577 -11.64722611208134 0
      vertex -11.744828076666167 -11.601411109804847 0
      vertex -11.744828076666167 -11.601411109804847 50
    endloop
  endfacet
  facet normal 0.9569403357322178 0.290284677254433 0
    outer loop
      vertex -11.744828076666167 -11.601411109804847 0
      vertex -11.75990809989145 -11.551698935450556 0
      vertex -11.75990809989145 -11.551698935450556 50
    endloop
  endfacet
  facet normal 0.9951847266721957 0.09801714032957172 0
    outer loop
      vertex -11.75990809989145 -11.551698935450556 0
      vertex -11.765000000596046 -11.5 0
      vertex -11.765000000596046 -11.5 50
    endloop
  endfacet
  facet normal 0.9951847266721957 -0.09801714032957172 0
    outer loop
      vertex -11.765000000596046 -11.5 0
      vertex -11.75990809989145 -11.448301064549444 0
      vertex -11.75990809989145 -11.448301064549444 50
    endloop
  endfacet
  facet normal 0.9569403357322178 -0.290284677254433 0
    outer loop
      vertex -11.75990809989145 -11.448301064549444 0
      vertex -11.744828076666167 -11.398588890195153 0
      vertex -11.744828076666167 -11.398588890195153 50
    endloop
  endfacet
  facet normal 0.8819212643483467 -0.4713967368260132 0
    outer loop
      vertex -11.744828076666167 -11.398588890195153 0
      vertex -11.72033944775577 -11.35277388791866 0
      vertex -11.72033944775577 -11.35277388791866 50
    endloop
  endfacet
  facet normal 0.7730104533627449 -0.6343932841636358 0
    outer loop
      vertex -11.72033944775577 -11.35277388791866 0
      vertex -11.687383297435904 -11.312616702564096 0
      vertex -11.687383297435904 -11.312616702564096 50
    endloop
  endfacet
  facet normal 0.6343932841636358 -0.7730104533627449 0
    outer loop
      vertex -11.687383297435904 -11.312616702564096 0
      vertex -11.64722611208134 -11.27966055224423 0
      vertex -11.64722611208134 -11.27966055224423 50
    endloop
  endfacet
  facet normal 0.290284677254433 0.9569403357322178 0
    outer loop
      vertex -11.601411109804847 -11.744828076666167 0
      vertex -11.601411109804847 -11.744828076666167 50
      vertex -11.551698935450556 -11.75990809989145 0
    endloop
  endfacet
  facet normal 0.09801714032957172 0.9951847266721957 0
    outer loop
      vertex -11.551698935450556 -11.75990809989145 0
      vertex -11.551698935450556 -11.75990809989145 50
      vertex -11.5 -11.765000000596046 0
    endloop
  endfacet
  facet normal -0.09801714032957172 0.9951847266721957 0
    outer loop
      vertex -11.5 -11.765000000596046 0
      vertex -11.5 -11.765000000596046 50
      vertex -11.448301064549444 -11.75990809989145 0
    endloop
  endfacet
  facet normal -0.290284677254433 0.9569403357322178 0
    outer loop
      vertex -11.448301064549444 -11.75990809989145 0
      vertex -11.448301064549444 -11.75990809989145 50
      vertex -11.398588890195153 -11.744828076666167 0
    endloop
  endfacet
  facet normal -0.4713967368260132 0.8819212643483467 0
    outer loop
      vertex -11.398588890195153 -11.744828076666167 0
      vertex -11.398588890195153 -11.744828076666167 50
      vertex -11.35277388791866 -11.72033944775577 0
    endloop
  endfacet
  facet normal -0.6343932841636358 0.7730104533627449 0
    outer loop
      vertex -11.35277388791866 -11.72033944775577 0
      vertex -11.35277388791866 -11.72033944775577 50
      vertex -11.312616702564096 -11.687383297435904 0
    endloop
  endfacet
  facet normal -0.7730104533627449 0.6343932841636358 0
    outer loop
      vertex -11.312616702564096 -11.687383297435904 0
      vertex -11.312616702564096 -11.687383297435904 50
      vertex -11.27966055224423 -11.64722611208134 0
    endloop
  endfacet
  facet normal -0.8819212643483467 0.4713967368260132 0
    outer loop
      vertex -11.27966055224423 -11.64722611208134 0
      vertex -11.27966055224423 -11.64722611208134 50
      vertex -11.255171923333833 -11.601411109804847 0
    endloop
  endfacet
  facet normal 0.4713967368260132 -0.8819212643483467 0
    outer loop
      vertex -11.64722611208134 -11.27966055224423 0
      vertex -11.601411109804847 -11.255171923333833 0
      vertex -11.601411109804847 -11.255171923333833 50
    endloop
  endfacet
  facet normal -0.9569403357322178 0.290284677254433 0
    outer loop
      vertex -11.255171923333833 -11.601411109804847 0
      vertex -11.255171923333833 -11.601411109804847 50
      vertex -11.24009190010855 -11.551698935450556 0
    endloop
  endfacet
  facet normal -0.290284677254433 -0.9569403357322178 0
    outer loop
      vertex -11.398588890195153 -11.255171923333833 0
      vertex -11.398588890195153 -11.255171923333833 50
      vertex -11.448301064549444 -11.24009190010855 0
    endloop
  endfacet
  facet normal -0.4713967368260132 -0.8819212643483467 0
    outer loop
      vertex -11.398588890195153 -11.255171923333833 0
      vertex -11.35277388791866 -11.27966055224423 0
      vertex -11.35277388791866 -11.27966055224423 50
    endloop
  endfacet
  facet normal -0.8819212643483467 -0.4713967368260132 0
    outer loop
      vertex -11.255171923333833 -11.398588890195153 0
      vertex -11.255171923333833 -11.398588890195153 50
      vertex -11.27966055224423 -11.35277388791866 0
    endloop
  endfacet
  facet normal -0.6343932841636358 -0.7730104533627449 0
    outer loop
      vertex -11.35277388791866 -11.27966055224423 0
      vertex -11.312616702564096 -11.312616702564096 0
      vertex -11.312616702564096 -11.312616702564096 50
    endloop
  endfacet
  facet normal -0.7730104533627449 -0.6343932841636358 0
    outer loop
      vertex -11.27966055224423 -11.35277388791866 0
      vertex -11.27966055224423 -11.35277388791866 50
      vertex -11.312616702564096 -11.312616702564096 0
    endloop
  endfacet
  facet normal 0.290284677254433 -0.9569403357322178 0
    outer loop
      vertex -11.601411109804847 -11.255171923333833 0
      vertex -11.551698935450556 -11.24009190010855 0
      vertex -11.551698935450556 -11.24009190010855 50
    endloop
  endfacet
  facet normal 0.09801714032957172 -0.9951847266721957 0
    outer loop
      vertex -11.551698935450556 -11.24009190010855 0
      vertex -11.5 -11.234999999403954 0
      vertex -11.5 -11.234999999403954 50
    endloop
  endfacet
  facet normal -0.09801714032957172 -0.9951847266721957 0
    outer loop
      vertex -11.5 -11.234999999403954 0
      vertex -11.448301064549444 -11.24009190010855 0
      vertex -11.448301064549444 -11.24009190010855 50
    endloop
  endfacet
  facet normal -0.9951847266721957 0.09801714032957172 0
    outer loop
      vertex -11.24009190010855 -11.551698935450556 0
      vertex -11.24009190010855 -11.551698935450556 50
      vertex -11.234999999403954 -11.5 0
    endloop
  endfacet
  facet normal -0.9951847266721957 -0.09801714032957172 0
    outer loop
      vertex -11.234999999403954 -11.5 0
      vertex -11.234999999403954 -11.5 50
      vertex -11.24009190010855 -11.448301064549444 0
    endloop
  endfacet
  facet normal -0.9569403357322178 -0.290284677254433 0
    outer loop
      vertex -11.255171923333833 -11.398588890195153 0
      vertex -11.24009190010855 -11.448301064549444 0
      vertex -11.24009190010855 -11.448301064549444 50
    endloop
  endfacet
  facet normal 0.8819212643483467 0.4713967368260132 0
    outer loop
      vertex -11.72033944775577 -11.64722611208134 0
      vertex -11.744828076666167 -11.601411109804847 50
      vertex -11.72033944775577 -11.64722611208134 50
    endloop
  endfacet
  facet normal 0.7730104533627449 0.6343932841636358 0
    outer loop
      vertex -11.687383297435904 -11.687383297435904 0
      vertex -11.72033944775577 -11.64722611208134 50
      vertex -11.687383297435904 -11.687383297435904 50
    endloop
  endfacet
  facet normal 0.6343932841636358 0.7730104533627449 0
    outer loop
      vertex -11.64722611208134 -11.72033944775577 0
      vertex -11.687383297435904 -11.687383297435904 50
      vertex -11.64722611208134 -11.72033944775577 50
    endloop
  endfacet
  facet normal 0.9569403357322178 0.290284677254433 0
    outer loop
      vertex -11.744828076666167 -11.601411109804847 0
      vertex -11.75990809989145 -11.551698935450556 50
      vertex -11.744828076666167 -11.601411109804847 50
    endloop
  endfacet
  facet normal 0.9951847266721957 0.09801714032957172 0
    outer loop
      vertex -11.75990809989145 -11.551698935450556 0
      vertex -11.765000000596046 -11.5 50
      vertex -11.75990809989145 -11.551698935450556 50
    endloop
  endfacet
  facet normal 0.9951847266721957 -0.09801714032957172 0
    outer loop
      vertex -11.765000000596046 -11.5 0
      vertex -11.75990809989145 -11.448301064549444 50
      vertex -11.765000000596046 -11.5 50
    endloop
  endfacet
  facet normal 0.9569403357322178 -0.290284677254433 0
    outer loop
      vertex -11.75990809989145 -11.448301064549444 0
      vertex -11.744828076666167 -11.398588890195153 50
      vertex -11.75990809989145 -11.448301064549444 50
    endloop
  endfacet
  facet normal 0.8819212643483467 -0.4713967368260132 0
    outer loop
      vertex -11.744828076666167 -11.398588890195153 0
      vertex -11.72033944775577 -11.35277388791866 50
      vertex -11.744828076666167 -11.398588890195153 50
    endloop
  endfacet
  facet normal 0.7730104533627449 -0.6343932841636358 0
    outer loop
      vertex -11.72033944775577 -11.35277388791866 0
      vertex -11.687383297435904 -11.312616702564096 50
      vertex -11.72033944775577 -11.35277388791866 50
    endloop
  endfacet
  facet normal 0.6343932841636358 -0.7730104533627449 0
    outer loop
      vertex -11.687383297435904 -11.312616702564096 0
      vertex -11.64722611208134 -11.27966055224423 50
      vertex -11.687383297435904 -11.312616702564096 50
    endloop
  endfacet
  facet normal 0.4713967368260132 -0.8819212643483467 0
    outer loop
      vertex -11.64722611208134 -11.27966055224423 0
      vertex -11.601411109804847 -11.255171923333833 50
      vertex -11.64722611208134 -11.27966055224423 50
    endloop
  endfacet
  facet normal 0.4713967368260132 0.8819212643483467 0
    outer loop
      vertex -11.601411109804847 -11.744828076666167 0
      vertex -11.64722611208134 -11.72033944775577 50
      vertex -11.601411109804847 -11.744828076666167 50
    endloop
  endfacet
  facet normal 0.290284677254433 0.9569403357322178 0
    outer loop
      vertex -11.551698935450556 -11.75990809989145 0
      vertex -11.601411109804847 -11.744828076666167 50
      vertex -11.551698935450556 -11.75990809989145 50
    endloop
  endfacet
  facet normal 0.09801714032957172 0.9951847266721957 0
    outer loop
      vertex -11.5 -11.765000000596046 0
      vertex -11.551698935450556 -11.75990809989145 50
      vertex -11.5 -11.765000000596046 50
    endloop
  endfacet
  facet normal -0.09801714032957172 0.9951847266721957 0
    outer loop
      vertex -11.448301064549444 -11.75990809989145 0
      vertex -11.5 -11.765000000596046 50
      vertex -11.448301064549444 -11.75990809989145 50
    endloop
  endfacet
  facet normal -0.290284677254433 0.9569403357322178 0
    outer loop
      vertex -11.398588890195153 -11.744828076666167 0
      vertex -11.448301064549444 -11.75990809989145 50
      vertex -11.398588890195153 -11.744828076666167 50
    endloop
  endfacet
  facet normal -0.4713967368260132 0.8819212643483467 0
    outer loop
      vertex -11.35277388791866 -11.72033944775577 0
      vertex -11.398588890195153 -11.744828076666167 50
      vertex -11.35277388791866 -11.72033944775577 50
    endloop
  endfacet
  facet normal -0.6343932841636358 0.7730104533627449 0
    outer loop
      vertex -11.312616702564096 -11.687383297435904 0
      vertex -11.35277388791866 -11.72033944775577 50
      vertex -11.312616702564096 -11.687383297435904 50
    endloop
  endfacet
  facet normal -0.7730104533627449 0.6343932841636358 0
    outer loop
      vertex -11.27966055224423 -11.64722611208134 0
      vertex -11.312616702564096 -11.687383297435904 50
      vertex -11.27966055224423 -11.64722611208134 50
    endloop
  endfacet
  facet normal 0.290284677254433 -0.9569403357322178 0
    outer loop
      vertex -11.601411109804847 -11.255171923333833 0
      vertex -11.551698935450556 -11.24009190010855 50
      vertex -11.601411109804847 -11.255171923333833 50
    endloop
  endfacet
  facet normal -0.8819212643483467 0.4713967368260132 0
    outer loop
      vertex -11.255171923333833 -11.601411109804847 0
      vertex -11.27966055224423 -11.64722611208134 50
      vertex -11.255171923333833 -11.601411109804847 50
    endloop
  endfacet
  facet normal -0.4713967368260132 -0.8819212643483467 0
    outer loop
      vertex -11.398588890195153 -11.255171923333833 0
      vertex -11.35277388791866 -11.27966055224423 50
      vertex -11.398588890195153 -11.255171923333833 50
    endloop
  endfacet
  facet normal -0.9569403357322178 -0.290284677254433 0
    outer loop
      vertex -11.255171923333833 -11.398588890195153 0
      vertex -11.24009190010855 -11.448301064549444 50
      vertex -11.255171923333833 -11.398588890195153 50
    endloop
  endfacet
  facet normal -0.8819212643483467 -0.4713967368260132 0
    outer loop
      vertex -11.27966055224423 -11.35277388791866 0
      vertex -11.255171923333833 -11.398588890195153 50
      vertex -11.27966055224423 -11.35277388791866 50
    endloop
  endfacet
  facet normal -0.7730104533627449 -0.6343932841636358 0
    outer loop
      vertex -11.312616702564096 -11.312616702564096 0
      vertex -11.27966055224423 -11.35277388791866 50
      vertex -11.312616702564096 -11.312616702564096 50
    endloop
  endfacet
  facet normal -0.6343932841636358 -0.7730104533627449 0
    outer loop
      vertex -11.35277388791866 -11.27966055224423 0
      vertex -11.312616702564096 -11.312616702564096 50
      vertex -11.35277388791866 -11.27966055224423 50
    endloop
  endfacet
  facet normal 0.09801714032957172 -0.9951847266721957 0
    outer loop
      vertex -11.551698935450556 -11.24009190010855 0
      vertex -11.5 -11.234999999403954 50
      vertex -11.551698935450556 -11.24009190010855 50
    endloop
  endfacet
  facet normal -0.09801714032957172 -0.9951847266721957 0
    outer loop
      vertex -11.5 -11.234999999403954 0
      vertex -11.448301064549444 -11.24009190010855 50
      vertex -11.5 -11.234999999403954 50
    endloop
  endfacet
  facet normal -0.290284677254433 -0.9569403357322178 0
    outer loop
      vertex -11.448301064549444 -11.24009190010855 0
      vertex -11.398588890195153 -11.255171923333833 50
      vertex -11.448301064549444 -11.24009190010855 50
    endloop
  endfacet
  facet normal -0.9569403357322178 0.290284677254433 0
    outer loop
      vertex -11.24009190010855 -11.551698935450556 0
      vertex -11.255171923333833 -11.601411109804847 50
      vertex -11.24009190010855 -11.551698935450556 50
    endloop
  endfacet
  facet normal -0.9951847266721957 0.09801714032957172 0
    outer loop
      vertex -11.234999999403954 -11.5 0
      vertex -11.24009190010855 -11.551698935450556 50
      vertex -11.234999999403954 -11.5 50
    endloop
  endfacet
  facet normal -0.9951847266721957 -0.09801714032957172 0
    outer loop
      vertex -11.24009190010855 -11.448301064549444 0
      vertex -11.234999999403954 -11.5 50
      vertex -11.24009190010855 -11.448301064549444 50
    endloop
  endfacet
  facet normal 0.09801714032957172 0.9951847266721957 0
    outer loop
      vertex -11.551698935450556 11.24009190010855 0
      vertex -11.551698935450556 11.24009190010855 50
      vertex -11.5 11.234999999403954 0
    endloop
  endfacet
  facet normal -0.09801714032957172 0.9951847266721957 0
    outer loop
      vertex -11.5 11.234999999403954 0
      vertex -11.5 11.234999999403954 50
      vertex -11.448301064549444 11.24009190010855 0
    endloop
  endfacet
  facet normal -0.290284677254433 0.9569403357322178 0
    outer loop
      vertex -11.448301064549444 11.24009190010855 0
      vertex -11.448301064549444 11.24009190010855 50
      vertex -11.398588890195153 11.255171923333833 0
    endloop
  endfacet
  facet normal 0.8819212643483467 0.4713967368260132 0
    outer loop
      vertex -11.72033944775577 11.35277388791866 0
      vertex -11.744828076666167 11.398588890195153 0
      vertex -11.744828076666167 11.398588890195153 50
    endloop
  endfacet
  facet normal 0.9569403357322178 0.290284677254433 0
    outer loop
      vertex -11.744828076666167 11.398588890195153 0
      vertex -11.75990809989145 11.448301064549444 0
      vertex -11.75990809989145 11.448301064549444 50
    endloop
  endfacet
  facet normal 0.7730104533627449 0.6343932841636358 0
    outer loop
      vertex -11.72033944775577 11.35277388791866 0
      vertex -11.72033944775577 11.35277388791866 50
      vertex -11.687383297435904 11.312616702564096 0
    endloop
  endfacet
  facet normal 0.6343932841636358 0.7730104533627449 0
    outer loop
      vertex -11.687383297435904 11.312616702564096 0
      vertex -11.687383297435904 11.312616702564096 50
      vertex -11.64722611208134 11.27966055224423 0
    endloop
  endfacet
  facet normal 0.4713967368260132 0.8819212643483467 0
    outer loop
      vertex -11.64722611208134 11.27966055224423 0
      vertex -11.64722611208134 11.27966055224423 50
      vertex -11.601411109804847 11.255171923333833 0
    endloop
  endfacet
  facet normal 0.9951847266721957 0.09801714032957172 0
    outer loop
      vertex -11.75990809989145 11.448301064549444 0
      vertex -11.765000000596046 11.5 0
      vertex -11.765000000596046 11.5 50
    endloop
  endfacet
  facet normal 0.9951847266721957 -0.09801714032957172 0
    outer loop
      vertex -11.765000000596046 11.5 0
      vertex -11.75990809989145 11.551698935450556 0
      vertex -11.75990809989145 11.551698935450556 50
    endloop
  endfacet
  facet normal 0.9569403357322178 -0.290284677254433 0
    outer loop
      vertex -11.75990809989145 11.551698935450556 0
      vertex -11.744828076666167 11.601411109804847 0
      vertex -11.744828076666167 11.601411109804847 50
    endloop
  endfacet
  facet normal 0.8819212643483467 -0.4713967368260132 0
    outer loop
      vertex -11.744828076666167 11.601411109804847 0
      vertex -11.72033944775577 11.64722611208134 0
      vertex -11.72033944775577 11.64722611208134 50
    endloop
  endfacet
  facet normal 0.7730104533627449 -0.6343932841636358 0
    outer loop
      vertex -11.72033944775577 11.64722611208134 0
      vertex -11.687383297435904 11.687383297435904 0
      vertex -11.687383297435904 11.687383297435904 50
    endloop
  endfacet
  facet normal 0.6343932841636358 -0.7730104533627449 0
    outer loop
      vertex -11.687383297435904 11.687383297435904 0
      vertex -11.64722611208134 11.72033944775577 0
      vertex -11.64722611208134 11.72033944775577 50
    endloop
  endfacet
  facet normal 0.290284677254433 0.9569403357322178 0
    outer loop
      vertex -11.551698935450556 11.24009190010855 0
      vertex -11.601411109804847 11.255171923333833 0
      vertex -11.601411109804847 11.255171923333833 50
    endloop
  endfacet
  facet normal -0.4713967368260132 0.8819212643483467 0
    outer loop
      vertex -11.398588890195153 11.255171923333833 0
      vertex -11.398588890195153 11.255171923333833 50
      vertex -11.35277388791866 11.27966055224423 0
    endloop
  endfacet
  facet normal -0.6343932841636358 0.7730104533627449 0
    outer loop
      vertex -11.35277388791866 11.27966055224423 0
      vertex -11.35277388791866 11.27966055224423 50
      vertex -11.312616702564096 11.312616702564096 0
    endloop
  endfacet
  facet normal -0.7730104533627449 0.6343932841636358 0
    outer loop
      vertex -11.312616702564096 11.312616702564096 0
      vertex -11.312616702564096 11.312616702564096 50
      vertex -11.27966055224423 11.35277388791866 0
    endloop
  endfacet
  facet normal -0.8819212643483467 0.4713967368260132 0
    outer loop
      vertex -11.27966055224423 11.35277388791866 0
      vertex -11.27966055224423 11.35277388791866 50
      vertex -11.255171923333833 11.398588890195153 0
    endloop
  endfacet
  facet normal -0.9569403357322178 0.290284677254433 0
    outer loop
      vertex -11.255171923333833 11.398588890195153 0
      vertex -11.255171923333833 11.398588890195153 50
      vertex -11.24009190010855 11.448301064549444 0
    endloop
  endfacet
  facet normal -0.8819212643483467 -0.4713967368260132 0
    outer loop
      vertex -11.255171923333833 11.601411109804847 0
      vertex -11.255171923333833 11.601411109804847 50
      vertex -11.27966055224423 11.64722611208134 0
    endloop
  endfacet
  facet normal 0.4713967368260132 -0.8819212643483467 0
    outer loop
      vertex -11.64722611208134 11.72033944775577 0
      vertex -11.601411109804847 11.744828076666167 0
      vertex -11.601411109804847 11.744828076666167 50
    endloop
  endfacet
  facet normal 0.290284677254433 -0.9569403357322178 0
    outer loop
      vertex -11.601411109804847 11.744828076666167 0
      vertex -11.551698935450556 11.75990809989145 0
      vertex -11.551698935450556 11.75990809989145 50
    endloop
  endfacet
  facet normal 0.09801714032957172 -0.9951847266721957 0
    outer loop
      vertex -11.551698935450556 11.75990809989145 0
      vertex -11.5 11.765000000596046 0
      vertex -11.5 11.765000000596046 50
    endloop
  endfacet
  facet normal -0.09801714032957172 -0.9951847266721957 0
    outer loop
      vertex -11.5 11.765000000596046 0
      vertex -11.448301064549444 11.75990809989145 0
      vertex -11.448301064549444 11.75990809989145 50
    endloop
  endfacet
  facet normal -0.290284677254433 -0.9569403357322178 0
    outer loop
      vertex -11.448301064549444 11.75990809989145 0
      vertex -11.398588890195153 11.744828076666167 0
      vertex -11.398588890195153 11.744828076666167 50
    endloop
  endfacet
  facet normal -0.4713967368260132 -0.8819212643483467 0
    outer loop
      vertex -11.398588890195153 11.744828076666167 0
      vertex -11.35277388791866 11.72033944775577 0
      vertex -11.35277388791866 11.72033944775577 50
    endloop
  endfacet
  facet normal -0.6343932841636358 -0.7730104533627449 0
    outer loop
      vertex -11.35277388791866 11.72033944775577 0
      vertex -11.312616702564096 11.687383297435904 0
      vertex -11.312616702564096 11.687383297435904 50
    endloop
  endfacet
  facet normal -0.7730104533627449 -0.6343932841636358 0
    outer loop
      vertex -11.312616702564096 11.687383297435904 0
      vertex -11.27966055224423 11.64722611208134 0
      vertex -11.27966055224423 11.64722611208134 50
    endloop
  endfacet
  facet normal -0.9951847266721957 0.09801714032957172 0
    outer loop
      vertex -11.24009190010855 11.448301064549444 0
      vertex -11.24009190010855 11.448301064549444 50
      vertex -11.234999999403954 11.5 0
    endloop
  endfacet
  facet normal -0.9951847266721957 -0.09801714032957172 0
    outer loop
      vertex -11.234999999403954 11.5 0
      vertex -11.234999999403954 11.5 50
      vertex -11.24009190010855 11.551698935450556 0
    endloop
  endfacet
  facet normal -0.9569403357322178 -0.290284677254433 0
    outer loop
      vertex -11.255171923333833 11.601411109804847 0
      vertex -11.24009190010855 11.551698935450556 0
      vertex -11.24009190010855 11.551698935450556 50
    endloop
  endfacet
  facet normal 0.290284677254433 0.9569403357322178 0
    outer loop
      vertex -11.551698935450556 11.24009190010855 0
      vertex -11.601411109804847 11.255171923333833 50
      vertex -11.551698935450556 11.24009190010855 50
    endloop
  endfacet
  facet normal 0.09801714032957172 0.9951847266721957 0
    outer loop
      vertex -11.5 11.234999999403954 0
      vertex -11.551698935450556 11.24009190010855 50
      vertex -11.5 11.234999999403954 50
    endloop
  endfacet
  facet normal -0.09801714032957172 0.9951847266721957 0
    outer loop
      vertex -11.448301064549444 11.24009190010855 0
      vertex -11.5 11.234999999403954 50
      vertex -11.448301064549444 11.24009190010855 50
    endloop
  endfacet
  facet normal 0.8819212643483467 0.4713967368260132 0
    outer loop
      vertex -11.72033944775577 11.35277388791866 0
      vertex -11.744828076666167 11.398588890195153 50
      vertex -11.72033944775577 11.35277388791866 50
    endloop
  endfacet
  facet normal 0.9569403357322178 0.290284677254433 0
    outer loop
      vertex -11.744828076666167 11.398588890195153 0
      vertex -11.75990809989145 11.448301064549444 50
      vertex -11.744828076666167 11.398588890195153 50
    endloop
  endfacet
  facet normal 0.7730104533627449 0.6343932841636358 0
    outer loop
      vertex -11.687383297435904 11.312616702564096 0
      vertex -11.72033944775577 11.35277388791866 50
      vertex -11.687383297435904 11.312616702564096 50
    endloop
  endfacet
  facet normal 0.6343932841636358 0.7730104533627449 0
    outer loop
      vertex -11.64722611208134 11.27966055224423 0
      vertex -11.687383297435904 11.312616702564096 50
      vertex -11.64722611208134 11.27966055224423 50
    endloop
  endfacet
  facet normal 0.9951847266721957 0.09801714032957172 0
    outer loop
      vertex -11.75990809989145 11.448301064549444 0
      vertex -11.765000000596046 11.5 50
      vertex -11.75990809989145 11.448301064549444 50
    endloop
  endfacet
  facet normal 0.9951847266721957 -0.09801714032957172 0
    outer loop
      vertex -11.765000000596046 11.5 0
      vertex -11.75990809989145 11.551698935450556 50
      vertex -11.765000000596046 11.5 50
    endloop
  endfacet
  facet normal 0.9569403357322178 -0.290284677254433 0
    outer loop
      vertex -11.75990809989145 11.551698935450556 0
      vertex -11.744828076666167 11.601411109804847 50
      vertex -11.75990809989145 11.551698935450556 50
    endloop
  endfacet
  facet normal 0.8819212643483467 -0.4713967368260132 0
    outer loop
      vertex -11.744828076666167 11.601411109804847 0
      vertex -11.72033944775577 11.64722611208134 50
      vertex -11.744828076666167 11.601411109804847 50
    endloop
  endfacet
  facet normal 0.7730104533627449 -0.6343932841636358 0
    outer loop
      vertex -11.72033944775577 11.64722611208134 0
      vertex -11.687383297435904 11.687383297435904 50
      vertex -11.72033944775577 11.64722611208134 50
    endloop
  endfacet
  facet normal 0.6343932841636358 -0.7730104533627449 0
    outer loop
      vertex -11.687383297435904 11.687383297435904 0
      vertex -11.64722611208134 11.72033944775577 50
      vertex -11.687383297435904 11.687383297435904 50
    endloop
  endfacet
  facet normal 0.4713967368260132 -0.8819212643483467 0
    outer loop
      vertex -11.64722611208134 11.72033944775577 0
      vertex -11.601411109804847 11.744828076666167 50
      vertex -11.64722611208134 11.72033944775577 50
    endloop
  endfacet
  facet normal 0.4713967368260132 0.8819212643483467 0
    outer loop
      vertex -11.601411109804847 11.255171923333833 0
      vertex -11.64722611208134 11.27966055224423 50
      vertex -11.601411109804847 11.255171923333833 50
    endloop
  endfacet
  facet normal -0.290284677254433 0.9569403357322178 0
    outer loop
      vertex -11.398588890195153 11.255171923333833 0
      vertex -11.448301064549444 11.24009190010855 50
      vertex -11.398588890195153 11.255171923333833 50
    endloop
  endfacet
  facet normal -0.4713967368260132 0.8819212643483467 0
    outer loop
      vertex -11.35277388791866 11.27966055224423 0
      vertex -11.398588890195153 11.255171923333833 50
      vertex -11.35277388791866 11.27966055224423 50
    endloop
  endfacet
  facet normal -0.6343932841636358 0.7730104533627449 0
    outer loop
      vertex -11.312616702564096 11.312616702564096 0
      vertex -11.35277388791866 11.27966055224423 50
      vertex -11.312616702564096 11.312616702564096 50
    endloop
  endfacet
  facet normal -0.7730104533627449 0.6343932841636358 0
    outer loop
      vertex -11.27966055224423 11.35277388791866 0
      vertex -11.312616702564096 11.312616702564096 50
      vertex -11.27966055224423 11.35277388791866 50
    endloop
  endfacet
  facet normal -0.8819212643483467 0.4713967368260132 0
    outer loop
      vertex -11.255171923333833 11.398588890195153 0
      vertex -11.27966055224423 11.35277388791866 50
      vertex -11.255171923333833 11.398588890195153 50
    endloop
  endfacet
  facet normal -0.9569403357322178 -0.290284677254433 0
    outer loop
      vertex -11.255171923333833 11.601411109804847 0
      vertex -11.24009190010855 11.551698935450556 50
      vertex -11.255171923333833 11.601411109804847 50
    endloop
  endfacet
  facet normal 0.290284677254433 -0.9569403357322178 0
    outer loop
      vertex -11.601411109804847 11.744828076666167 0
      vertex -11.551698935450556 11.75990809989145 50
      vertex -11.601411109804847 11.744828076666167 50
    endloop
  endfacet
  facet normal 0.09801714032957172 -0.9951847266721957 0
    outer loop
      vertex -11.551698935450556 11.75990809989145 0
      vertex -11.5 11.765000000596046 50
      vertex -11.551698935450556 11.75990809989145 50
    endloop
  endfacet
  facet normal -0.09801714032957172 -0.9951847266721957 0
    outer loop
      vertex -11.5 11.765000000596046 0
      vertex -11.448301064549444 11.75990809989145 50
      vertex -11.5 11.765000000596046 50
    endloop
  endfacet
  facet normal -0.290284677254433 -0.9569403357322178 0
    outer loop
      vertex -11.448301064549444 11.75990809989145 0
      vertex -11.398588890195153 11.744828076666167 50
      vertex -11.448301064549444 11.75990809989145 50
    endloop
  endfacet
  facet normal -0.4713967368260132 -0.8819212643483467 0
    outer loop
      vertex -11.398588890195153 11.744828076666167 0
      vertex -11.35277388791866 11.72033944775577 50
      vertex -11.398588890195153 11.744828076666167 50
    endloop
  endfacet
  facet normal -0.6343932841636358 -0.7730104533627449 0
    outer loop
      vertex -11.35277388791866 11.72033944775577 0
      vertex -11.312616702564096 11.687383297435904 50
      vertex -11.35277388791866 11.72033944775577 50
    endloop
  endfacet
  facet normal -0.7730104533627449 -0.6343932841636358 0
    outer loop
      vertex -11.312616702564096 11.687383297435904 0
      vertex -11.27966055224423 11.64722611208134 50
      vertex -11.312616702564096 11.687383297435904 50
    endloop
  endfacet
  facet normal -0.8819212643483467 -0.4713967368260132 0
    outer loop
      vertex -11.27966055224423 11.64722611208134 0
      vertex -11.255171923333833 11.601411109804847 50
      vertex -11.27966055224423 11.64722611208134 50
    endloop
  endfacet
  facet normal -0.9569403357322178 0.290284677254433 0
    outer loop
      vertex -11.24009190010855 11.448301064549444 0
      vertex -11.255171923333833 11.398588890195153 50
      vertex -11.24009190010855 11.448301064549444 50
    endloop
  endfacet
  facet normal -0.9951847266721957 0.09801714032957172 0
    outer loop
      vertex -11.234999999403954 11.5 0
      vertex -11.24009190010855 11.448301064549444 50
      vertex -11.234999999403954 11.5 50
    endloop
  endfacet
  facet normal -0.9951847266721957 -0.09801714032957172 0
    outer loop
      vertex -11.24009190010855 11.551698935450556 0
      vertex -11.234999999403954 11.5 50
      vertex -11.24009190010855 11.551698935450556 50
    endloop
  endfacet
  facet normal 0.9569403357322178 0.290284677254433 0
    outer loop
      vertex 11.24009190010855 -11.551698935450556 0
      vertex 11.24009190010855 -11.551698935450556 50
      vertex 11.255171923333833 -11.601411109804847 0
    endloop
  endfacet
  facet normal 0.9951847266721957 0.09801714032957172 0
    outer loop
      vertex 11.24009190010855 -11.551698935450556 0
      vertex 11.234999999403954 -11.5 0
      vertex 11.234999999403954 -11.5 50
    endloop
  endfacet
  facet normal 0.9951847266721957 -0.09801714032957172 0
    outer loop
      vertex 11.234999999403954 -11.5 0
      vertex 11.24009190010855 -11.448301064549444 0
      vertex 11.24009190010855 -11.448301064549444 50
    endloop
  endfacet
  facet normal 0.7730104533627449 0.6343932841636358 0
    outer loop
      vertex 11.27966055224423 -11.64722611208134 0
      vertex 11.27966055224423 -11.64722611208134 50
      vertex 11.312616702564096 -11.687383297435904 0
    endloop
  endfacet
  facet normal 0.6343932841636358 0.7730104533627449 0
    outer loop
      vertex 11.312616702564096 -11.687383297435904 0
      vertex 11.312616702564096 -11.687383297435904 50
      vertex 11.35277388791866 -11.72033944775577 0
    endloop
  endfacet
  facet normal 0.4713967368260132 0.8819212643483467 0
    outer loop
      vertex 11.35277388791866 -11.72033944775577 0
      vertex 11.35277388791866 -11.72033944775577 50
      vertex 11.398588890195153 -11.744828076666167 0
    endloop
  endfacet
  facet normal 0.290284677254433 0.9569403357322178 0
    outer loop
      vertex 11.398588890195153 -11.744828076666167 0
      vertex 11.398588890195153 -11.744828076666167 50
      vertex 11.448301064549444 -11.75990809989145 0
    endloop
  endfacet
  facet normal 0.09801714032957172 0.9951847266721957 0
    outer loop
      vertex 11.448301064549444 -11.75990809989145 0
      vertex 11.448301064549444 -11.75990809989145 50
      vertex 11.5 -11.765000000596046 0
    endloop
  endfacet
  facet normal -0.09801714032957172 0.9951847266721957 0
    outer loop
      vertex 11.5 -11.765000000596046 0
      vertex 11.5 -11.765000000596046 50
      vertex 11.551698935450556 -11.75990809989145 0
    endloop
  endfacet
  facet normal -0.290284677254433 0.9569403357322178 0
    outer loop
      vertex 11.551698935450556 -11.75990809989145 0
      vertex 11.551698935450556 -11.75990809989145 50
      vertex 11.601411109804847 -11.744828076666167 0
    endloop
  endfacet
  facet normal -0.4713967368260132 0.8819212643483467 0
    outer loop
      vertex 11.601411109804847 -11.744828076666167 0
      vertex 11.601411109804847 -11.744828076666167 50
      vertex 11.64722611208134 -11.72033944775577 0
    endloop
  endfacet
  facet normal 0.8819212643483467 0.4713967368260132 0
    outer loop
      vertex 11.27966055224423 -11.64722611208134 0
      vertex 11.255171923333833 -11.601411109804847 0
      vertex 11.255171923333833 -11.601411109804847 50
    endloop
  endfacet
  facet normal 0.9569403357322178 -0.290284677254433 0
    outer loop
      vertex 11.24009190010855 -11.448301064549444 0
      vertex 11.255171923333833 -11.398588890195153 0
      vertex 11.255171923333833 -11.398588890195153 50
    endloop
  endfacet
  facet normal 0.8819212643483467 -0.4713967368260132 0
    outer loop
      vertex 11.255171923333833 -11.398588890195153 0
      vertex 11.27966055224423 -11.35277388791866 0
      vertex 11.27966055224423 -11.35277388791866 50
    endloop
  endfacet
  facet normal 0.7730104533627449 -0.6343932841636358 0
    outer loop
      vertex 11.27966055224423 -11.35277388791866 0
      vertex 11.312616702564096 -11.312616702564096 0
      vertex 11.312616702564096 -11.312616702564096 50
    endloop
  endfacet
  facet normal 0.6343932841636358 -0.7730104533627449 0
    outer loop
      vertex 11.312616702564096 -11.312616702564096 0
      vertex 11.35277388791866 -11.27966055224423 0
      vertex 11.35277388791866 -11.27966055224423 50
    endloop
  endfacet
  facet normal 0.4713967368260132 -0.8819212643483467 0
    outer loop
      vertex 11.35277388791866 -11.27966055224423 0
      vertex 11.398588890195153 -11.255171923333833 0
      vertex 11.398588890195153 -11.255171923333833 50
    endloop
  endfacet
  facet normal -0.290284677254433 -0.9569403357322178 0
    outer loop
      vertex 11.601411109804847 -11.255171923333833 0
      vertex 11.601411109804847 -11.255171923333833 50
      vertex 11.551698935450556 -11.24009190010855 0
    endloop
  endfacet
  facet normal -0.6343932841636358 0.7730104533627449 0
    outer loop
      vertex 11.64722611208134 -11.72033944775577 0
      vertex 11.64722611208134 -11.72033944775577 50
      vertex 11.687383297435904 -11.687383297435904 0
    endloop
  endfacet
  facet normal -0.7730104533627449 0.6343932841636358 0
    outer loop
      vertex 11.687383297435904 -11.687383297435904 0
      vertex 11.687383297435904 -11.687383297435904 50
      vertex 11.72033944775577 -11.64722611208134 0
    endloop
  endfacet
  facet normal -0.8819212643483467 0.4713967368260132 0
    outer loop
      vertex 11.72033944775577 -11.64722611208134 0
      vertex 11.72033944775577 -11.64722611208134 50
      vertex 11.744828076666167 -11.601411109804847 0
    endloop
  endfacet
  facet normal -0.9569403357322178 0.290284677254433 0
    outer loop
      vertex 11.744828076666167 -11.601411109804847 0
      vertex 11.744828076666167 -11.601411109804847 50
      vertex 11.75990809989145 -11.551698935450556 0
    endloop
  endfacet
  facet normal -0.9951847266721957 0.09801714032957172 0
    outer loop
      vertex 11.75990809989145 -11.551698935450556 0
      vertex 11.75990809989145 -11.551698935450556 50
      vertex 11.765000000596046 -11.5 0
    endloop
  endfacet
  facet normal -0.9951847266721957 -0.09801714032957172 0
    outer loop
      vertex 11.765000000596046 -11.5 0
      vertex 11.765000000596046 -11.5 50
      vertex 11.75990809989145 -11.448301064549444 0
    endloop
  endfacet
  facet normal -0.4713967368260132 -0.8819212643483467 0
    outer loop
      vertex 11.601411109804847 -11.255171923333833 0
      vertex 11.64722611208134 -11.27966055224423 0
      vertex 11.64722611208134 -11.27966055224423 50
    endloop
  endfacet
  facet normal -0.6343932841636358 -0.7730104533627449 0
    outer loop
      vertex 11.64722611208134 -11.27966055224423 0
      vertex 11.687383297435904 -11.312616702564096 0
      vertex 11.687383297435904 -11.312616702564096 50
    endloop
  endfacet
  facet normal -0.7730104533627449 -0.6343932841636358 0
    outer loop
      vertex 11.687383297435904 -11.312616702564096 0
      vertex 11.72033944775577 -11.35277388791866 0
      vertex 11.72033944775577 -11.35277388791866 50
    endloop
  endfacet
  facet normal -0.9569403357322178 -0.290284677254433 0
    outer loop
      vertex 11.75990809989145 -11.448301064549444 0
      vertex 11.75990809989145 -11.448301064549444 50
      vertex 11.744828076666167 -11.398588890195153 0
    endloop
  endfacet
  facet normal -0.8819212643483467 -0.4713967368260132 0
    outer loop
      vertex 11.744828076666167 -11.398588890195153 0
      vertex 11.744828076666167 -11.398588890195153 50
      vertex 11.72033944775577 -11.35277388791866 0
    endloop
  endfacet
  facet normal 0.290284677254433 -0.9569403357322178 0
    outer loop
      vertex 11.398588890195153 -11.255171923333833 0
      vertex 11.448301064549444 -11.24009190010855 0
      vertex 11.448301064549444 -11.24009190010855 50
    endloop
  endfacet
  facet normal 0.09801714032957172 -0.9951847266721957 0
    outer loop
      vertex 11.448301064549444 -11.24009190010855 0
      vertex 11.5 -11.234999999403954 0
      vertex 11.5 -11.234999999403954 50
    endloop
  endfacet
  facet normal -0.09801714032957172 -0.9951847266721957 0
    outer loop
      vertex 11.5 -11.234999999403954 0
      vertex 11.551698935450556 -11.24009190010855 0
      vertex 11.551698935450556 -11.24009190010855 50
    endloop
  endfacet
  facet normal 0.9951847266721957 0.09801714032957172 0
    outer loop
      vertex 11.24009190010855 -11.551698935450556 0
      vertex 11.234999999403954 -11.5 50
      vertex 11.24009190010855 -11.551698935450556 50
    endloop
  endfacet
  facet normal 0.9951847266721957 -0.09801714032957172 0
    outer loop
      vertex 11.234999999403954 -11.5 0
      vertex 11.24009190010855 -11.448301064549444 50
      vertex 11.234999999403954 -11.5 50
    endloop
  endfacet
  facet normal 0.9569403357322178 -0.290284677254433 0
    outer loop
      vertex 11.24009190010855 -11.448301064549444 0
      vertex 11.255171923333833 -11.398588890195153 50
      vertex 11.24009190010855 -11.448301064549444 50
    endloop
  endfacet
  facet normal 0.8819212643483467 0.4713967368260132 0
    outer loop
      vertex 11.27966055224423 -11.64722611208134 0
      vertex 11.255171923333833 -11.601411109804847 50
      vertex 11.27966055224423 -11.64722611208134 50
    endloop
  endfacet
  facet normal 0.7730104533627449 0.6343932841636358 0
    outer loop
      vertex 11.312616702564096 -11.687383297435904 0
      vertex 11.27966055224423 -11.64722611208134 50
      vertex 11.312616702564096 -11.687383297435904 50
    endloop
  endfacet
  facet normal 0.6343932841636358 0.7730104533627449 0
    outer loop
      vertex 11.35277388791866 -11.72033944775577 0
      vertex 11.312616702564096 -11.687383297435904 50
      vertex 11.35277388791866 -11.72033944775577 50
    endloop
  endfacet
  facet normal 0.4713967368260132 0.8819212643483467 0
    outer loop
      vertex 11.398588890195153 -11.744828076666167 0
      vertex 11.35277388791866 -11.72033944775577 50
      vertex 11.398588890195153 -11.744828076666167 50
    endloop
  endfacet
  facet normal 0.290284677254433 0.9569403357322178 0
    outer loop
      vertex 11.448301064549444 -11.75990809989145 0
      vertex 11.398588890195153 -11.744828076666167 50
      vertex 11.448301064549444 -11.75990809989145 50
    endloop
  endfacet
  facet normal 0.09801714032957172 0.9951847266721957 0
    outer loop
      vertex 11.5 -11.765000000596046 0
      vertex 11.448301064549444 -11.75990809989145 50
      vertex 11.5 -11.765000000596046 50
    endloop
  endfacet
  facet normal -0.09801714032957172 0.9951847266721957 0
    outer loop
      vertex 11.551698935450556 -11.75990809989145 0
      vertex 11.5 -11.765000000596046 50
      vertex 11.551698935450556 -11.75990809989145 50
    endloop
  endfacet
  facet normal -0.290284677254433 0.9569403357322178 0
    outer loop
      vertex 11.601411109804847 -11.744828076666167 0
      vertex 11.551698935450556 -11.75990809989145 50
      vertex 11.601411109804847 -11.744828076666167 50
    endloop
  endfacet
  facet normal 0.9569403357322178 0.290284677254433 0
    outer loop
      vertex 11.255171923333833 -11.601411109804847 0
      vertex 11.24009190010855 -11.551698935450556 50
      vertex 11.255171923333833 -11.601411109804847 50
    endloop
  endfacet
  facet normal 0.8819212643483467 -0.4713967368260132 0
    outer loop
      vertex 11.255171923333833 -11.398588890195153 0
      vertex 11.27966055224423 -11.35277388791866 50
      vertex 11.255171923333833 -11.398588890195153 50
    endloop
  endfacet
  facet normal 0.7730104533627449 -0.6343932841636358 0
    outer loop
      vertex 11.27966055224423 -11.35277388791866 0
      vertex 11.312616702564096 -11.312616702564096 50
      vertex 11.27966055224423 -11.35277388791866 50
    endloop
  endfacet
  facet normal 0.6343932841636358 -0.7730104533627449 0
    outer loop
      vertex 11.312616702564096 -11.312616702564096 0
      vertex 11.35277388791866 -11.27966055224423 50
      vertex 11.312616702564096 -11.312616702564096 50
    endloop
  endfacet
  facet normal 0.4713967368260132 -0.8819212643483467 0
    outer loop
      vertex 11.35277388791866 -11.27966055224423 0
      vertex 11.398588890195153 -11.255171923333833 50
      vertex 11.35277388791866 -11.27966055224423 50
    endloop
  endfacet
  facet normal 0.290284677254433 -0.9569403357322178 0
    outer loop
      vertex 11.398588890195153 -11.255171923333833 0
      vertex 11.448301064549444 -11.24009190010855 50
      vertex 11.398588890195153 -11.255171923333833 50
    endloop
  endfacet
  facet normal -0.4713967368260132 -0.8819212643483467 0
    outer loop
      vertex 11.601411109804847 -11.255171923333833 0
      vertex 11.64722611208134 -11.27966055224423 50
      vertex 11.601411109804847 -11.255171923333833 50
    endloop
  endfacet
  facet normal -0.4713967368260132 0.8819212643483467 0
    outer loop
      vertex 11.64722611208134 -11.72033944775577 0
      vertex 11.601411109804847 -11.744828076666167 50
      vertex 11.64722611208134 -11.72033944775577 50
    endloop
  endfacet
  facet normal -0.6343932841636358 0.7730104533627449 0
    outer loop
      vertex 11.687383297435904 -11.687383297435904 0
      vertex 11.64722611208134 -11.72033944775577 50
      vertex 11.687383297435904 -11.687383297435904 50
    endloop
  endfacet
  facet normal -0.7730104533627449 0.6343932841636358 0
    outer loop
      vertex 11.72033944775577 -11.64722611208134 0
      vertex 11.687383297435904 -11.687383297435904 50
      vertex 11.72033944775577 -11.64722611208134 50
    endloop
  endfacet
  facet normal -0.8819212643483467 0.4713967368260132 0
    outer loop
      vertex 11.744828076666167 -11.601411109804847 0
      vertex 11.72033944775577 -11.64722611208134 50
      vertex 11.744828076666167 -11.601411109804847 50
    endloop
  endfacet
  facet normal -0.9569403357322178 0.290284677254433 0
    outer loop
      vertex 11.75990809989145 -11.551698935450556 0
      vertex 11.744828076666167 -11.601411109804847 50
      vertex 11.75990809989145 -11.551698935450556 50
    endloop
  endfacet
  facet normal -0.9951847266721957 0.09801714032957172 0
    outer loop
      vertex 11.765000000596046 -11.5 0
      vertex 11.75990809989145 -11.551698935450556 50
      vertex 11.765000000596046 -11.5 50
    endloop
  endfacet
  facet normal -0.9951847266721957 -0.09801714032957172 0
    outer loop
      vertex 11.75990809989145 -11.448301064549444 0
      vertex 11.765000000596046 -11.5 50
      vertex 11.75990809989145 -11.448301064549444 50
    endloop
  endfacet
  facet normal -0.6343932841636358 -0.7730104533627449 0
    outer loop
      vertex 11.64722611208134 -11.27966055224423 0
      vertex 11.687383297435904 -11.312616702564096 50
      vertex 11.64722611208134 -11.27966055224423 50
    endloop
  endfacet
  facet normal -0.7730104533627449 -0.6343932841636358 0
    outer loop
      vertex 11.687383297435904 -11.312616702564096 0
      vertex 11.72033944775577 -11.35277388791866 50
      vertex 11.687383297435904 -11.312616702564096 50
    endloop
  endfacet
  facet normal -0.9569403357322178 -0.290284677254433 0
    outer loop
      vertex 11.744828076666167 -11.398588890195153 0
      vertex 11.75990809989145 -11.448301064549444 50
      vertex 11.744828076666167 -11.398588890195153 50
    endloop
  endfacet
  facet normal -0.8819212643483467 -0.4713967368260132 0
    outer loop
      vertex 11.72033944775577 -11.35277388791866 0
      vertex 11.744828076666167 -11.398588890195153 50
      vertex 11.72033944775577 -11.35277388791866 50
    endloop
  endfacet
  facet normal 0.09801714032957172 -0.9951847266721957 0
    outer loop
      vertex 11.448301064549444 -11.24009190010855 0
      vertex 11.5 -11.234999999403954 50
      vertex 11.448301064549444 -11.24009190010855 50
    endloop
  endfacet
  facet normal -0.09801714032957172 -0.9951847266721957 0
    outer loop
      vertex 11.5 -11.234999999403954 0
      vertex 11.551698935450556 -11.24009190010855 50
      vertex 11.5 -11.234999999403954 50
    endloop
  endfacet
  facet normal -0.290284677254433 -0.9569403357322178 0
    outer loop
      vertex 11.551698935450556 -11.24009190010855 0
      vertex 11.601411109804847 -11.255171923333833 50
      vertex 11.551698935450556 -11.24009190010855 50
    endloop
  endfacet
  facet normal 0.9569403357322178 0.290284677254433 0
    outer loop
      vertex 11.24009190010855 11.448301064549444 0
      vertex 11.24009190010855 11.448301064549444 50
      vertex 11.255171923333833 11.398588890195153 0
    endloop
  endfacet
  facet normal 0.9951847266721957 0.09801714032957172 0
    outer loop
      vertex 11.24009190010855 11.448301064549444 0
      vertex 11.234999999403954 11.5 0
      vertex 11.234999999403954 11.5 50
    endloop
  endfacet
  facet normal 0.9951847266721957 -0.09801714032957172 0
    outer loop
      vertex 11.234999999403954 11.5 0
      vertex 11.24009190010855 11.551698935450556 0
      vertex 11.24009190010855 11.551698935450556 50
    endloop
  endfacet
  facet normal 0.09801714032957172 0.9951847266721957 0
    outer loop
      vertex 11.448301064549444 11.24009190010855 0
      vertex 11.448301064549444 11.24009190010855 50
      vertex 11.5 11.234999999403954 0
    endloop
  endfacet
  facet normal -0.09801714032957172 0.9951847266721957 0
    outer loop
      vertex 11.5 11.234999999403954 0
      vertex 11.5 11.234999999403954 50
      vertex 11.551698935450556 11.24009190010855 0
    endloop
  endfacet
  facet normal -0.290284677254433 0.9569403357322178 0
    outer loop
      vertex 11.551698935450556 11.24009190010855 0
      vertex 11.551698935450556 11.24009190010855 50
      vertex 11.601411109804847 11.255171923333833 0
    endloop
  endfacet
  facet normal 0.7730104533627449 0.6343932841636358 0
    outer loop
      vertex 11.312616702564096 11.312616702564096 0
      vertex 11.27966055224423 11.35277388791866 0
      vertex 11.27966055224423 11.35277388791866 50
    endloop
  endfacet
  facet normal 0.6343932841636358 0.7730104533627449 0
    outer loop
      vertex 11.312616702564096 11.312616702564096 0
      vertex 11.312616702564096 11.312616702564096 50
      vertex 11.35277388791866 11.27966055224423 0
    endloop
  endfacet
  facet normal 0.8819212643483467 0.4713967368260132 0
    outer loop
      vertex 11.27966055224423 11.35277388791866 0
      vertex 11.255171923333833 11.398588890195153 0
      vertex 11.255171923333833 11.398588890195153 50
    endloop
  endfacet
  facet normal 0.4713967368260132 0.8819212643483467 0
    outer loop
      vertex 11.35277388791866 11.27966055224423 0
      vertex 11.35277388791866 11.27966055224423 50
      vertex 11.398588890195153 11.255171923333833 0
    endloop
  endfacet
  facet normal 0.290284677254433 0.9569403357322178 0
    outer loop
      vertex 11.448301064549444 11.24009190010855 0
      vertex 11.398588890195153 11.255171923333833 0
      vertex 11.398588890195153 11.255171923333833 50
    endloop
  endfacet
  facet normal 0.9569403357322178 -0.290284677254433 0
    outer loop
      vertex 11.24009190010855 11.551698935450556 0
      vertex 11.255171923333833 11.601411109804847 0
      vertex 11.255171923333833 11.601411109804847 50
    endloop
  endfacet
  facet normal -0.4713967368260132 0.8819212643483467 0
    outer loop
      vertex 11.601411109804847 11.255171923333833 0
      vertex 11.601411109804847 11.255171923333833 50
      vertex 11.64722611208134 11.27966055224423 0
    endloop
  endfacet
  facet normal 0.8819212643483467 -0.4713967368260132 0
    outer loop
      vertex 11.255171923333833 11.601411109804847 0
      vertex 11.27966055224423 11.64722611208134 0
      vertex 11.27966055224423 11.64722611208134 50
    endloop
  endfacet
  facet normal 0.7730104533627449 -0.6343932841636358 0
    outer loop
      vertex 11.27966055224423 11.64722611208134 0
      vertex 11.312616702564096 11.687383297435904 0
      vertex 11.312616702564096 11.687383297435904 50
    endloop
  endfacet
  facet normal 0.6343932841636358 -0.7730104533627449 0
    outer loop
      vertex 11.312616702564096 11.687383297435904 0
      vertex 11.35277388791866 11.72033944775577 0
      vertex 11.35277388791866 11.72033944775577 50
    endloop
  endfacet
  facet normal 0.4713967368260132 -0.8819212643483467 0
    outer loop
      vertex 11.35277388791866 11.72033944775577 0
      vertex 11.398588890195153 11.744828076666167 0
      vertex 11.398588890195153 11.744828076666167 50
    endloop
  endfacet
  facet normal 0.290284677254433 -0.9569403357322178 0
    outer loop
      vertex 11.398588890195153 11.744828076666167 0
      vertex 11.448301064549444 11.75990809989145 0
      vertex 11.448301064549444 11.75990809989145 50
    endloop
  endfacet
  facet normal 0.09801714032957172 -0.9951847266721957 0
    outer loop
      vertex 11.448301064549444 11.75990809989145 0
      vertex 11.5 11.765000000596046 0
      vertex 11.5 11.765000000596046 50
    endloop
  endfacet
  facet normal -0.09801714032957172 -0.9951847266721957 0
    outer loop
      vertex 11.5 11.765000000596046 0
      vertex 11.551698935450556 11.75990809989145 0
      vertex 11.551698935450556 11.75990809989145 50
    endloop
  endfacet
  facet normal -0.290284677254433 -0.9569403357322178 0
    outer loop
      vertex 11.551698935450556 11.75990809989145 0
      vertex 11.601411109804847 11.744828076666167 0
      vertex 11.601411109804847 11.744828076666167 50
    endloop
  endfacet
  facet normal -0.6343932841636358 0.7730104533627449 0
    outer loop
      vertex 11.64722611208134 11.27966055224423 0
      vertex 11.64722611208134 11.27966055224423 50
      vertex 11.687383297435904 11.312616702564096 0
    endloop
  endfacet
  facet normal -0.7730104533627449 0.6343932841636358 0
    outer loop
      vertex 11.687383297435904 11.312616702564096 0
      vertex 11.687383297435904 11.312616702564096 50
      vertex 11.72033944775577 11.35277388791866 0
    endloop
  endfacet
  facet normal -0.8819212643483467 0.4713967368260132 0
    outer loop
      vertex 11.72033944775577 11.35277388791866 0
      vertex 11.72033944775577 11.35277388791866 50
      vertex 11.744828076666167 11.398588890195153 0
    endloop
  endfacet
  facet normal -0.9569403357322178 0.290284677254433 0
    outer loop
      vertex 11.744828076666167 11.398588890195153 0
      vertex 11.744828076666167 11.398588890195153 50
      vertex 11.75990809989145 11.448301064549444 0
    endloop
  endfacet
  facet normal -0.9951847266721957 0.09801714032957172 0
    outer loop
      vertex 11.75990809989145 11.448301064549444 0
      vertex 11.75990809989145 11.448301064549444 50
      vertex 11.765000000596046 11.5 0
    endloop
  endfacet
  facet normal -0.9951847266721957 -0.09801714032957172 0
    outer loop
      vertex 11.765000000596046 11.5 0
      vertex 11.765000000596046 11.5 50
      vertex 11.75990809989145 11.551698935450556 0
    endloop
  endfacet
  facet normal -0.9569403357322178 -0.290284677254433 0
    outer loop
      vertex 11.75990809989145 11.551698935450556 0
      vertex 11.75990809989145 11.551698935450556 50
      vertex 11.744828076666167 11.601411109804847 0
    endloop
  endfacet
  facet normal -0.8819212643483467 -0.4713967368260132 0
    outer loop
      vertex 11.744828076666167 11.601411109804847 0
      vertex 11.744828076666167 11.601411109804847 50
      vertex 11.72033944775577 11.64722611208134 0
    endloop
  endfacet
  facet normal -0.7730104533627449 -0.6343932841636358 0
    outer loop
      vertex 11.687383297435904 11.687383297435904 0
      vertex 11.72033944775577 11.64722611208134 0
      vertex 11.72033944775577 11.64722611208134 50
    endloop
  endfacet
  facet normal -0.6343932841636358 -0.7730104533627449 0
    outer loop
      vertex 11.687383297435904 11.687383297435904 0
      vertex 11.687383297435904 11.687383297435904 50
      vertex 11.64722611208134 11.72033944775577 0
    endloop
  endfacet
  facet normal -0.4713967368260132 -0.8819212643483467 0
    outer loop
      vertex 11.601411109804847 11.744828076666167 0
      vertex 11.64722611208134 11.72033944775577 0
      vertex 11.64722611208134 11.72033944775577 50
    endloop
  endfacet
  facet normal 0.9951847266721957 0.09801714032957172 0
    outer loop
      vertex 11.24009190010855 11.448301064549444 0
      vertex 11.234999999403954 11.5 50
      vertex 11.24009190010855 11.448301064549444 50
    endloop
  endfacet
  facet normal 0.9951847266721957 -0.09801714032957172 0
    outer loop
      vertex 11.234999999403954 11.5 0
      vertex 11.24009190010855 11.551698935450556 50
      vertex 11.234999999403954 11.5 50
    endloop
  endfacet
  facet normal 0.9569403357322178 -0.290284677254433 0
    outer loop
      vertex 11.24009190010855 11.551698935450556 0
      vertex 11.255171923333833 11.601411109804847 50
      vertex 11.24009190010855 11.551698935450556 50
    endloop
  endfacet
  facet normal 0.290284677254433 0.9569403357322178 0
    outer loop
      vertex 11.448301064549444 11.24009190010855 0
      vertex 11.398588890195153 11.255171923333833 50
      vertex 11.448301064549444 11.24009190010855 50
    endloop
  endfacet
  facet normal 0.09801714032957172 0.9951847266721957 0
    outer loop
      vertex 11.5 11.234999999403954 0
      vertex 11.448301064549444 11.24009190010855 50
      vertex 11.5 11.234999999403954 50
    endloop
  endfacet
  facet normal -0.09801714032957172 0.9951847266721957 0
    outer loop
      vertex 11.551698935450556 11.24009190010855 0
      vertex 11.5 11.234999999403954 50
      vertex 11.551698935450556 11.24009190010855 50
    endloop
  endfacet
  facet normal 0.6343932841636358 0.7730104533627449 0
    outer loop
      vertex 11.35277388791866 11.27966055224423 0
      vertex 11.312616702564096 11.312616702564096 50
      vertex 11.35277388791866 11.27966055224423 50
    endloop
  endfacet
  facet normal 0.7730104533627449 0.6343932841636358 0
    outer loop
      vertex 11.312616702564096 11.312616702564096 0
      vertex 11.27966055224423 11.35277388791866 50
      vertex 11.312616702564096 11.312616702564096 50
    endloop
  endfacet
  facet normal 0.8819212643483467 0.4713967368260132 0
    outer loop
      vertex 11.27966055224423 11.35277388791866 0
      vertex 11.255171923333833 11.398588890195153 50
      vertex 11.27966055224423 11.35277388791866 50
    endloop
  endfacet
  facet normal 0.9569403357322178 0.290284677254433 0
    outer loop
      vertex 11.255171923333833 11.398588890195153 0
      vertex 11.24009190010855 11.448301064549444 50
      vertex 11.255171923333833 11.398588890195153 50
    endloop
  endfacet
  facet normal 0.4713967368260132 0.8819212643483467 0
    outer loop
      vertex 11.398588890195153 11.255171923333833 0
      vertex 11.35277388791866 11.27966055224423 50
      vertex 11.398588890195153 11.255171923333833 50
    endloop
  endfacet
  facet normal 0.8819212643483467 -0.4713967368260132 0
    outer loop
      vertex 11.255171923333833 11.601411109804847 0
      vertex 11.27966055224423 11.64722611208134 50
      vertex 11.255171923333833 11.601411109804847 50
    endloop
  endfacet
  facet normal -0.290284677254433 0.9569403357322178 0
    outer loop
      vertex 11.601411109804847 11.255171923333833 0
      vertex 11.551698935450556 11.24009190010855 50
      vertex 11.601411109804847 11.255171923333833 50
    endloop
  endfacet
  facet normal 0.7730104533627449 -0.6343932841636358 0
    outer loop
      vertex 11.27966055224423 11.64722611208134 0
      vertex 11.312616702564096 11.687383297435904 50
      vertex 11.27966055224423 11.64722611208134 50
    endloop
  endfacet
  facet normal 0.6343932841636358 -0.7730104533627449 0
    outer loop
      vertex 11.312616702564096 11.687383297435904 0
      vertex 11.35277388791866 11.72033944775577 50
      vertex 11.312616702564096 11.687383297435904 50
    endloop
  endfacet
  facet normal 0.4713967368260132 -0.8819212643483467 0
    outer loop
      vertex 11.35277388791866 11.72033944775577 0
      vertex 11.398588890195153 11.744828076666167 50
      vertex 11.35277388791866 11.72033944775577 50
    endloop
  endfacet
  facet normal 0.290284677254433 -0.9569403357322178 0
    outer loop
      vertex 11.398588890195153 11.744828076666167 0
      vertex 11.448301064549444 11.75990809989145 50
      vertex 11.398588890195153 11.744828076666167 50
    endloop
  endfacet
  facet normal 0.09801714032957172 -0.9951847266721957 0
    outer loop
      vertex 11.448301064549444 11.75990809989145 0
      vertex 11.5 11.765000000596046 50
      vertex 11.448301064549444 11.75990809989145 50
    endloop
  endfacet
  facet normal -0.09801714032957172 -0.9951847266721957 0
    outer loop
      vertex 11.5 11.765000000596046 0
      vertex 11.551698935450556 11.75990809989145 50
      vertex 11.5 11.765000000596046 50
    endloop
  endfacet
  facet normal -0.290284677254433 -0.9569403357322178 0
    outer loop
      vertex 11.551698935450556 11.75990809989145 0
      vertex 11.601411109804847 11.744828076666167 50
      vertex 11.551698935450556 11.75990809989145 50
    endloop
  endfacet
  facet normal -0.4713967368260132 -0.8819212643483467 0
    outer loop
      vertex 11.601411109804847 11.744828076666167 0
      vertex 11.64722611208134 11.72033944775577 50
      vertex 11.601411109804847 11.744828076666167 50
    endloop
  endfacet
  facet normal -0.4713967368260132 0.8819212643483467 0
    outer loop
      vertex 11.64722611208134 11.27966055224423 0
      vertex 11.601411109804847 11.255171923333833 50
      vertex 11.64722611208134 11.27966055224423 50
    endloop
  endfacet
  facet normal -0.6343932841636358 0.7730104533627449 0
    outer loop
      vertex 11.687383297435904 11.312616702564096 0
      vertex 11.64722611208134 11.27966055224423 50
      vertex 11.687383297435904 11.312616702564096 50
    endloop
  endfacet
  facet normal -0.7730104533627449 0.6343932841636358 0
    outer loop
      vertex 11.72033944775577 11.35277388791866 0
      vertex 11.687383297435904 11.312616702564096 50
      vertex 11.72033944775577 11.35277388791866 50
    endloop
  endfacet
  facet normal -0.8819212643483467 0.4713967368260132 0
    outer loop
      vertex 11.744828076666167 11.398588890195153 0
      vertex 11.72033944775577 11.35277388791866 50
      vertex 11.744828076666167 11.398588890195153 50
    endloop
  endfacet
  facet normal -0.9569403357322178 0.290284677254433 0
    outer loop
      vertex 11.75990809989145 11.448301064549444 0
      vertex 11.744828076666167 11.398588890195153 50
      vertex 11.75990809989145 11.448301064549444 50
    endloop
  endfacet
  facet normal -0.9951847266721957 0.09801714032957172 0
    outer loop
      vertex 11.765000000596046 11.5 0
      vertex 11.75990809989145 11.448301064549444 50
      vertex 11.765000000596046 11.5 50
    endloop
  endfacet
  facet normal -0.9951847266721957 -0.09801714032957172 0
    outer loop
      vertex 11.75990809989145 11.551698935450556 0
      vertex 11.765000000596046 11.5 50
      vertex 11.75990809989145 11.551698935450556 50
    endloop
  endfacet
  facet normal -0.9569403357322178 -0.290284677254433 0
    outer loop
      vertex 11.744828076666167 11.601411109804847 0
      vertex 11.75990809989145 11.551698935450556 50
      vertex 11.744828076666167 11.601411109804847 50
    endloop
  endfacet
  facet normal -0.6343932841636358 -0.7730104533627449 0
    outer loop
      vertex 11.64722611208134 11.72033944775577 0
      vertex 11.687383297435904 11.687383297435904 50
      vertex 11.64722611208134 11.72033944775577 50
    endloop
  endfacet
  facet normal -0.7730104533627449 -0.6343932841636358 0
    outer loop
      vertex 11.687383297435904 11.687383297435904 0
      vertex 11.72033944775577 11.64722611208134 50
      vertex 11.687383297435904 11.687383297435904 50
    endloop
  endfacet
  facet normal -0.8819212643483467 -0.4713967368260132 0
    outer loop
      vertex 11.72033944775577 11.64722611208134 0
      vertex 11.744828076666167 11.601411109804847 50
      vertex 11.72033944775577 11.64722611208134 50
    endloop
  endfacet
  facet normal 0 -1 0
    outer loop
      vertex 10.009607359798384 -12 49.902454838991936
      vertex 10.038060233744357 -12 49.80865828381746
      vertex 10.255171923333833 -12 49.89858889019516
    endloop
  endfacet
  facet normal 0 -1 0
    outer loop
      vertex 10.009607359798384 -12 49.902454838991936
      vertex 10.24009190010855 -12 49.94830106454944
      vertex 10 -12 50
    endloop
  endfacet
  facet normal 0 -1 0
    outer loop
      vertex 10 -12 50
      vertex 10.234999999403954 -12 50
      vertex 10.009607359798384 -12 50.097545161008064
    endloop
  endfacet
  facet normal 0 -1 0
    outer loop
      vertex 10.009607359798384 -12 50.097545161008064
      vertex 10.24009190010855 -12 50.05169893545056
      vertex 10.038060233744357 -12 50.19134171618254
    endloop
  endfacet
  facet normal 0 -1 0
    outer loop
      vertex 10.146446609406727 -12 49.64644660940672
      vertex 10.2222148834902 -12 49.58426519384873
      vertex 10.35277388791866 -12 49.77966055224423
    endloop
  endfacet
  facet normal 0 -1 0
    outer loop
      vertex 10.2222148834902 -12 49.58426519384873
      vertex 10.308658283817454 -12 49.53806023374435
      vertex 10.398588890195153 -12 49.75517192333383
    endloop
  endfacet
  facet normal 0 -1 0
    outer loop
      vertex 10.308658283817454 -12 49.53806023374435
      vertex 10.402454838991936 -12 49.50960735979839
      vertex 10.448301064549444 -12 49.74009190010855
    endloop
  endfacet
  facet normal 0 -1 0
    outer loop
      vertex 10.308658283817454 -12 49.53806023374435
      vertex 10.448301064549444 -12 49.74009190010855
      vertex 10.398588890195153 -12 49.75517192333383
    endloop
  endfacet
  facet normal 0 -1 0
    outer loop
      vertex 10.402454838991936 -12 49.50960735979839
      vertex 10.5 -12 49.73499999940395
      vertex 10.448301064549444 -12 49.74009190010855
    endloop
  endfacet
  facet normal 0 -1 0
    outer loop
      vertex 10.402454838991936 -12 49.50960735979839
      vertex 10.5 -12 49.5
      vertex 10.5 -12 49.73499999940395
    endloop
  endfacet
  facet normal 0 -1 0
    outer loop
      vertex 10.038060233744357 -12 49.80865828381746
      vertex 10.084265193848728 -12 49.722214883490196
      vertex 10.27966055224423 -12 49.85277388791866
    endloop
  endfacet
  facet normal 0 -1 0
    outer loop
      vertex 10.084265193848728 -12 49.722214883490196
      vertex 10.146446609406727 -12 49.64644660940672
      vertex 10.312616702564096 -12 49.8126167025641
    endloop
  endfacet
  facet normal 0 -1 0
    outer loop
      vertex 10.038060233744357 -12 49.80865828381746
      vertex 10.27966055224423 -12 49.85277388791866
      vertex 10.255171923333833 -12 49.89858889019516
    endloop
  endfacet
  facet normal 0 -1 0
    outer loop
      vertex 10.009607359798384 -12 49.902454838991936
      vertex 10.255171923333833 -12 49.89858889019516
      vertex 10.24009190010855 -12 49.94830106454944
    endloop
  endfacet
  facet normal 0 -1 0
    outer loop
      vertex 10 -12 50
      vertex 10.24009190010855 -12 49.94830106454944
      vertex 10.234999999403954 -12 50
    endloop
  endfacet
  facet normal 0 -1 0
    outer loop
      vertex 10.009607359798384 -12 50.097545161008064
      vertex 10.234999999403954 -12 50
      vertex 10.24009190010855 -12 50.05169893545056
    endloop
  endfacet
  facet normal 0 -1 0
    outer loop
      vertex 10.084265193848728 -12 49.722214883490196
      vertex 10.312616702564096 -12 49.8126167025641
      vertex 10.27966055224423 -12 49.85277388791866
    endloop
  endfacet
  facet normal 0 -1 0
    outer loop
      vertex 10.146446609406727 -12 49.64644660940672
      vertex 10.35277388791866 -12 49.77966055224423
      vertex 10.312616702564096 -12 49.8126167025641
    endloop
  endfacet
  facet normal 0 -1 0
    outer loop
      vertex 10.038060233744357 -12 50.19134171618254
      vertex 10.255171923333833 -12 50.10141110980484
      vertex 10.084265193848728 -12 50.277785116509804
    endloop
  endfacet
  facet normal 0 -1 0
    outer loop
      vertex 10.084265193848728 -12 50.277785116509804
      vertex 10.27966055224423 -12 50.14722611208134
      vertex 10.146446609406727 -12 50.35355339059328
    endloop
  endfacet
  facet normal 0 -1 0
    outer loop
      vertex 10.038060233744357 -12 50.19134171618254
      vertex 10.24009190010855 -12 50.05169893545056
      vertex 10.255171923333833 -12 50.10141110980484
    endloop
  endfacet
  facet normal 0 -1 0
    outer loop
      vertex 10.084265193848728 -12 50.277785116509804
      vertex 10.255171923333833 -12 50.10141110980484
      vertex 10.27966055224423 -12 50.14722611208134
    endloop
  endfacet
  facet normal 0 -1 0
    outer loop
      vertex 10.146446609406727 -12 50.35355339059328
      vertex 10.27966055224423 -12 50.14722611208134
      vertex 10.312616702564096 -12 50.1873832974359
    endloop
  endfacet
  facet normal 0 -1 0
    outer loop
      vertex 10.2222148834902 -12 50.41573480615127
      vertex 10.312616702564096 -12 50.1873832974359
      vertex 10.35277388791866 -12 50.22033944775577
    endloop
  endfacet
  facet normal 0 -1 0
    outer loop
      vertex 10.146446609406727 -12 50.35355339059328
      vertex 10.312616702564096 -12 50.1873832974359
      vertex 10.2222148834902 -12 50.41573480615127
    endloop
  endfacet
  facet normal 0 -1 0
    outer loop
      vertex 10.2222148834902 -12 50.41573480615127
      vertex 10.35277388791866 -12 50.22033944775577
      vertex 10.308658283817454 -12 50.46193976625565
    endloop
  endfacet
  facet normal 0 -1 0
    outer loop
      vertex 10.2222148834902 -12 49.58426519384873
      vertex 10.398588890195153 -12 49.75517192333383
      vertex 10.35277388791866 -12 49.77966055224423
    endloop
  endfacet
  facet normal 0 -1 0
    outer loop
      vertex 10.308658283817454 -12 50.46193976625565
      vertex 10.35277388791866 -12 50.22033944775577
      vertex 10.398588890195153 -12 50.24482807666617
    endloop
  endfacet
  facet normal 0 -1 0
    outer loop
      vertex 10.308658283817454 -12 50.46193976625565
      vertex 10.398588890195153 -12 50.24482807666617
      vertex 10.402454838991936 -12 50.49039264020161
    endloop
  endfacet
  facet normal 0 -1 0
    outer loop
      vertex 10.398588890195153 -12 50.24482807666617
      vertex 10.448301064549444 -12 50.25990809989145
      vertex 10.402454838991936 -12 50.49039264020161
    endloop
  endfacet
  facet normal 0 -1 0
    outer loop
      vertex 10.402454838991936 -12 50.49039264020161
      vertex 10.448301064549444 -12 50.25990809989145
      vertex 10.5 -12 50.5
    endloop
  endfacet
  facet normal 0 -1 0
    outer loop
      vertex 10.448301064549444 -12 50.25990809989145
      vertex 10.5 -12 50.26500000059605
      vertex 10.5 -12 50.5
    endloop
  endfacet
  facet normal 0 -1 0
    outer loop
      vertex 10.5 -12 49.5
      vertex 10.551698935450556 -12 49.74009190010855
      vertex 10.5 -12 49.73499999940395
    endloop
  endfacet
  facet normal 0 -1 0
    outer loop
      vertex 10.5 -12 49.5
      vertex 10.597545161008064 -12 49.50960735979839
      vertex 10.551698935450556 -12 49.74009190010855
    endloop
  endfacet
  facet normal 0 -1 0
    outer loop
      vertex 10.597545161008064 -12 49.50960735979839
      vertex 10.601411109804847 -12 49.75517192333383
      vertex 10.551698935450556 -12 49.74009190010855
    endloop
  endfacet
  facet normal 0 -1 0
    outer loop
      vertex 10.597545161008064 -12 49.50960735979839
      vertex 10.691341716182546 -12 49.53806023374435
      vertex 10.601411109804847 -12 49.75517192333383
    endloop
  endfacet
  facet normal 0 -1 0
    outer loop
      vertex 10.691341716182546 -12 49.53806023374435
      vertex 10.7777851165098 -12 49.58426519384873
      vertex 10.64722611208134 -12 49.77966055224423
    endloop
  endfacet
  facet normal 0 -1 0
    outer loop
      vertex 10.7777851165098 -12 49.58426519384873
      vertex 10.853553390593273 -12 49.64644660940672
      vertex 10.687383297435904 -12 49.8126167025641
    endloop
  endfacet
  facet normal 0 -1 0
    outer loop
      vertex 10.691341716182546 -12 49.53806023374435
      vertex 10.64722611208134 -12 49.77966055224423
      vertex 10.601411109804847 -12 49.75517192333383
    endloop
  endfacet
  facet normal 0 -1 0
    outer loop
      vertex 10.5 -12 50.26500000059605
      vertex 10.597545161008064 -12 50.49039264020161
      vertex 10.5 -12 50.5
    endloop
  endfacet
  facet normal 0 -1 0
    outer loop
      vertex 10.5 -12 50.26500000059605
      vertex 10.551698935450556 -12 50.25990809989145
      vertex 10.597545161008064 -12 50.49039264020161
    endloop
  endfacet
  facet normal 0 -1 0
    outer loop
      vertex 10.601411109804847 -12 50.24482807666617
      vertex 10.64722611208134 -12 50.22033944775577
      vertex 10.7777851165098 -12 50.41573480615127
    endloop
  endfacet
  facet normal 0 -1 0
    outer loop
      vertex 10.551698935450556 -12 50.25990809989145
      vertex 10.601411109804847 -12 50.24482807666617
      vertex 10.691341716182546 -12 50.46193976625565
    endloop
  endfacet
  facet normal 0 -1 0
    outer loop
      vertex 10.551698935450556 -12 50.25990809989145
      vertex 10.691341716182546 -12 50.46193976625565
      vertex 10.597545161008064 -12 50.49039264020161
    endloop
  endfacet
  facet normal 0 -1 0
    outer loop
      vertex 10.7777851165098 -12 49.58426519384873
      vertex 10.687383297435904 -12 49.8126167025641
      vertex 10.64722611208134 -12 49.77966055224423
    endloop
  endfacet
  facet normal 0 -1 0
    outer loop
      vertex 10.853553390593273 -12 49.64644660940672
      vertex 10.72033944775577 -12 49.85277388791866
      vertex 10.687383297435904 -12 49.8126167025641
    endloop
  endfacet
  facet normal 0 -1 0
    outer loop
      vertex 10.72033944775577 -12 49.85277388791866
      vertex 10.915734806151272 -12 49.722214883490196
      vertex 10.744828076666167 -12 49.89858889019516
    endloop
  endfacet
  facet normal 0 -1 0
    outer loop
      vertex 10.744828076666167 -12 49.89858889019516
      vertex 10.961939766255643 -12 49.80865828381746
      vertex 10.75990809989145 -12 49.94830106454944
    endloop
  endfacet
  facet normal 0 -1 0
    outer loop
      vertex 10.853553390593273 -12 49.64644660940672
      vertex 10.915734806151272 -12 49.722214883490196
      vertex 10.72033944775577 -12 49.85277388791866
    endloop
  endfacet
  facet normal 0 -1 0
    outer loop
      vertex 10.744828076666167 -12 49.89858889019516
      vertex 10.915734806151272 -12 49.722214883490196
      vertex 10.961939766255643 -12 49.80865828381746
    endloop
  endfacet
  facet normal 0 -1 0
    outer loop
      vertex 10.75990809989145 -12 49.94830106454944
      vertex 10.990392640201616 -12 49.902454838991936
      vertex 10.765000000596046 -12 50
    endloop
  endfacet
  facet normal 0 -1 0
    outer loop
      vertex 10.765000000596046 -12 50
      vertex 11 -12 50
      vertex 10.75990809989145 -12 50.05169893545056
    endloop
  endfacet
  facet normal 0 -1 0
    outer loop
      vertex 10.75990809989145 -12 50.05169893545056
      vertex 10.990392640201616 -12 50.097545161008064
      vertex 10.744828076666167 -12 50.10141110980484
    endloop
  endfacet
  facet normal 0 -1 0
    outer loop
      vertex 10.687383297435904 -12 50.1873832974359
      vertex 10.853553390593273 -12 50.35355339059328
      vertex 10.64722611208134 -12 50.22033944775577
    endloop
  endfacet
  facet normal 0 -1 0
    outer loop
      vertex 10.687383297435904 -12 50.1873832974359
      vertex 10.72033944775577 -12 50.14722611208134
      vertex 10.915734806151272 -12 50.277785116509804
    endloop
  endfacet
  facet normal 0 -1 0
    outer loop
      vertex 10.601411109804847 -12 50.24482807666617
      vertex 10.7777851165098 -12 50.41573480615127
      vertex 10.691341716182546 -12 50.46193976625565
    endloop
  endfacet
  facet normal 0 -1 0
    outer loop
      vertex 10.64722611208134 -12 50.22033944775577
      vertex 10.853553390593273 -12 50.35355339059328
      vertex 10.7777851165098 -12 50.41573480615127
    endloop
  endfacet
  facet normal 0 -1 0
    outer loop
      vertex 10.72033944775577 -12 50.14722611208134
      vertex 10.744828076666167 -12 50.10141110980484
      vertex 10.961939766255643 -12 50.19134171618254
    endloop
  endfacet
  facet normal 0 -1 0
    outer loop
      vertex 10.687383297435904 -12 50.1873832974359
      vertex 10.915734806151272 -12 50.277785116509804
      vertex 10.853553390593273 -12 50.35355339059328
    endloop
  endfacet
  facet normal 0 -1 0
    outer loop
      vertex 10.72033944775577 -12 50.14722611208134
      vertex 10.961939766255643 -12 50.19134171618254
      vertex 10.915734806151272 -12 50.277785116509804
    endloop
  endfacet
  facet normal 0 -1 0
    outer loop
      vertex 10.75990809989145 -12 49.94830106454944
      vertex 10.961939766255643 -12 49.80865828381746
      vertex 10.990392640201616 -12 49.902454838991936
    endloop
  endfacet
  facet normal 0 -1 0
    outer loop
      vertex 10.765000000596046 -12 50
      vertex 10.990392640201616 -12 49.902454838991936
      vertex 11 -12 50
    endloop
  endfacet
  facet normal 0 -1 0
    outer loop
      vertex 10.75990809989145 -12 50.05169893545056
      vertex 11 -12 50
      vertex 10.990392640201616 -12 50.097545161008064
    endloop
  endfacet
  facet normal 0 -1 0
    outer loop
      vertex 10.744828076666167 -12 50.10141110980484
      vertex 10.990392640201616 -12 50.097545161008064
      vertex 10.961939766255643 -12 50.19134171618254
    endloop
  endfacet
  facet normal -0.9569403357322032 0 -0.2902846772544811
    outer loop
      vertex 10.009607359798384 -12 49.902454838991936
      vertex 10.009607359798384 12 49.902454838991936
      vertex 10.038060233744357 -12 49.80865828381746
    endloop
  endfacet
  facet normal -0.9951847266721978 0 -0.09801714032955187
    outer loop
      vertex 10.009607359798384 -12 49.902454838991936
      vertex 10 -12 50
      vertex 10 12 50
    endloop
  endfacet
  facet normal -0.9951847266721978 0 0.09801714032955187
    outer loop
      vertex 10 -12 50
      vertex 10.009607359798384 -12 50.097545161008064
      vertex 10.009607359798384 12 50.097545161008064
    endloop
  endfacet
  facet normal -0.881921264348369 0 -0.47139673682597155
    outer loop
      vertex 10.038060233744357 -12 49.80865828381746
      vertex 10.038060233744357 12 49.80865828381746
      vertex 10.084265193848728 -12 49.722214883490196
    endloop
  endfacet
  facet normal -0.7730104533627334 0 -0.6343932841636499
    outer loop
      vertex 10.084265193848728 -12 49.722214883490196
      vertex 10.084265193848728 12 49.722214883490196
      vertex 10.146446609406727 -12 49.64644660940672
    endloop
  endfacet
  facet normal -0.9569403357322032 0 0.2902846772544811
    outer loop
      vertex 10.009607359798384 -12 50.097545161008064
      vertex 10.038060233744357 -12 50.19134171618254
      vertex 10.038060233744357 12 50.19134171618254
    endloop
  endfacet
  facet normal -0.881921264348369 0 0.47139673682597155
    outer loop
      vertex 10.038060233744357 -12 50.19134171618254
      vertex 10.084265193848728 -12 50.277785116509804
      vertex 10.084265193848728 12 50.277785116509804
    endloop
  endfacet
  facet normal -0.6343932841636174 0 -0.77301045336276
    outer loop
      vertex 10.146446609406727 -12 49.64644660940672
      vertex 10.146446609406727 12 49.64644660940672
      vertex 10.2222148834902 -12 49.58426519384873
    endloop
  endfacet
  facet normal -0.471396736826044 0 -0.8819212643483303
    outer loop
      vertex 10.2222148834902 -12 49.58426519384873
      vertex 10.2222148834902 12 49.58426519384873
      vertex 10.308658283817454 -12 49.53806023374435
    endloop
  endfacet
  facet normal -0.29028467725440465 0 -0.9569403357322264
    outer loop
      vertex 10.308658283817454 -12 49.53806023374435
      vertex 10.308658283817454 12 49.53806023374435
      vertex 10.402454838991936 -12 49.50960735979839
    endloop
  endfacet
  facet normal -0.09801714032958776 0 -0.9951847266721943
    outer loop
      vertex 10.402454838991936 -12 49.50960735979839
      vertex 10.402454838991936 12 49.50960735979839
      vertex 10.5 -12 49.5
    endloop
  endfacet
  facet normal -0.7730104533627334 0 0.6343932841636499
    outer loop
      vertex 10.084265193848728 -12 50.277785116509804
      vertex 10.146446609406727 -12 50.35355339059328
      vertex 10.146446609406727 12 50.35355339059328
    endloop
  endfacet
  facet normal -0.6343932841636174 0 0.77301045336276
    outer loop
      vertex 10.146446609406727 -12 50.35355339059328
      vertex 10.2222148834902 -12 50.41573480615127
      vertex 10.2222148834902 12 50.41573480615127
    endloop
  endfacet
  facet normal -0.471396736826044 0 0.8819212643483303
    outer loop
      vertex 10.2222148834902 -12 50.41573480615127
      vertex 10.308658283817454 -12 50.46193976625565
      vertex 10.308658283817454 12 50.46193976625565
    endloop
  endfacet
  facet normal -0.29028467725440465 0 0.9569403357322264
    outer loop
      vertex 10.308658283817454 -12 50.46193976625565
      vertex 10.402454838991936 -12 50.49039264020161
      vertex 10.402454838991936 12 50.49039264020161
    endloop
  endfacet
  facet normal -0.09801714032958776 0 0.9951847266721943
    outer loop
      vertex 10.402454838991936 -12 50.49039264020161
      vertex 10.5 -12 50.5
      vertex 10.5 12 50.5
    endloop
  endfacet
  facet normal 0.09801714032958776 0 -0.9951847266721943
    outer loop
      vertex 10.5 -12 49.5
      vertex 10.5 12 49.5
      vertex 10.597545161008064 -12 49.50960735979839
    endloop
  endfacet
  facet normal 0.29028467725440465 0 -0.9569403357322264
    outer loop
      vertex 10.597545161008064 -12 49.50960735979839
      vertex 10.597545161008064 12 49.50960735979839
      vertex 10.691341716182546 -12 49.53806023374435
    endloop
  endfacet
  facet normal 0.471396736826044 0 -0.8819212643483303
    outer loop
      vertex 10.691341716182546 -12 49.53806023374435
      vertex 10.691341716182546 12 49.53806023374435
      vertex 10.7777851165098 -12 49.58426519384873
    endloop
  endfacet
  facet normal 0.6343932841636174 0 -0.77301045336276
    outer loop
      vertex 10.7777851165098 -12 49.58426519384873
      vertex 10.7777851165098 12 49.58426519384873
      vertex 10.853553390593273 -12 49.64644660940672
    endloop
  endfacet
  facet normal 0.7730104533627334 0 -0.6343932841636499
    outer loop
      vertex 10.853553390593273 -12 49.64644660940672
      vertex 10.853553390593273 12 49.64644660940672
      vertex 10.915734806151272 -12 49.722214883490196
    endloop
  endfacet
  facet normal 0.09801714032958776 0 0.9951847266721943
    outer loop
      vertex 10.5 -12 50.5
      vertex 10.597545161008064 -12 50.49039264020161
      vertex 10.597545161008064 12 50.49039264020161
    endloop
  endfacet
  facet normal 0.29028467725440465 0 0.9569403357322264
    outer loop
      vertex 10.597545161008064 -12 50.49039264020161
      vertex 10.691341716182546 -12 50.46193976625565
      vertex 10.691341716182546 12 50.46193976625565
    endloop
  endfacet
  facet normal 0.471396736826044 0 0.8819212643483303
    outer loop
      vertex 10.691341716182546 -12 50.46193976625565
      vertex 10.7777851165098 -12 50.41573480615127
      vertex 10.7777851165098 12 50.41573480615127
    endloop
  endfacet
  facet normal 0.6343932841636174 0 0.77301045336276
    outer loop
      vertex 10.7777851165098 -12 50.41573480615127
      vertex 10.853553390593273 -12 50.35355339059328
      vertex 10.853553390593273 12 50.35355339059328
    endloop
  endfacet
  facet normal 0.881921264348369 0 -0.47139673682597155
    outer loop
      vertex 10.915734806151272 -12 49.722214883490196
      vertex 10.915734806151272 12 49.722214883490196
      vertex 10.961939766255643 -12 49.80865828381746
    endloop
  endfacet
  facet normal 0.9569403357322032 0 -0.2902846772544811
    outer loop
      vertex 10.961939766255643 -12 49.80865828381746
      vertex 10.961939766255643 12 49.80865828381746
      vertex 10.990392640201616 -12 49.902454838991936
    endloop
  endfacet
  facet normal 0.9951847266721978 0 -0.09801714032955187
    outer loop
      vertex 10.990392640201616 -12 49.902454838991936
      vertex 10.990392640201616 12 49.902454838991936
      vertex 11 -12 50
    endloop
  endfacet
  facet normal 0.9951847266721978 0 0.09801714032955187
    outer loop
      vertex 11 -12 50
      vertex 11 12 50
      vertex 10.990392640201616 -12 50.097545161008064
    endloop
  endfacet
  facet normal 0.881921264348369 0 0.47139673682597155
    outer loop
      vertex 10.915734806151272 -12 50.277785116509804
      vertex 10.961939766255643 -12 50.19134171618254
      vertex 10.961939766255643 12 50.19134171618254
    endloop
  endfacet
  facet normal 0.7730104533627334 0 0.6343932841636499
    outer loop
      vertex 10.853553390593273 -12 50.35355339059328
      vertex 10.915734806151272 -12 50.277785116509804
      vertex 10.915734806151272 12 50.277785116509804
    endloop
  endfacet
  facet normal 0.9569403357322032 0 0.2902846772544811
    outer loop
      vertex 10.961939766255643 -12 50.19134171618254
      vertex 10.990392640201616 -12 50.097545161008064
      vertex 10.990392640201616 12 50.097545161008064
    endloop
  endfacet
  facet normal -0.9569403357322032 0 -0.2902846772544811
    outer loop
      vertex 10.038060233744357 -12 49.80865828381746
      vertex 10.009607359798384 12 49.902454838991936
      vertex 10.038060233744357 12 49.80865828381746
    endloop
  endfacet
  facet normal -0.9951847266721978 0 -0.09801714032955187
    outer loop
      vertex 10.009607359798384 -12 49.902454838991936
      vertex 10 12 50
      vertex 10.009607359798384 12 49.902454838991936
    endloop
  endfacet
  facet normal -0.9951847266721978 0 0.09801714032955187
    outer loop
      vertex 10 -12 50
      vertex 10.009607359798384 12 50.097545161008064
      vertex 10 12 50
    endloop
  endfacet
  facet normal -0.881921264348369 0 -0.47139673682597155
    outer loop
      vertex 10.084265193848728 -12 49.722214883490196
      vertex 10.038060233744357 12 49.80865828381746
      vertex 10.084265193848728 12 49.722214883490196
    endloop
  endfacet
  facet normal -0.9569403357322032 0 0.2902846772544811
    outer loop
      vertex 10.009607359798384 -12 50.097545161008064
      vertex 10.038060233744357 12 50.19134171618254
      vertex 10.009607359798384 12 50.097545161008064
    endloop
  endfacet
  facet normal -0.881921264348369 0 0.47139673682597155
    outer loop
      vertex 10.038060233744357 -12 50.19134171618254
      vertex 10.084265193848728 12 50.277785116509804
      vertex 10.038060233744357 12 50.19134171618254
    endloop
  endfacet
  facet normal -0.7730104533627334 0 0.6343932841636499
    outer loop
      vertex 10.084265193848728 -12 50.277785116509804
      vertex 10.146446609406727 12 50.35355339059328
      vertex 10.084265193848728 12 50.277785116509804
    endloop
  endfacet
  facet normal -0.7730104533627334 0 -0.6343932841636499
    outer loop
      vertex 10.146446609406727 -12 49.64644660940672
      vertex 10.084265193848728 12 49.722214883490196
      vertex 10.146446609406727 12 49.64644660940672
    endloop
  endfacet
  facet normal -0.6343932841636174 0 -0.77301045336276
    outer loop
      vertex 10.2222148834902 -12 49.58426519384873
      vertex 10.146446609406727 12 49.64644660940672
      vertex 10.2222148834902 12 49.58426519384873
    endloop
  endfacet
  facet normal -0.471396736826044 0 -0.8819212643483303
    outer loop
      vertex 10.308658283817454 -12 49.53806023374435
      vertex 10.2222148834902 12 49.58426519384873
      vertex 10.308658283817454 12 49.53806023374435
    endloop
  endfacet
  facet normal -0.29028467725440465 0 -0.9569403357322264
    outer loop
      vertex 10.402454838991936 -12 49.50960735979839
      vertex 10.308658283817454 12 49.53806023374435
      vertex 10.402454838991936 12 49.50960735979839
    endloop
  endfacet
  facet normal -0.09801714032958776 0 -0.9951847266721943
    outer loop
      vertex 10.5 -12 49.5
      vertex 10.402454838991936 12 49.50960735979839
      vertex 10.5 12 49.5
    endloop
  endfacet
  facet normal -0.6343932841636174 0 0.77301045336276
    outer loop
      vertex 10.146446609406727 -12 50.35355339059328
      vertex 10.2222148834902 12 50.41573480615127
      vertex 10.146446609406727 12 50.35355339059328
    endloop
  endfacet
  facet normal -0.471396736826044 0 0.8819212643483303
    outer loop
      vertex 10.2222148834902 -12 50.41573480615127
      vertex 10.308658283817454 12 50.46193976625565
      vertex 10.2222148834902 12 50.41573480615127
    endloop
  endfacet
  facet normal -0.29028467725440465 0 0.9569403357322264
    outer loop
      vertex 10.308658283817454 -12 50.46193976625565
      vertex 10.402454838991936 12 50.49039264020161
      vertex 10.308658283817454 12 50.46193976625565
    endloop
  endfacet
  facet normal -0.09801714032958776 0 0.9951847266721943
    outer loop
      vertex 10.402454838991936 -12 50.49039264020161
      vertex 10.5 12 50.5
      vertex 10.402454838991936 12 50.49039264020161
    endloop
  endfacet
  facet normal 0.09801714032958776 0 -0.9951847266721943
    outer loop
      vertex 10.597545161008064 -12 49.50960735979839
      vertex 10.5 12 49.5
      vertex 10.597545161008064 12 49.50960735979839
    endloop
  endfacet
  facet normal 0.29028467725440465 0 -0.9569403357322264
    outer loop
      vertex 10.691341716182546 -12 49.53806023374435
      vertex 10.597545161008064 12 49.50960735979839
      vertex 10.691341716182546 12 49.53806023374435
    endloop
  endfacet
  facet normal 0.471396736826044 0 -0.8819212643483303
    outer loop
      vertex 10.7777851165098 -12 49.58426519384873
      vertex 10.691341716182546 12 49.53806023374435
      vertex 10.7777851165098 12 49.58426519384873
    endloop
  endfacet
  facet normal 0.6343932841636174 0 -0.77301045336276
    outer loop
      vertex 10.853553390593273 -12 49.64644660940672
      vertex 10.7777851165098 12 49.58426519384873
      vertex 10.853553390593273 12 49.64644660940672
    endloop
  endfacet
  facet normal 0.09801714032958776 0 0.9951847266721943
    outer loop
      vertex 10.5 -12 50.5
      vertex 10.597545161008064 12 50.49039264020161
      vertex 10.5 12 50.5
    endloop
  endfacet
  facet normal 0.29028467725440465 0 0.9569403357322264
    outer loop
      vertex 10.597545161008064 -12 50.49039264020161
      vertex 10.691341716182546 12 50.46193976625565
      vertex 10.597545161008064 12 50.49039264020161
    endloop
  endfacet
  facet normal 0.471396736826044 0 0.8819212643483303
    outer loop
      vertex 10.691341716182546 -12 50.46193976625565
      vertex 10.7777851165098 12 50.41573480615127
      vertex 10.691341716182546 12 50.46193976625565
    endloop
  endfacet
  facet normal 0.6343932841636174 0 0.77301045336276
    outer loop
      vertex 10.7777851165098 -12 50.41573480615127
      vertex 10.853553390593273 12 50.35355339059328
      vertex 10.7777851165098 12 50.41573480615127
    endloop
  endfacet
  facet normal 0.7730104533627334 0 0.6343932841636499
    outer loop
      vertex 10.853553390593273 -12 50.35355339059328
      vertex 10.915734806151272 12 50.277785116509804
      vertex 10.853553390593273 12 50.35355339059328
    endloop
  endfacet
  facet normal 0.7730104533627334 0 -0.6343932841636499
    outer loop
      vertex 10.915734806151272 -12 49.722214883490196
      vertex 10.853553390593273 12 49.64644660940672
      vertex 10.915734806151272 12 49.722214883490196
    endloop
  endfacet
  facet normal 0.881921264348369 0 -0.47139673682597155
    outer loop
      vertex 10.961939766255643 -12 49.80865828381746
      vertex 10.915734806151272 12 49.722214883490196
      vertex 10.961939766255643 12 49.80865828381746
    endloop
  endfacet
  facet normal 0.9569403357322032 0 -0.2902846772544811
    outer loop
      vertex 10.990392640201616 -12 49.902454838991936
      vertex 10.961939766255643 12 49.80865828381746
      vertex 10.990392640201616 12 49.902454838991936
    endloop
  endfacet
  facet normal 0.9951847266721978 0 -0.09801714032955187
    outer loop
      vertex 11 -12 50
      vertex 10.990392640201616 12 49.902454838991936
      vertex 11 12 50
    endloop
  endfacet
  facet normal 0.9951847266721978 0 0.09801714032955187
    outer loop
      vertex 10.990392640201616 -12 50.097545161008064
      vertex 11 12 50
      vertex 10.990392640201616 12 50.097545161008064
    endloop
  endfacet
  facet normal 0.881921264348369 0 0.47139673682597155
    outer loop
      vertex 10.915734806151272 -12 50.277785116509804
      vertex 10.961939766255643 12 50.19134171618254
      vertex 10.915734806151272 12 50.277785116509804
    endloop
  endfacet
  facet normal 0.9569403357322032 0 0.2902846772544811
    outer loop
      vertex 10.961939766255643 -12 50.19134171618254
      vertex 10.990392640201616 12 50.097545161008064
      vertex 10.961939766255643 12 50.19134171618254
    endloop
  endfacet
  facet normal 0 1 0
    outer loop
      vertex 10.009607359798384 12 49.902454838991936
      vertex 10.24009190010855 12 49.94830106454944
      vertex 10.038060233744357 12 49.80865828381746
    endloop
  endfacet
  facet normal 0 1 0
    outer loop
      vertex 10.009607359798384 12 49.902454838991936
      vertex 10 12 50
      vertex 10.234999999403954 12 50
    endloop
  endfacet
  facet normal 0 1 0
    outer loop
      vertex 10 12 50
      vertex 10.009607359798384 12 50.097545161008064
      vertex 10.24009190010855 12 50.05169893545056
    endloop
  endfacet
  facet normal 0 1 0
    outer loop
      vertex 10.009607359798384 12 50.097545161008064
      vertex 10.038060233744357 12 50.19134171618254
      vertex 10.255171923333833 12 50.10141110980484
    endloop
  endfacet
  facet normal 0 1 0
    outer loop
      vertex 10.146446609406727 12 49.64644660940672
      vertex 10.312616702564096 12 49.8126167025641
      vertex 10.2222148834902 12 49.58426519384873
    endloop
  endfacet
  facet normal 0 1 0
    outer loop
      vertex 10.2222148834902 12 49.58426519384873
      vertex 10.35277388791866 12 49.77966055224423
      vertex 10.308658283817454 12 49.53806023374435
    endloop
  endfacet
  facet normal 0 1 0
    outer loop
      vertex 10.308658283817454 12 49.53806023374435
      vertex 10.398588890195153 12 49.75517192333383
      vertex 10.402454838991936 12 49.50960735979839
    endloop
  endfacet
  facet normal 0 1 0
    outer loop
      vertex 10.402454838991936 12 49.50960735979839
      vertex 10.448301064549444 12 49.74009190010855
      vertex 10.5 12 49.5
    endloop
  endfacet
  facet normal 0 1 0
    outer loop
      vertex 10.402454838991936 12 49.50960735979839
      vertex 10.398588890195153 12 49.75517192333383
      vertex 10.448301064549444 12 49.74009190010855
    endloop
  endfacet
  facet normal 0 1 0
    outer loop
      vertex 10.448301064549444 12 49.74009190010855
      vertex 10.5 12 49.73499999940395
      vertex 10.5 12 49.5
    endloop
  endfacet
  facet normal 0 1 0
    outer loop
      vertex 10.084265193848728 12 49.722214883490196
      vertex 10.27966055224423 12 49.85277388791866
      vertex 10.146446609406727 12 49.64644660940672
    endloop
  endfacet
  facet normal 0 1 0
    outer loop
      vertex 10.038060233744357 12 49.80865828381746
      vertex 10.255171923333833 12 49.89858889019516
      vertex 10.084265193848728 12 49.722214883490196
    endloop
  endfacet
  facet normal 0 1 0
    outer loop
      vertex 10.038060233744357 12 49.80865828381746
      vertex 10.24009190010855 12 49.94830106454944
      vertex 10.255171923333833 12 49.89858889019516
    endloop
  endfacet
  facet normal 0 1 0
    outer loop
      vertex 10.084265193848728 12 49.722214883490196
      vertex 10.255171923333833 12 49.89858889019516
      vertex 10.27966055224423 12 49.85277388791866
    endloop
  endfacet
  facet normal 0 1 0
    outer loop
      vertex 10.009607359798384 12 49.902454838991936
      vertex 10.234999999403954 12 50
      vertex 10.24009190010855 12 49.94830106454944
    endloop
  endfacet
  facet normal 0 1 0
    outer loop
      vertex 10 12 50
      vertex 10.24009190010855 12 50.05169893545056
      vertex 10.234999999403954 12 50
    endloop
  endfacet
  facet normal 0 1 0
    outer loop
      vertex 10.009607359798384 12 50.097545161008064
      vertex 10.255171923333833 12 50.10141110980484
      vertex 10.24009190010855 12 50.05169893545056
    endloop
  endfacet
  facet normal 0 1 0
    outer loop
      vertex 10.146446609406727 12 49.64644660940672
      vertex 10.27966055224423 12 49.85277388791866
      vertex 10.312616702564096 12 49.8126167025641
    endloop
  endfacet
  facet normal 0 1 0
    outer loop
      vertex 10.2222148834902 12 49.58426519384873
      vertex 10.312616702564096 12 49.8126167025641
      vertex 10.35277388791866 12 49.77966055224423
    endloop
  endfacet
  facet normal 0 1 0
    outer loop
      vertex 10.038060233744357 12 50.19134171618254
      vertex 10.084265193848728 12 50.277785116509804
      vertex 10.27966055224423 12 50.14722611208134
    endloop
  endfacet
  facet normal 0 1 0
    outer loop
      vertex 10.038060233744357 12 50.19134171618254
      vertex 10.27966055224423 12 50.14722611208134
      vertex 10.255171923333833 12 50.10141110980484
    endloop
  endfacet
  facet normal 0 1 0
    outer loop
      vertex 10.084265193848728 12 50.277785116509804
      vertex 10.146446609406727 12 50.35355339059328
      vertex 10.312616702564096 12 50.1873832974359
    endloop
  endfacet
  facet normal 0 1 0
    outer loop
      vertex 10.084265193848728 12 50.277785116509804
      vertex 10.312616702564096 12 50.1873832974359
      vertex 10.27966055224423 12 50.14722611208134
    endloop
  endfacet
  facet normal 0 1 0
    outer loop
      vertex 10.146446609406727 12 50.35355339059328
      vertex 10.35277388791866 12 50.22033944775577
      vertex 10.312616702564096 12 50.1873832974359
    endloop
  endfacet
  facet normal 0 1 0
    outer loop
      vertex 10.146446609406727 12 50.35355339059328
      vertex 10.2222148834902 12 50.41573480615127
      vertex 10.35277388791866 12 50.22033944775577
    endloop
  endfacet
  facet normal 0 1 0
    outer loop
      vertex 10.2222148834902 12 50.41573480615127
      vertex 10.308658283817454 12 50.46193976625565
      vertex 10.398588890195153 12 50.24482807666617
    endloop
  endfacet
  facet normal 0 1 0
    outer loop
      vertex 10.308658283817454 12 49.53806023374435
      vertex 10.35277388791866 12 49.77966055224423
      vertex 10.398588890195153 12 49.75517192333383
    endloop
  endfacet
  facet normal 0 1 0
    outer loop
      vertex 10.2222148834902 12 50.41573480615127
      vertex 10.398588890195153 12 50.24482807666617
      vertex 10.35277388791866 12 50.22033944775577
    endloop
  endfacet
  facet normal 0 1 0
    outer loop
      vertex 10.308658283817454 12 50.46193976625565
      vertex 10.448301064549444 12 50.25990809989145
      vertex 10.398588890195153 12 50.24482807666617
    endloop
  endfacet
  facet normal 0 1 0
    outer loop
      vertex 10.308658283817454 12 50.46193976625565
      vertex 10.402454838991936 12 50.49039264020161
      vertex 10.448301064549444 12 50.25990809989145
    endloop
  endfacet
  facet normal 0 1 0
    outer loop
      vertex 10.402454838991936 12 50.49039264020161
      vertex 10.5 12 50.26500000059605
      vertex 10.448301064549444 12 50.25990809989145
    endloop
  endfacet
  facet normal 0 1 0
    outer loop
      vertex 10.402454838991936 12 50.49039264020161
      vertex 10.5 12 50.5
      vertex 10.5 12 50.26500000059605
    endloop
  endfacet
  facet normal 0 1 0
    outer loop
      vertex 10.5 12 49.5
      vertex 10.5 12 49.73499999940395
      vertex 10.597545161008064 12 49.50960735979839
    endloop
  endfacet
  facet normal 0 1 0
    outer loop
      vertex 10.597545161008064 12 49.50960735979839
      vertex 10.5 12 49.73499999940395
      vertex 10.551698935450556 12 49.74009190010855
    endloop
  endfacet
  facet normal 0 1 0
    outer loop
      vertex 10.597545161008064 12 49.50960735979839
      vertex 10.551698935450556 12 49.74009190010855
      vertex 10.691341716182546 12 49.53806023374435
    endloop
  endfacet
  facet normal 0 1 0
    outer loop
      vertex 10.691341716182546 12 49.53806023374435
      vertex 10.551698935450556 12 49.74009190010855
      vertex 10.601411109804847 12 49.75517192333383
    endloop
  endfacet
  facet normal 0 1 0
    outer loop
      vertex 10.691341716182546 12 49.53806023374435
      vertex 10.601411109804847 12 49.75517192333383
      vertex 10.7777851165098 12 49.58426519384873
    endloop
  endfacet
  facet normal 0 1 0
    outer loop
      vertex 10.7777851165098 12 49.58426519384873
      vertex 10.64722611208134 12 49.77966055224423
      vertex 10.853553390593273 12 49.64644660940672
    endloop
  endfacet
  facet normal 0 1 0
    outer loop
      vertex 10.7777851165098 12 49.58426519384873
      vertex 10.601411109804847 12 49.75517192333383
      vertex 10.64722611208134 12 49.77966055224423
    endloop
  endfacet
  facet normal 0 1 0
    outer loop
      vertex 10.5 12 50.26500000059605
      vertex 10.5 12 50.5
      vertex 10.551698935450556 12 50.25990809989145
    endloop
  endfacet
  facet normal 0 1 0
    outer loop
      vertex 10.551698935450556 12 50.25990809989145
      vertex 10.597545161008064 12 50.49039264020161
      vertex 10.601411109804847 12 50.24482807666617
    endloop
  endfacet
  facet normal 0 1 0
    outer loop
      vertex 10.551698935450556 12 50.25990809989145
      vertex 10.5 12 50.5
      vertex 10.597545161008064 12 50.49039264020161
    endloop
  endfacet
  facet normal 0 1 0
    outer loop
      vertex 10.601411109804847 12 50.24482807666617
      vertex 10.597545161008064 12 50.49039264020161
      vertex 10.691341716182546 12 50.46193976625565
    endloop
  endfacet
  facet normal 0 1 0
    outer loop
      vertex 10.601411109804847 12 50.24482807666617
      vertex 10.691341716182546 12 50.46193976625565
      vertex 10.64722611208134 12 50.22033944775577
    endloop
  endfacet
  facet normal 0 1 0
    outer loop
      vertex 10.853553390593273 12 49.64644660940672
      vertex 10.64722611208134 12 49.77966055224423
      vertex 10.687383297435904 12 49.8126167025641
    endloop
  endfacet
  facet normal 0 1 0
    outer loop
      vertex 10.687383297435904 12 49.8126167025641
      vertex 10.72033944775577 12 49.85277388791866
      vertex 10.915734806151272 12 49.722214883490196
    endloop
  endfacet
  facet normal 0 1 0
    outer loop
      vertex 10.853553390593273 12 49.64644660940672
      vertex 10.687383297435904 12 49.8126167025641
      vertex 10.915734806151272 12 49.722214883490196
    endloop
  endfacet
  facet normal 0 1 0
    outer loop
      vertex 10.72033944775577 12 49.85277388791866
      vertex 10.744828076666167 12 49.89858889019516
      vertex 10.961939766255643 12 49.80865828381746
    endloop
  endfacet
  facet normal 0 1 0
    outer loop
      vertex 10.72033944775577 12 49.85277388791866
      vertex 10.961939766255643 12 49.80865828381746
      vertex 10.915734806151272 12 49.722214883490196
    endloop
  endfacet
  facet normal 0 1 0
    outer loop
      vertex 10.744828076666167 12 49.89858889019516
      vertex 10.75990809989145 12 49.94830106454944
      vertex 10.990392640201616 12 49.902454838991936
    endloop
  endfacet
  facet normal 0 1 0
    outer loop
      vertex 10.75990809989145 12 49.94830106454944
      vertex 10.765000000596046 12 50
      vertex 11 12 50
    endloop
  endfacet
  facet normal 0 1 0
    outer loop
      vertex 10.765000000596046 12 50
      vertex 10.75990809989145 12 50.05169893545056
      vertex 10.990392640201616 12 50.097545161008064
    endloop
  endfacet
  facet normal 0 1 0
    outer loop
      vertex 10.687383297435904 12 50.1873832974359
      vertex 10.64722611208134 12 50.22033944775577
      vertex 10.7777851165098 12 50.41573480615127
    endloop
  endfacet
  facet normal 0 1 0
    outer loop
      vertex 10.687383297435904 12 50.1873832974359
      vertex 10.853553390593273 12 50.35355339059328
      vertex 10.72033944775577 12 50.14722611208134
    endloop
  endfacet
  facet normal 0 1 0
    outer loop
      vertex 10.64722611208134 12 50.22033944775577
      vertex 10.691341716182546 12 50.46193976625565
      vertex 10.7777851165098 12 50.41573480615127
    endloop
  endfacet
  facet normal 0 1 0
    outer loop
      vertex 10.687383297435904 12 50.1873832974359
      vertex 10.7777851165098 12 50.41573480615127
      vertex 10.853553390593273 12 50.35355339059328
    endloop
  endfacet
  facet normal 0 1 0
    outer loop
      vertex 10.72033944775577 12 50.14722611208134
      vertex 10.915734806151272 12 50.277785116509804
      vertex 10.744828076666167 12 50.10141110980484
    endloop
  endfacet
  facet normal 0 1 0
    outer loop
      vertex 10.75990809989145 12 50.05169893545056
      vertex 10.744828076666167 12 50.10141110980484
      vertex 10.961939766255643 12 50.19134171618254
    endloop
  endfacet
  facet normal 0 1 0
    outer loop
      vertex 10.744828076666167 12 50.10141110980484
      vertex 10.915734806151272 12 50.277785116509804
      vertex 10.961939766255643 12 50.19134171618254
    endloop
  endfacet
  facet normal 0 1 0
    outer loop
      vertex 10.72033944775577 12 50.14722611208134
      vertex 10.853553390593273 12 50.35355339059328
      vertex 10.915734806151272 12 50.277785116509804
    endloop
  endfacet
  facet normal 0 1 0
    outer loop
      vertex 10.744828076666167 12 49.89858889019516
      vertex 10.990392640201616 12 49.902454838991936
      vertex 10.961939766255643 12 49.80865828381746
    endloop
  endfacet
  facet normal 0 1 0
    outer loop
      vertex 10.75990809989145 12 49.94830106454944
      vertex 11 12 50
      vertex 10.990392640201616 12 49.902454838991936
    endloop
  endfacet
  facet normal 0 1 0
    outer loop
      vertex 10.765000000596046 12 50
      vertex 10.990392640201616 12 50.097545161008064
      vertex 11 12 50
    endloop
  endfacet
  facet normal 0 1 0
    outer loop
      vertex 10.75990809989145 12 50.05169893545056
      vertex 10.961939766255643 12 50.19134171618254
      vertex 10.990392640201616 12 50.097545161008064
    endloop
  endfacet
  facet normal 0 -1 0
    outer loop
      vertex -10.990392640201616 -12 49.902454838991936
      vertex -10.961939766255643 -12 49.80865828381746
      vertex -10.744828076666167 -12 49.89858889019516
    endloop
  endfacet
  facet normal 0 -1 0
    outer loop
      vertex -10.990392640201616 -12 49.902454838991936
      vertex -10.75990809989145 -12 49.94830106454944
      vertex -11 -12 50
    endloop
  endfacet
  facet normal 0 -1 0
    outer loop
      vertex -11 -12 50
      vertex -10.765000000596046 -12 50
      vertex -10.990392640201616 -12 50.097545161008064
    endloop
  endfacet
  facet normal 0 -1 0
    outer loop
      vertex -10.990392640201616 -12 50.097545161008064
      vertex -10.75990809989145 -12 50.05169893545056
      vertex -10.961939766255643 -12 50.19134171618254
    endloop
  endfacet
  facet normal 0 -1 0
    outer loop
      vertex -10.853553390593273 -12 49.64644660940672
      vertex -10.7777851165098 -12 49.58426519384873
      vertex -10.64722611208134 -12 49.77966055224423
    endloop
  endfacet
  facet normal 0 -1 0
    outer loop
      vertex -10.7777851165098 -12 49.58426519384873
      vertex -10.691341716182546 -12 49.53806023374435
      vertex -10.601411109804847 -12 49.75517192333383
    endloop
  endfacet
  facet normal 0 -1 0
    outer loop
      vertex -10.691341716182546 -12 49.53806023374435
      vertex -10.597545161008064 -12 49.50960735979839
      vertex -10.551698935450556 -12 49.74009190010855
    endloop
  endfacet
  facet normal 0 -1 0
    outer loop
      vertex -10.691341716182546 -12 49.53806023374435
      vertex -10.551698935450556 -12 49.74009190010855
      vertex -10.601411109804847 -12 49.75517192333383
    endloop
  endfacet
  facet normal 0 -1 0
    outer loop
      vertex -10.597545161008064 -12 49.50960735979839
      vertex -10.5 -12 49.73499999940395
      vertex -10.551698935450556 -12 49.74009190010855
    endloop
  endfacet
  facet normal 0 -1 0
    outer loop
      vertex -10.597545161008064 -12 49.50960735979839
      vertex -10.5 -12 49.5
      vertex -10.5 -12 49.73499999940395
    endloop
  endfacet
  facet normal 0 -1 0
    outer loop
      vertex -10.961939766255643 -12 49.80865828381746
      vertex -10.915734806151272 -12 49.722214883490196
      vertex -10.72033944775577 -12 49.85277388791866
    endloop
  endfacet
  facet normal 0 -1 0
    outer loop
      vertex -10.915734806151272 -12 49.722214883490196
      vertex -10.853553390593273 -12 49.64644660940672
      vertex -10.687383297435904 -12 49.8126167025641
    endloop
  endfacet
  facet normal 0 -1 0
    outer loop
      vertex -10.961939766255643 -12 49.80865828381746
      vertex -10.72033944775577 -12 49.85277388791866
      vertex -10.744828076666167 -12 49.89858889019516
    endloop
  endfacet
  facet normal 0 -1 0
    outer loop
      vertex -10.990392640201616 -12 49.902454838991936
      vertex -10.744828076666167 -12 49.89858889019516
      vertex -10.75990809989145 -12 49.94830106454944
    endloop
  endfacet
  facet normal 0 -1 0
    outer loop
      vertex -11 -12 50
      vertex -10.75990809989145 -12 49.94830106454944
      vertex -10.765000000596046 -12 50
    endloop
  endfacet
  facet normal 0 -1 0
    outer loop
      vertex -10.990392640201616 -12 50.097545161008064
      vertex -10.765000000596046 -12 50
      vertex -10.75990809989145 -12 50.05169893545056
    endloop
  endfacet
  facet normal 0 -1 0
    outer loop
      vertex -10.915734806151272 -12 49.722214883490196
      vertex -10.687383297435904 -12 49.8126167025641
      vertex -10.72033944775577 -12 49.85277388791866
    endloop
  endfacet
  facet normal 0 -1 0
    outer loop
      vertex -10.853553390593273 -12 49.64644660940672
      vertex -10.64722611208134 -12 49.77966055224423
      vertex -10.687383297435904 -12 49.8126167025641
    endloop
  endfacet
  facet normal 0 -1 0
    outer loop
      vertex -10.961939766255643 -12 50.19134171618254
      vertex -10.744828076666167 -12 50.10141110980484
      vertex -10.915734806151272 -12 50.277785116509804
    endloop
  endfacet
  facet normal 0 -1 0
    outer loop
      vertex -10.915734806151272 -12 50.277785116509804
      vertex -10.72033944775577 -12 50.14722611208134
      vertex -10.853553390593273 -12 50.35355339059328
    endloop
  endfacet
  facet normal 0 -1 0
    outer loop
      vertex -10.961939766255643 -12 50.19134171618254
      vertex -10.75990809989145 -12 50.05169893545056
      vertex -10.744828076666167 -12 50.10141110980484
    endloop
  endfacet
  facet normal 0 -1 0
    outer loop
      vertex -10.915734806151272 -12 50.277785116509804
      vertex -10.744828076666167 -12 50.10141110980484
      vertex -10.72033944775577 -12 50.14722611208134
    endloop
  endfacet
  facet normal 0 -1 0
    outer loop
      vertex -10.853553390593273 -12 50.35355339059328
      vertex -10.72033944775577 -12 50.14722611208134
      vertex -10.687383297435904 -12 50.1873832974359
    endloop
  endfacet
  facet normal 0 -1 0
    outer loop
      vertex -10.7777851165098 -12 50.41573480615127
      vertex -10.687383297435904 -12 50.1873832974359
      vertex -10.64722611208134 -12 50.22033944775577
    endloop
  endfacet
  facet normal 0 -1 0
    outer loop
      vertex -10.853553390593273 -12 50.35355339059328
      vertex -10.687383297435904 -12 50.1873832974359
      vertex -10.7777851165098 -12 50.41573480615127
    endloop
  endfacet
  facet normal 0 -1 0
    outer loop
      vertex -10.7777851165098 -12 50.41573480615127
      vertex -10.64722611208134 -12 50.22033944775577
      vertex -10.691341716182546 -12 50.46193976625565
    endloop
  endfacet
  facet normal 0 -1 0
    outer loop
      vertex -10.7777851165098 -12 49.58426519384873
      vertex -10.601411109804847 -12 49.75517192333383
      vertex -10.64722611208134 -12 49.77966055224423
    endloop
  endfacet
  facet normal 0 -1 0
    outer loop
      vertex -10.691341716182546 -12 50.46193976625565
      vertex -10.64722611208134 -12 50.22033944775577
      vertex -10.601411109804847 -12 50.24482807666617
    endloop
  endfacet
  facet normal 0 -1 0
    outer loop
      vertex -10.691341716182546 -12 50.46193976625565
      vertex -10.601411109804847 -12 50.24482807666617
      vertex -10.597545161008064 -12 50.49039264020161
    endloop
  endfacet
  facet normal 0 -1 0
    outer loop
      vertex -10.601411109804847 -12 50.24482807666617
      vertex -10.551698935450556 -12 50.25990809989145
      vertex -10.597545161008064 -12 50.49039264020161
    endloop
  endfacet
  facet normal 0 -1 0
    outer loop
      vertex -10.597545161008064 -12 50.49039264020161
      vertex -10.551698935450556 -12 50.25990809989145
      vertex -10.5 -12 50.5
    endloop
  endfacet
  facet normal 0 -1 0
    outer loop
      vertex -10.551698935450556 -12 50.25990809989145
      vertex -10.5 -12 50.26500000059605
      vertex -10.5 -12 50.5
    endloop
  endfacet
  facet normal 0 -1 0
    outer loop
      vertex -10.5 -12 49.5
      vertex -10.448301064549444 -12 49.74009190010855
      vertex -10.5 -12 49.73499999940395
    endloop
  endfacet
  facet normal 0 -1 0
    outer loop
      vertex -10.5 -12 49.5
      vertex -10.402454838991936 -12 49.50960735979839
      vertex -10.448301064549444 -12 49.74009190010855
    endloop
  endfacet
  facet normal 0 -1 0
    outer loop
      vertex -10.402454838991936 -12 49.50960735979839
      vertex -10.398588890195153 -12 49.75517192333383
      vertex -10.448301064549444 -12 49.74009190010855
    endloop
  endfacet
  facet normal 0 -1 0
    outer loop
      vertex -10.402454838991936 -12 49.50960735979839
      vertex -10.308658283817454 -12 49.53806023374435
      vertex -10.398588890195153 -12 49.75517192333383
    endloop
  endfacet
  facet normal 0 -1 0
    outer loop
      vertex -10.308658283817454 -12 49.53806023374435
      vertex -10.2222148834902 -12 49.58426519384873
      vertex -10.35277388791866 -12 49.77966055224423
    endloop
  endfacet
  facet normal 0 -1 0
    outer loop
      vertex -10.2222148834902 -12 49.58426519384873
      vertex -10.146446609406727 -12 49.64644660940672
      vertex -10.312616702564096 -12 49.8126167025641
    endloop
  endfacet
  facet normal 0 -1 0
    outer loop
      vertex -10.308658283817454 -12 49.53806023374435
      vertex -10.35277388791866 -12 49.77966055224423
      vertex -10.398588890195153 -12 49.75517192333383
    endloop
  endfacet
  facet normal 0 -1 0
    outer loop
      vertex -10.5 -12 50.26500000059605
      vertex -10.402454838991936 -12 50.49039264020161
      vertex -10.5 -12 50.5
    endloop
  endfacet
  facet normal 0 -1 0
    outer loop
      vertex -10.5 -12 50.26500000059605
      vertex -10.448301064549444 -12 50.25990809989145
      vertex -10.402454838991936 -12 50.49039264020161
    endloop
  endfacet
  facet normal 0 -1 0
    outer loop
      vertex -10.398588890195153 -12 50.24482807666617
      vertex -10.35277388791866 -12 50.22033944775577
      vertex -10.2222148834902 -12 50.41573480615127
    endloop
  endfacet
  facet normal 0 -1 0
    outer loop
      vertex -10.448301064549444 -12 50.25990809989145
      vertex -10.398588890195153 -12 50.24482807666617
      vertex -10.308658283817454 -12 50.46193976625565
    endloop
  endfacet
  facet normal 0 -1 0
    outer loop
      vertex -10.448301064549444 -12 50.25990809989145
      vertex -10.308658283817454 -12 50.46193976625565
      vertex -10.402454838991936 -12 50.49039264020161
    endloop
  endfacet
  facet normal 0 -1 0
    outer loop
      vertex -10.2222148834902 -12 49.58426519384873
      vertex -10.312616702564096 -12 49.8126167025641
      vertex -10.35277388791866 -12 49.77966055224423
    endloop
  endfacet
  facet normal 0 -1 0
    outer loop
      vertex -10.146446609406727 -12 49.64644660940672
      vertex -10.27966055224423 -12 49.85277388791866
      vertex -10.312616702564096 -12 49.8126167025641
    endloop
  endfacet
  facet normal 0 -1 0
    outer loop
      vertex -10.27966055224423 -12 49.85277388791866
      vertex -10.084265193848728 -12 49.722214883490196
      vertex -10.255171923333833 -12 49.89858889019516
    endloop
  endfacet
  facet normal 0 -1 0
    outer loop
      vertex -10.255171923333833 -12 49.89858889019516
      vertex -10.038060233744357 -12 49.80865828381746
      vertex -10.24009190010855 -12 49.94830106454944
    endloop
  endfacet
  facet normal 0 -1 0
    outer loop
      vertex -10.146446609406727 -12 49.64644660940672
      vertex -10.084265193848728 -12 49.722214883490196
      vertex -10.27966055224423 -12 49.85277388791866
    endloop
  endfacet
  facet normal 0 -1 0
    outer loop
      vertex -10.255171923333833 -12 49.89858889019516
      vertex -10.084265193848728 -12 49.722214883490196
      vertex -10.038060233744357 -12 49.80865828381746
    endloop
  endfacet
  facet normal 0 -1 0
    outer loop
      vertex -10.24009190010855 -12 49.94830106454944
      vertex -10.009607359798384 -12 49.902454838991936
      vertex -10.234999999403954 -12 50
    endloop
  endfacet
  facet normal 0 -1 0
    outer loop
      vertex -10.234999999403954 -12 50
      vertex -10 -12 50
      vertex -10.24009190010855 -12 50.05169893545056
    endloop
  endfacet
  facet normal 0 -1 0
    outer loop
      vertex -10.24009190010855 -12 50.05169893545056
      vertex -10.009607359798384 -12 50.097545161008064
      vertex -10.255171923333833 -12 50.10141110980484
    endloop
  endfacet
  facet normal 0 -1 0
    outer loop
      vertex -10.312616702564096 -12 50.1873832974359
      vertex -10.146446609406727 -12 50.35355339059328
      vertex -10.35277388791866 -12 50.22033944775577
    endloop
  endfacet
  facet normal 0 -1 0
    outer loop
      vertex -10.312616702564096 -12 50.1873832974359
      vertex -10.27966055224423 -12 50.14722611208134
      vertex -10.084265193848728 -12 50.277785116509804
    endloop
  endfacet
  facet normal 0 -1 0
    outer loop
      vertex -10.398588890195153 -12 50.24482807666617
      vertex -10.2222148834902 -12 50.41573480615127
      vertex -10.308658283817454 -12 50.46193976625565
    endloop
  endfacet
  facet normal 0 -1 0
    outer loop
      vertex -10.35277388791866 -12 50.22033944775577
      vertex -10.146446609406727 -12 50.35355339059328
      vertex -10.2222148834902 -12 50.41573480615127
    endloop
  endfacet
  facet normal 0 -1 0
    outer loop
      vertex -10.27966055224423 -12 50.14722611208134
      vertex -10.255171923333833 -12 50.10141110980484
      vertex -10.038060233744357 -12 50.19134171618254
    endloop
  endfacet
  facet normal 0 -1 0
    outer loop
      vertex -10.312616702564096 -12 50.1873832974359
      vertex -10.084265193848728 -12 50.277785116509804
      vertex -10.146446609406727 -12 50.35355339059328
    endloop
  endfacet
  facet normal 0 -1 0
    outer loop
      vertex -10.27966055224423 -12 50.14722611208134
      vertex -10.038060233744357 -12 50.19134171618254
      vertex -10.084265193848728 -12 50.277785116509804
    endloop
  endfacet
  facet normal 0 -1 0
    outer loop
      vertex -10.24009190010855 -12 49.94830106454944
      vertex -10.038060233744357 -12 49.80865828381746
      vertex -10.009607359798384 -12 49.902454838991936
    endloop
  endfacet
  facet normal 0 -1 0
    outer loop
      vertex -10.234999999403954 -12 50
      vertex -10.009607359798384 -12 49.902454838991936
      vertex -10 -12 50
    endloop
  endfacet
  facet normal 0 -1 0
    outer loop
      vertex -10.24009190010855 -12 50.05169893545056
      vertex -10 -12 50
      vertex -10.009607359798384 -12 50.097545161008064
    endloop
  endfacet
  facet normal 0 -1 0
    outer loop
      vertex -10.255171923333833 -12 50.10141110980484
      vertex -10.009607359798384 -12 50.097545161008064
      vertex -10.038060233744357 -12 50.19134171618254
    endloop
  endfacet
  facet normal -0.9569403357322032 0 -0.2902846772544811
    outer loop
      vertex -10.990392640201616 -12 49.902454838991936
      vertex -10.990392640201616 12 49.902454838991936
      vertex -10.961939766255643 -12 49.80865828381746
    endloop
  endfacet
  facet normal -0.9951847266721978 0 -0.09801714032955187
    outer loop
      vertex -10.990392640201616 -12 49.902454838991936
      vertex -11 -12 50
      vertex -11 12 50
    endloop
  endfacet
  facet normal -0.9951847266721978 0 0.09801714032955187
    outer loop
      vertex -11 -12 50
      vertex -10.990392640201616 -12 50.097545161008064
      vertex -10.990392640201616 12 50.097545161008064
    endloop
  endfacet
  facet normal -0.881921264348369 0 -0.47139673682597155
    outer loop
      vertex -10.961939766255643 -12 49.80865828381746
      vertex -10.961939766255643 12 49.80865828381746
      vertex -10.915734806151272 -12 49.722214883490196
    endloop
  endfacet
  facet normal -0.7730104533627334 0 -0.6343932841636499
    outer loop
      vertex -10.915734806151272 -12 49.722214883490196
      vertex -10.915734806151272 12 49.722214883490196
      vertex -10.853553390593273 -12 49.64644660940672
    endloop
  endfacet
  facet normal -0.9569403357322032 0 0.2902846772544811
    outer loop
      vertex -10.990392640201616 -12 50.097545161008064
      vertex -10.961939766255643 -12 50.19134171618254
      vertex -10.961939766255643 12 50.19134171618254
    endloop
  endfacet
  facet normal -0.881921264348369 0 0.47139673682597155
    outer loop
      vertex -10.961939766255643 -12 50.19134171618254
      vertex -10.915734806151272 -12 50.277785116509804
      vertex -10.915734806151272 12 50.277785116509804
    endloop
  endfacet
  facet normal -0.6343932841636174 0 -0.77301045336276
    outer loop
      vertex -10.853553390593273 -12 49.64644660940672
      vertex -10.853553390593273 12 49.64644660940672
      vertex -10.7777851165098 -12 49.58426519384873
    endloop
  endfacet
  facet normal -0.471396736826044 0 -0.8819212643483303
    outer loop
      vertex -10.7777851165098 -12 49.58426519384873
      vertex -10.7777851165098 12 49.58426519384873
      vertex -10.691341716182546 -12 49.53806023374435
    endloop
  endfacet
  facet normal -0.29028467725440465 0 -0.9569403357322264
    outer loop
      vertex -10.691341716182546 -12 49.53806023374435
      vertex -10.691341716182546 12 49.53806023374435
      vertex -10.597545161008064 -12 49.50960735979839
    endloop
  endfacet
  facet normal -0.09801714032958776 0 -0.9951847266721943
    outer loop
      vertex -10.597545161008064 -12 49.50960735979839
      vertex -10.597545161008064 12 49.50960735979839
      vertex -10.5 -12 49.5
    endloop
  endfacet
  facet normal -0.7730104533627334 0 0.6343932841636499
    outer loop
      vertex -10.915734806151272 -12 50.277785116509804
      vertex -10.853553390593273 -12 50.35355339059328
      vertex -10.853553390593273 12 50.35355339059328
    endloop
  endfacet
  facet normal -0.6343932841636174 0 0.77301045336276
    outer loop
      vertex -10.853553390593273 -12 50.35355339059328
      vertex -10.7777851165098 -12 50.41573480615127
      vertex -10.7777851165098 12 50.41573480615127
    endloop
  endfacet
  facet normal -0.471396736826044 0 0.8819212643483303
    outer loop
      vertex -10.7777851165098 -12 50.41573480615127
      vertex -10.691341716182546 -12 50.46193976625565
      vertex -10.691341716182546 12 50.46193976625565
    endloop
  endfacet
  facet normal -0.29028467725440465 0 0.9569403357322264
    outer loop
      vertex -10.691341716182546 -12 50.46193976625565
      vertex -10.597545161008064 -12 50.49039264020161
      vertex -10.597545161008064 12 50.49039264020161
    endloop
  endfacet
  facet normal -0.09801714032958776 0 0.9951847266721943
    outer loop
      vertex -10.597545161008064 -12 50.49039264020161
      vertex -10.5 -12 50.5
      vertex -10.5 12 50.5
    endloop
  endfacet
  facet normal 0.09801714032958776 0 -0.9951847266721943
    outer loop
      vertex -10.5 -12 49.5
      vertex -10.5 12 49.5
      vertex -10.402454838991936 -12 49.50960735979839
    endloop
  endfacet
  facet normal 0.29028467725440465 0 -0.9569403357322264
    outer loop
      vertex -10.402454838991936 -12 49.50960735979839
      vertex -10.402454838991936 12 49.50960735979839
      vertex -10.308658283817454 -12 49.53806023374435
    endloop
  endfacet
  facet normal 0.471396736826044 0 -0.8819212643483303
    outer loop
      vertex -10.308658283817454 -12 49.53806023374435
      vertex -10.308658283817454 12 49.53806023374435
      vertex -10.2222148834902 -12 49.58426519384873
    endloop
  endfacet
  facet normal 0.6343932841636174 0 -0.77301045336276
    outer loop
      vertex -10.2222148834902 -12 49.58426519384873
      vertex -10.2222148834902 12 49.58426519384873
      vertex -10.146446609406727 -12 49.64644660940672
    endloop
  endfacet
  facet normal 0.7730104533627334 0 -0.6343932841636499
    outer loop
      vertex -10.146446609406727 -12 49.64644660940672
      vertex -10.146446609406727 12 49.64644660940672
      vertex -10.084265193848728 -12 49.722214883490196
    endloop
  endfacet
  facet normal 0.09801714032958776 0 0.9951847266721943
    outer loop
      vertex -10.5 -12 50.5
      vertex -10.402454838991936 -12 50.49039264020161
      vertex -10.402454838991936 12 50.49039264020161
    endloop
  endfacet
  facet normal 0.29028467725440465 0 0.9569403357322264
    outer loop
      vertex -10.402454838991936 -12 50.49039264020161
      vertex -10.308658283817454 -12 50.46193976625565
      vertex -10.308658283817454 12 50.46193976625565
    endloop
  endfacet
  facet normal 0.471396736826044 0 0.8819212643483303
    outer loop
      vertex -10.308658283817454 -12 50.46193976625565
      vertex -10.2222148834902 -12 50.41573480615127
      vertex -10.2222148834902 12 50.41573480615127
    endloop
  endfacet
  facet normal 0.6343932841636174 0 0.77301045336276
    outer loop
      vertex -10.2222148834902 -12 50.41573480615127
      vertex -10.146446609406727 -12 50.35355339059328
      vertex -10.146446609406727 12 50.35355339059328
    endloop
  endfacet
  facet normal 0.881921264348369 0 -0.47139673682597155
    outer loop
      vertex -10.084265193848728 -12 49.722214883490196
      vertex -10.084265193848728 12 49.722214883490196
      vertex -10.038060233744357 -12 49.80865828381746
    endloop
  endfacet
  facet normal 0.9569403357322032 0 -0.2902846772544811
    outer loop
      vertex -10.038060233744357 -12 49.80865828381746
      vertex -10.038060233744357 12 49.80865828381746
      vertex -10.009607359798384 -12 49.902454838991936
    endloop
  endfacet
  facet normal 0.9951847266721978 0 -0.09801714032955187
    outer loop
      vertex -10.009607359798384 -12 49.902454838991936
      vertex -10.009607359798384 12 49.902454838991936
      vertex -10 -12 50
    endloop
  endfacet
  facet normal 0.9951847266721978 0 0.09801714032955187
    outer loop
      vertex -10 -12 50
      vertex -10 12 50
      vertex -10.009607359798384 -12 50.097545161008064
    endloop
  endfacet
  facet normal 0.881921264348369 0 0.47139673682597155
    outer loop
      vertex -10.084265193848728 -12 50.277785116509804
      vertex -10.038060233744357 -12 50.19134171618254
      vertex -10.038060233744357 12 50.19134171618254
    endloop
  endfacet
  facet normal 0.7730104533627334 0 0.6343932841636499
    outer loop
      vertex -10.146446609406727 -12 50.35355339059328
      vertex -10.084265193848728 -12 50.277785116509804
      vertex -10.084265193848728 12 50.277785116509804
    endloop
  endfacet
  facet normal 0.9569403357322032 0 0.2902846772544811
    outer loop
      vertex -10.038060233744357 -12 50.19134171618254
      vertex -10.009607359798384 -12 50.097545161008064
      vertex -10.009607359798384 12 50.097545161008064
    endloop
  endfacet
  facet normal -0.9569403357322032 0 -0.2902846772544811
    outer loop
      vertex -10.961939766255643 -12 49.80865828381746
      vertex -10.990392640201616 12 49.902454838991936
      vertex -10.961939766255643 12 49.80865828381746
    endloop
  endfacet
  facet normal -0.9951847266721978 0 -0.09801714032955187
    outer loop
      vertex -10.990392640201616 -12 49.902454838991936
      vertex -11 12 50
      vertex -10.990392640201616 12 49.902454838991936
    endloop
  endfacet
  facet normal -0.9951847266721978 0 0.09801714032955187
    outer loop
      vertex -11 -12 50
      vertex -10.990392640201616 12 50.097545161008064
      vertex -11 12 50
    endloop
  endfacet
  facet normal -0.881921264348369 0 -0.47139673682597155
    outer loop
      vertex -10.915734806151272 -12 49.722214883490196
      vertex -10.961939766255643 12 49.80865828381746
      vertex -10.915734806151272 12 49.722214883490196
    endloop
  endfacet
  facet normal -0.9569403357322032 0 0.2902846772544811
    outer loop
      vertex -10.990392640201616 -12 50.097545161008064
      vertex -10.961939766255643 12 50.19134171618254
      vertex -10.990392640201616 12 50.097545161008064
    endloop
  endfacet
  facet normal -0.881921264348369 0 0.47139673682597155
    outer loop
      vertex -10.961939766255643 -12 50.19134171618254
      vertex -10.915734806151272 12 50.277785116509804
      vertex -10.961939766255643 12 50.19134171618254
    endloop
  endfacet
  facet normal -0.7730104533627334 0 0.6343932841636499
    outer loop
      vertex -10.915734806151272 -12 50.277785116509804
      vertex -10.853553390593273 12 50.35355339059328
      vertex -10.915734806151272 12 50.277785116509804
    endloop
  endfacet
  facet normal -0.7730104533627334 0 -0.6343932841636499
    outer loop
      vertex -10.853553390593273 -12 49.64644660940672
      vertex -10.915734806151272 12 49.722214883490196
      vertex -10.853553390593273 12 49.64644660940672
    endloop
  endfacet
  facet normal -0.6343932841636174 0 -0.77301045336276
    outer loop
      vertex -10.7777851165098 -12 49.58426519384873
      vertex -10.853553390593273 12 49.64644660940672
      vertex -10.7777851165098 12 49.58426519384873
    endloop
  endfacet
  facet normal -0.471396736826044 0 -0.8819212643483303
    outer loop
      vertex -10.691341716182546 -12 49.53806023374435
      vertex -10.7777851165098 12 49.58426519384873
      vertex -10.691341716182546 12 49.53806023374435
    endloop
  endfacet
  facet normal -0.29028467725440465 0 -0.9569403357322264
    outer loop
      vertex -10.597545161008064 -12 49.50960735979839
      vertex -10.691341716182546 12 49.53806023374435
      vertex -10.597545161008064 12 49.50960735979839
    endloop
  endfacet
  facet normal -0.09801714032958776 0 -0.9951847266721943
    outer loop
      vertex -10.5 -12 49.5
      vertex -10.597545161008064 12 49.50960735979839
      vertex -10.5 12 49.5
    endloop
  endfacet
  facet normal -0.6343932841636174 0 0.77301045336276
    outer loop
      vertex -10.853553390593273 -12 50.35355339059328
      vertex -10.7777851165098 12 50.41573480615127
      vertex -10.853553390593273 12 50.35355339059328
    endloop
  endfacet
  facet normal -0.471396736826044 0 0.8819212643483303
    outer loop
      vertex -10.7777851165098 -12 50.41573480615127
      vertex -10.691341716182546 12 50.46193976625565
      vertex -10.7777851165098 12 50.41573480615127
    endloop
  endfacet
  facet normal -0.29028467725440465 0 0.9569403357322264
    outer loop
      vertex -10.691341716182546 -12 50.46193976625565
      vertex -10.597545161008064 12 50.49039264020161
      vertex -10.691341716182546 12 50.46193976625565
    endloop
  endfacet
  facet normal -0.09801714032958776 0 0.9951847266721943
    outer loop
      vertex -10.597545161008064 -12 50.49039264020161
      vertex -10.5 12 50.5
      vertex -10.597545161008064 12 50.49039264020161
    endloop
  endfacet
  facet normal 0.09801714032958776 0 -0.9951847266721943
    outer loop
      vertex -10.402454838991936 -12 49.50960735979839
      vertex -10.5 12 49.5
      vertex -10.402454838991936 12 49.50960735979839
    endloop
  endfacet
  facet normal 0.29028467725440465 0 -0.9569403357322264
    outer loop
      vertex -10.308658283817454 -12 49.53806023374435
      vertex -10.402454838991936 12 49.50960735979839
      vertex -10.308658283817454 12 49.53806023374435
    endloop
  endfacet
  facet normal 0.471396736826044 0 -0.8819212643483303
    outer loop
      vertex -10.2222148834902 -12 49.58426519384873
      vertex -10.308658283817454 12 49.53806023374435
      vertex -10.2222148834902 12 49.58426519384873
    endloop
  endfacet
  facet normal 0.6343932841636174 0 -0.77301045336276
    outer loop
      vertex -10.146446609406727 -12 49.64644660940672
      vertex -10.2222148834902 12 49.58426519384873
      vertex -10.146446609406727 12 49.64644660940672
    endloop
  endfacet
  facet normal 0.09801714032958776 0 0.9951847266721943
    outer loop
      vertex -10.5 -12 50.5
      vertex -10.402454838991936 12 50.49039264020161
      vertex -10.5 12 50.5
    endloop
  endfacet
  facet normal 0.29028467725440465 0 0.9569403357322264
    outer loop
      vertex -10.402454838991936 -12 50.49039264020161
      vertex -10.308658283817454 12 50.46193976625565
      vertex -10.402454838991936 12 50.49039264020161
    endloop
  endfacet
  facet normal 0.471396736826044 0 0.8819212643483303
    outer loop
      vertex -10.308658283817454 -12 50.46193976625565
      vertex -10.2222148834902 12 50.41573480615127
      vertex -10.308658283817454 12 50.46193976625565
    endloop
  endfacet
  facet normal 0.6343932841636174 0 0.77301045336276
    outer loop
      vertex -10.2222148834902 -12 50.41573480615127
      vertex -10.146446609406727 12 50.35355339059328
      vertex -10.2222148834902 12 50.41573480615127
    endloop
  endfacet
  facet normal 0.7730104533627334 0 0.6343932841636499
    outer loop
      vertex -10.146446609406727 -12 50.35355339059328
      vertex -10.084265193848728 12 50.277785116509804
      vertex -10.146446609406727 12 50.35355339059328
    endloop
  endfacet
  facet normal 0.7730104533627334 0 -0.6343932841636499
    outer loop
      vertex -10.084265193848728 -12 49.722214883490196
      vertex -10.146446609406727 12 49.64644660940672
      vertex -10.084265193848728 12 49.722214883490196
    endloop
  endfacet
  facet normal 0.881921264348369 0 -0.47139673682597155
    outer loop
      vertex -10.038060233744357 -12 49.80865828381746
      vertex -10.084265193848728 12 49.722214883490196
      vertex -10.038060233744357 12 49.80865828381746
    endloop
  endfacet
  facet normal 0.9569403357322032 0 -0.2902846772544811
    outer loop
      vertex -10.009607359798384 -12 49.902454838991936
      vertex -10.038060233744357 12 49.80865828381746
      vertex -10.009607359798384 12 49.902454838991936
    endloop
  endfacet
  facet normal 0.9951847266721978 0 -0.09801714032955187
    outer loop
      vertex -10 -12 50
      vertex -10.009607359798384 12 49.902454838991936
      vertex -10 12 50
    endloop
  endfacet
  facet normal 0.9951847266721978 0 0.09801714032955187
    outer loop
      vertex -10.009607359798384 -12 50.097545161008064
      vertex -10 12 50
      vertex -10.009607359798384 12 50.097545161008064
    endloop
  endfacet
  facet normal 0.881921264348369 0 0.47139673682597155
    outer loop
      vertex -10.084265193848728 -12 50.277785116509804
      vertex -10.038060233744357 12 50.19134171618254
      vertex -10.084265193848728 12 50.277785116509804
    endloop
  endfacet
  facet normal 0.9569403357322032 0 0.2902846772544811
    outer loop
      vertex -10.038060233744357 -12 50.19134171618254
      vertex -10.009607359798384 12 50.097545161008064
      vertex -10.038060233744357 12 50.19134171618254
    endloop
  endfacet
  facet normal 0 1 0
    outer loop
      vertex -10.990392640201616 12 49.902454838991936
      vertex -10.75990809989145 12 49.94830106454944
      vertex -10.961939766255643 12 49.80865828381746
    endloop
  endfacet
  facet normal 0 1 0
    outer loop
      vertex -10.990392640201616 12 49.902454838991936
      vertex -11 12 50
      vertex -10.765000000596046 12 50
    endloop
  endfacet
  facet normal 0 1 0
    outer loop
      vertex -11 12 50
      vertex -10.990392640201616 12 50.097545161008064
      vertex -10.75990809989145 12 50.05169893545056
    endloop
  endfacet
  facet normal 0 1 0
    outer loop
      vertex -10.990392640201616 12 50.097545161008064
      vertex -10.961939766255643 12 50.19134171618254
      vertex -10.744828076666167 12 50.10141110980484
    endloop
  endfacet
  facet normal 0 1 0
    outer loop
      vertex -10.853553390593273 12 49.64644660940672
      vertex -10.687383297435904 12 49.8126167025641
      vertex -10.7777851165098 12 49.58426519384873
    endloop
  endfacet
  facet normal 0 1 0
    outer loop
      vertex -10.7777851165098 12 49.58426519384873
      vertex -10.64722611208134 12 49.77966055224423
      vertex -10.691341716182546 12 49.53806023374435
    endloop
  endfacet
  facet normal 0 1 0
    outer loop
      vertex -10.691341716182546 12 49.53806023374435
      vertex -10.601411109804847 12 49.75517192333383
      vertex -10.597545161008064 12 49.50960735979839
    endloop
  endfacet
  facet normal 0 1 0
    outer loop
      vertex -10.597545161008064 12 49.50960735979839
      vertex -10.551698935450556 12 49.74009190010855
      vertex -10.5 12 49.5
    endloop
  endfacet
  facet normal 0 1 0
    outer loop
      vertex -10.597545161008064 12 49.50960735979839
      vertex -10.601411109804847 12 49.75517192333383
      vertex -10.551698935450556 12 49.74009190010855
    endloop
  endfacet
  facet normal 0 1 0
    outer loop
      vertex -10.551698935450556 12 49.74009190010855
      vertex -10.5 12 49.73499999940395
      vertex -10.5 12 49.5
    endloop
  endfacet
  facet normal 0 1 0
    outer loop
      vertex -10.915734806151272 12 49.722214883490196
      vertex -10.72033944775577 12 49.85277388791866
      vertex -10.853553390593273 12 49.64644660940672
    endloop
  endfacet
  facet normal 0 1 0
    outer loop
      vertex -10.961939766255643 12 49.80865828381746
      vertex -10.744828076666167 12 49.89858889019516
      vertex -10.915734806151272 12 49.722214883490196
    endloop
  endfacet
  facet normal 0 1 0
    outer loop
      vertex -10.961939766255643 12 49.80865828381746
      vertex -10.75990809989145 12 49.94830106454944
      vertex -10.744828076666167 12 49.89858889019516
    endloop
  endfacet
  facet normal 0 1 0
    outer loop
      vertex -10.915734806151272 12 49.722214883490196
      vertex -10.744828076666167 12 49.89858889019516
      vertex -10.72033944775577 12 49.85277388791866
    endloop
  endfacet
  facet normal 0 1 0
    outer loop
      vertex -10.990392640201616 12 49.902454838991936
      vertex -10.765000000596046 12 50
      vertex -10.75990809989145 12 49.94830106454944
    endloop
  endfacet
  facet normal 0 1 0
    outer loop
      vertex -11 12 50
      vertex -10.75990809989145 12 50.05169893545056
      vertex -10.765000000596046 12 50
    endloop
  endfacet
  facet normal 0 1 0
    outer loop
      vertex -10.990392640201616 12 50.097545161008064
      vertex -10.744828076666167 12 50.10141110980484
      vertex -10.75990809989145 12 50.05169893545056
    endloop
  endfacet
  facet normal 0 1 0
    outer loop
      vertex -10.853553390593273 12 49.64644660940672
      vertex -10.72033944775577 12 49.85277388791866
      vertex -10.687383297435904 12 49.8126167025641
    endloop
  endfacet
  facet normal 0 1 0
    outer loop
      vertex -10.7777851165098 12 49.58426519384873
      vertex -10.687383297435904 12 49.8126167025641
      vertex -10.64722611208134 12 49.77966055224423
    endloop
  endfacet
  facet normal 0 1 0
    outer loop
      vertex -10.961939766255643 12 50.19134171618254
      vertex -10.915734806151272 12 50.277785116509804
      vertex -10.72033944775577 12 50.14722611208134
    endloop
  endfacet
  facet normal 0 1 0
    outer loop
      vertex -10.961939766255643 12 50.19134171618254
      vertex -10.72033944775577 12 50.14722611208134
      vertex -10.744828076666167 12 50.10141110980484
    endloop
  endfacet
  facet normal 0 1 0
    outer loop
      vertex -10.915734806151272 12 50.277785116509804
      vertex -10.853553390593273 12 50.35355339059328
      vertex -10.687383297435904 12 50.1873832974359
    endloop
  endfacet
  facet normal 0 1 0
    outer loop
      vertex -10.915734806151272 12 50.277785116509804
      vertex -10.687383297435904 12 50.1873832974359
      vertex -10.72033944775577 12 50.14722611208134
    endloop
  endfacet
  facet normal 0 1 0
    outer loop
      vertex -10.853553390593273 12 50.35355339059328
      vertex -10.64722611208134 12 50.22033944775577
      vertex -10.687383297435904 12 50.1873832974359
    endloop
  endfacet
  facet normal 0 1 0
    outer loop
      vertex -10.853553390593273 12 50.35355339059328
      vertex -10.7777851165098 12 50.41573480615127
      vertex -10.64722611208134 12 50.22033944775577
    endloop
  endfacet
  facet normal 0 1 0
    outer loop
      vertex -10.7777851165098 12 50.41573480615127
      vertex -10.691341716182546 12 50.46193976625565
      vertex -10.601411109804847 12 50.24482807666617
    endloop
  endfacet
  facet normal 0 1 0
    outer loop
      vertex -10.691341716182546 12 49.53806023374435
      vertex -10.64722611208134 12 49.77966055224423
      vertex -10.601411109804847 12 49.75517192333383
    endloop
  endfacet
  facet normal 0 1 0
    outer loop
      vertex -10.7777851165098 12 50.41573480615127
      vertex -10.601411109804847 12 50.24482807666617
      vertex -10.64722611208134 12 50.22033944775577
    endloop
  endfacet
  facet normal 0 1 0
    outer loop
      vertex -10.691341716182546 12 50.46193976625565
      vertex -10.551698935450556 12 50.25990809989145
      vertex -10.601411109804847 12 50.24482807666617
    endloop
  endfacet
  facet normal 0 1 0
    outer loop
      vertex -10.691341716182546 12 50.46193976625565
      vertex -10.597545161008064 12 50.49039264020161
      vertex -10.551698935450556 12 50.25990809989145
    endloop
  endfacet
  facet normal 0 1 0
    outer loop
      vertex -10.597545161008064 12 50.49039264020161
      vertex -10.5 12 50.26500000059605
      vertex -10.551698935450556 12 50.25990809989145
    endloop
  endfacet
  facet normal 0 1 0
    outer loop
      vertex -10.597545161008064 12 50.49039264020161
      vertex -10.5 12 50.5
      vertex -10.5 12 50.26500000059605
    endloop
  endfacet
  facet normal 0 1 0
    outer loop
      vertex -10.5 12 49.5
      vertex -10.5 12 49.73499999940395
      vertex -10.402454838991936 12 49.50960735979839
    endloop
  endfacet
  facet normal 0 1 0
    outer loop
      vertex -10.402454838991936 12 49.50960735979839
      vertex -10.5 12 49.73499999940395
      vertex -10.448301064549444 12 49.74009190010855
    endloop
  endfacet
  facet normal 0 1 0
    outer loop
      vertex -10.402454838991936 12 49.50960735979839
      vertex -10.448301064549444 12 49.74009190010855
      vertex -10.308658283817454 12 49.53806023374435
    endloop
  endfacet
  facet normal 0 1 0
    outer loop
      vertex -10.308658283817454 12 49.53806023374435
      vertex -10.448301064549444 12 49.74009190010855
      vertex -10.398588890195153 12 49.75517192333383
    endloop
  endfacet
  facet normal 0 1 0
    outer loop
      vertex -10.308658283817454 12 49.53806023374435
      vertex -10.398588890195153 12 49.75517192333383
      vertex -10.2222148834902 12 49.58426519384873
    endloop
  endfacet
  facet normal 0 1 0
    outer loop
      vertex -10.2222148834902 12 49.58426519384873
      vertex -10.35277388791866 12 49.77966055224423
      vertex -10.146446609406727 12 49.64644660940672
    endloop
  endfacet
  facet normal 0 1 0
    outer loop
      vertex -10.2222148834902 12 49.58426519384873
      vertex -10.398588890195153 12 49.75517192333383
      vertex -10.35277388791866 12 49.77966055224423
    endloop
  endfacet
  facet normal 0 1 0
    outer loop
      vertex -10.5 12 50.26500000059605
      vertex -10.5 12 50.5
      vertex -10.448301064549444 12 50.25990809989145
    endloop
  endfacet
  facet normal 0 1 0
    outer loop
      vertex -10.448301064549444 12 50.25990809989145
      vertex -10.402454838991936 12 50.49039264020161
      vertex -10.398588890195153 12 50.24482807666617
    endloop
  endfacet
  facet normal 0 1 0
    outer loop
      vertex -10.448301064549444 12 50.25990809989145
      vertex -10.5 12 50.5
      vertex -10.402454838991936 12 50.49039264020161
    endloop
  endfacet
  facet normal 0 1 0
    outer loop
      vertex -10.398588890195153 12 50.24482807666617
      vertex -10.402454838991936 12 50.49039264020161
      vertex -10.308658283817454 12 50.46193976625565
    endloop
  endfacet
  facet normal 0 1 0
    outer loop
      vertex -10.398588890195153 12 50.24482807666617
      vertex -10.308658283817454 12 50.46193976625565
      vertex -10.35277388791866 12 50.22033944775577
    endloop
  endfacet
  facet normal 0 1 0
    outer loop
      vertex -10.146446609406727 12 49.64644660940672
      vertex -10.35277388791866 12 49.77966055224423
      vertex -10.312616702564096 12 49.8126167025641
    endloop
  endfacet
  facet normal 0 1 0
    outer loop
      vertex -10.312616702564096 12 49.8126167025641
      vertex -10.27966055224423 12 49.85277388791866
      vertex -10.084265193848728 12 49.722214883490196
    endloop
  endfacet
  facet normal 0 1 0
    outer loop
      vertex -10.146446609406727 12 49.64644660940672
      vertex -10.312616702564096 12 49.8126167025641
      vertex -10.084265193848728 12 49.722214883490196
    endloop
  endfacet
  facet normal 0 1 0
    outer loop
      vertex -10.27966055224423 12 49.85277388791866
      vertex -10.255171923333833 12 49.89858889019516
      vertex -10.038060233744357 12 49.80865828381746
    endloop
  endfacet
  facet normal 0 1 0
    outer loop
      vertex -10.27966055224423 12 49.85277388791866
      vertex -10.038060233744357 12 49.80865828381746
      vertex -10.084265193848728 12 49.722214883490196
    endloop
  endfacet
  facet normal 0 1 0
    outer loop
      vertex -10.255171923333833 12 49.89858889019516
      vertex -10.24009190010855 12 49.94830106454944
      vertex -10.009607359798384 12 49.902454838991936
    endloop
  endfacet
  facet normal 0 1 0
    outer loop
      vertex -10.24009190010855 12 49.94830106454944
      vertex -10.234999999403954 12 50
      vertex -10 12 50
    endloop
  endfacet
  facet normal 0 1 0
    outer loop
      vertex -10.234999999403954 12 50
      vertex -10.24009190010855 12 50.05169893545056
      vertex -10.009607359798384 12 50.097545161008064
    endloop
  endfacet
  facet normal 0 1 0
    outer loop
      vertex -10.312616702564096 12 50.1873832974359
      vertex -10.35277388791866 12 50.22033944775577
      vertex -10.2222148834902 12 50.41573480615127
    endloop
  endfacet
  facet normal 0 1 0
    outer loop
      vertex -10.312616702564096 12 50.1873832974359
      vertex -10.146446609406727 12 50.35355339059328
      vertex -10.27966055224423 12 50.14722611208134
    endloop
  endfacet
  facet normal 0 1 0
    outer loop
      vertex -10.35277388791866 12 50.22033944775577
      vertex -10.308658283817454 12 50.46193976625565
      vertex -10.2222148834902 12 50.41573480615127
    endloop
  endfacet
  facet normal 0 1 0
    outer loop
      vertex -10.312616702564096 12 50.1873832974359
      vertex -10.2222148834902 12 50.41573480615127
      vertex -10.146446609406727 12 50.35355339059328
    endloop
  endfacet
  facet normal 0 1 0
    outer loop
      vertex -10.27966055224423 12 50.14722611208134
      vertex -10.084265193848728 12 50.277785116509804
      vertex -10.255171923333833 12 50.10141110980484
    endloop
  endfacet
  facet normal 0 1 0
    outer loop
      vertex -10.24009190010855 12 50.05169893545056
      vertex -10.255171923333833 12 50.10141110980484
      vertex -10.038060233744357 12 50.19134171618254
    endloop
  endfacet
  facet normal 0 1 0
    outer loop
      vertex -10.255171923333833 12 50.10141110980484
      vertex -10.084265193848728 12 50.277785116509804
      vertex -10.038060233744357 12 50.19134171618254
    endloop
  endfacet
  facet normal 0 1 0
    outer loop
      vertex -10.27966055224423 12 50.14722611208134
      vertex -10.146446609406727 12 50.35355339059328
      vertex -10.084265193848728 12 50.277785116509804
    endloop
  endfacet
  facet normal 0 1 0
    outer loop
      vertex -10.255171923333833 12 49.89858889019516
      vertex -10.009607359798384 12 49.902454838991936
      vertex -10.038060233744357 12 49.80865828381746
    endloop
  endfacet
  facet normal 0 1 0
    outer loop
      vertex -10.24009190010855 12 49.94830106454944
      vertex -10 12 50
      vertex -10.009607359798384 12 49.902454838991936
    endloop
  endfacet
  facet normal 0 1 0
    outer loop
      vertex -10.234999999403954 12 50
      vertex -10.009607359798384 12 50.097545161008064
      vertex -10 12 50
    endloop
  endfacet
  facet normal 0 1 0
    outer loop
      vertex -10.24009190010855 12 50.05169893545056
      vertex -10.038060233744357 12 50.19134171618254
      vertex -10.009607359798384 12 50.097545161008064
    endloop
  endfacet
  facet normal -1 0 0
    outer loop
      vertex -12 -10.915734806151272 48.722214883490196
      vertex -12 -10.72033944775577 48.85277388791866
      vertex -12 -10.853553390593273 48.64644660940672
    endloop
  endfacet
  facet normal -1 0 0
    outer loop
      vertex -12 -10.961939766255643 48.80865828381746
      vertex -12 -10.744828076666167 48.89858889019516
      vertex -12 -10.915734806151272 48.722214883490196
    endloop
  endfacet
  facet normal -1 0 0
    outer loop
      vertex -12 -10.915734806151272 48.722214883490196
      vertex -12 -10.744828076666167 48.89858889019516
      vertex -12 -10.72033944775577 48.85277388791866
    endloop
  endfacet
  facet normal -1 0 0
    outer loop
      vertex -12 -10.7777851165098 48.58426519384873
      vertex -12 -10.64722611208134 48.77966055224423
      vertex -12 -10.691341716182546 48.53806023374435
    endloop
  endfacet
  facet normal -1 0 0
    outer loop
      vertex -12 -10.853553390593273 48.64644660940672
      vertex -12 -10.687383297435904 48.8126167025641
      vertex -12 -10.7777851165098 48.58426519384873
    endloop
  endfacet
  facet normal -1 0 0
    outer loop
      vertex -12 -10.853553390593273 48.64644660940672
      vertex -12 -10.72033944775577 48.85277388791866
      vertex -12 -10.687383297435904 48.8126167025641
    endloop
  endfacet
  facet normal -1 0 0
    outer loop
      vertex -12 -10.7777851165098 48.58426519384873
      vertex -12 -10.687383297435904 48.8126167025641
      vertex -12 -10.64722611208134 48.77966055224423
    endloop
  endfacet
  facet normal -1 0 0
    outer loop
      vertex -12 -10.691341716182546 48.53806023374435
      vertex -12 -10.601411109804847 48.75517192333383
      vertex -12 -10.597545161008064 48.50960735979839
    endloop
  endfacet
  facet normal -1 0 0
    outer loop
      vertex -12 -10.691341716182546 48.53806023374435
      vertex -12 -10.64722611208134 48.77966055224423
      vertex -12 -10.601411109804847 48.75517192333383
    endloop
  endfacet
  facet normal -1 0 0
    outer loop
      vertex -12 -10.597545161008064 48.50960735979839
      vertex -12 -10.601411109804847 48.75517192333383
      vertex -12 -10.551698935450556 48.74009190010855
    endloop
  endfacet
  facet normal -1 0 0
    outer loop
      vertex -12 -10.597545161008064 48.50960735979839
      vertex -12 -10.551698935450556 48.74009190010855
      vertex -12 -10.5 48.5
    endloop
  endfacet
  facet normal -1 0 0
    outer loop
      vertex -12 -10.551698935450556 48.74009190010855
      vertex -12 -10.5 48.73499999940395
      vertex -12 -10.5 48.5
    endloop
  endfacet
  facet normal -1 0 0
    outer loop
      vertex -12 -10.961939766255643 48.80865828381746
      vertex -12 -10.990392640201616 48.902454838991936
      vertex -12 -10.75990809989145 48.94830106454944
    endloop
  endfacet
  facet normal -1 0 0
    outer loop
      vertex -12 -10.990392640201616 48.902454838991936
      vertex -12 -11 49
      vertex -12 -10.765000000596046 49
    endloop
  endfacet
  facet normal -1 0 0
    outer loop
      vertex -12 -11 49
      vertex -12 -10.990392640201616 49.097545161008064
      vertex -12 -10.75990809989145 49.05169893545056
    endloop
  endfacet
  facet normal -1 0 0
    outer loop
      vertex -12 -10.990392640201616 49.097545161008064
      vertex -12 -10.961939766255643 49.19134171618254
      vertex -12 -10.744828076666167 49.10141110980484
    endloop
  endfacet
  facet normal -1 0 0
    outer loop
      vertex -12 -10.990392640201616 48.902454838991936
      vertex -12 -10.765000000596046 49
      vertex -12 -10.75990809989145 48.94830106454944
    endloop
  endfacet
  facet normal -1 0 0
    outer loop
      vertex -12 -11 49
      vertex -12 -10.75990809989145 49.05169893545056
      vertex -12 -10.765000000596046 49
    endloop
  endfacet
  facet normal -1 0 0
    outer loop
      vertex -12 -10.961939766255643 48.80865828381746
      vertex -12 -10.75990809989145 48.94830106454944
      vertex -12 -10.744828076666167 48.89858889019516
    endloop
  endfacet
  facet normal -1 0 0
    outer loop
      vertex -12 -10.990392640201616 49.097545161008064
      vertex -12 -10.744828076666167 49.10141110980484
      vertex -12 -10.75990809989145 49.05169893545056
    endloop
  endfacet
  facet normal -1 0 0
    outer loop
      vertex -12 -10.961939766255643 49.19134171618254
      vertex -12 -10.915734806151272 49.277785116509804
      vertex -12 -10.72033944775577 49.14722611208134
    endloop
  endfacet
  facet normal -1 0 0
    outer loop
      vertex -12 -10.961939766255643 49.19134171618254
      vertex -12 -10.72033944775577 49.14722611208134
      vertex -12 -10.744828076666167 49.10141110980484
    endloop
  endfacet
  facet normal -1 0 0
    outer loop
      vertex -12 -10.915734806151272 49.277785116509804
      vertex -12 -10.853553390593273 49.35355339059328
      vertex -12 -10.687383297435904 49.1873832974359
    endloop
  endfacet
  facet normal -1 0 0
    outer loop
      vertex -12 -10.915734806151272 49.277785116509804
      vertex -12 -10.687383297435904 49.1873832974359
      vertex -12 -10.72033944775577 49.14722611208134
    endloop
  endfacet
  facet normal -1 0 0
    outer loop
      vertex -12 -10.853553390593273 49.35355339059328
      vertex -12 -10.64722611208134 49.22033944775577
      vertex -12 -10.687383297435904 49.1873832974359
    endloop
  endfacet
  facet normal -1 0 0
    outer loop
      vertex -12 -10.853553390593273 49.35355339059328
      vertex -12 -10.7777851165098 49.41573480615127
      vertex -12 -10.64722611208134 49.22033944775577
    endloop
  endfacet
  facet normal -1 0 0
    outer loop
      vertex -12 -10.7777851165098 49.41573480615127
      vertex -12 -10.691341716182546 49.46193976625565
      vertex -12 -10.601411109804847 49.24482807666617
    endloop
  endfacet
  facet normal -1 0 0
    outer loop
      vertex -12 -10.7777851165098 49.41573480615127
      vertex -12 -10.601411109804847 49.24482807666617
      vertex -12 -10.64722611208134 49.22033944775577
    endloop
  endfacet
  facet normal -1 0 0
    outer loop
      vertex -12 -10.691341716182546 49.46193976625565
      vertex -12 -10.551698935450556 49.25990809989145
      vertex -12 -10.601411109804847 49.24482807666617
    endloop
  endfacet
  facet normal -1 0 0
    outer loop
      vertex -12 -10.691341716182546 49.46193976625565
      vertex -12 -10.597545161008064 49.49039264020161
      vertex -12 -10.551698935450556 49.25990809989145
    endloop
  endfacet
  facet normal -1 0 0
    outer loop
      vertex -12 -10.551698935450556 49.25990809989145
      vertex -12 -10.597545161008064 49.49039264020161
      vertex -12 -10.5 49.26500000059605
    endloop
  endfacet
  facet normal -1 0 0
    outer loop
      vertex -12 -10.597545161008064 49.49039264020161
      vertex -12 -10.5 49.5
      vertex -12 -10.5 49.26500000059605
    endloop
  endfacet
  facet normal -1 0 0
    outer loop
      vertex -12 -10.5 48.5
      vertex -12 -10.5 48.73499999940395
      vertex -12 -10.402454838991936 48.50960735979839
    endloop
  endfacet
  facet normal -1 0 0
    outer loop
      vertex -12 -10.5 48.73499999940395
      vertex -12 -10.448301064549444 48.74009190010855
      vertex -12 -10.402454838991936 48.50960735979839
    endloop
  endfacet
  facet normal -1 0 0
    outer loop
      vertex -12 -10.448301064549444 48.74009190010855
      vertex -12 -10.308658283817454 48.53806023374435
      vertex -12 -10.402454838991936 48.50960735979839
    endloop
  endfacet
  facet normal -1 0 0
    outer loop
      vertex -12 -10.448301064549444 48.74009190010855
      vertex -12 -10.398588890195153 48.75517192333383
      vertex -12 -10.308658283817454 48.53806023374435
    endloop
  endfacet
  facet normal -1 0 0
    outer loop
      vertex -12 -10.398588890195153 48.75517192333383
      vertex -12 -10.35277388791866 48.77966055224423
      vertex -12 -10.2222148834902 48.58426519384873
    endloop
  endfacet
  facet normal -1 0 0
    outer loop
      vertex -12 -10.398588890195153 48.75517192333383
      vertex -12 -10.2222148834902 48.58426519384873
      vertex -12 -10.308658283817454 48.53806023374435
    endloop
  endfacet
  facet normal -1 0 0
    outer loop
      vertex -12 -10.35277388791866 48.77966055224423
      vertex -12 -10.146446609406727 48.64644660940672
      vertex -12 -10.2222148834902 48.58426519384873
    endloop
  endfacet
  facet normal -1 0 0
    outer loop
      vertex -12 -10.35277388791866 48.77966055224423
      vertex -12 -10.312616702564096 48.8126167025641
      vertex -12 -10.146446609406727 48.64644660940672
    endloop
  endfacet
  facet normal -1 0 0
    outer loop
      vertex -12 -10.312616702564096 48.8126167025641
      vertex -12 -10.27966055224423 48.85277388791866
      vertex -12 -10.084265193848728 48.722214883490196
    endloop
  endfacet
  facet normal -1 0 0
    outer loop
      vertex -12 -10.312616702564096 48.8126167025641
      vertex -12 -10.084265193848728 48.722214883490196
      vertex -12 -10.146446609406727 48.64644660940672
    endloop
  endfacet
  facet normal -1 0 0
    outer loop
      vertex -12 -10.27966055224423 48.85277388791866
      vertex -12 -10.255171923333833 48.89858889019516
      vertex -12 -10.038060233744357 48.80865828381746
    endloop
  endfacet
  facet normal -1 0 0
    outer loop
      vertex -12 -10.27966055224423 48.85277388791866
      vertex -12 -10.038060233744357 48.80865828381746
      vertex -12 -10.084265193848728 48.722214883490196
    endloop
  endfacet
  facet normal -1 0 0
    outer loop
      vertex -12 -10.038060233744357 48.80865828381746
      vertex -12 -10.255171923333833 48.89858889019516
      vertex -12 -10.009607359798384 48.902454838991936
    endloop
  endfacet
  facet normal -1 0 0
    outer loop
      vertex -12 -10.5 49.26500000059605
      vertex -12 -10.5 49.5
      vertex -12 -10.448301064549444 49.25990809989145
    endloop
  endfacet
  facet normal -1 0 0
    outer loop
      vertex -12 -10.448301064549444 49.25990809989145
      vertex -12 -10.402454838991936 49.49039264020161
      vertex -12 -10.398588890195153 49.24482807666617
    endloop
  endfacet
  facet normal -1 0 0
    outer loop
      vertex -12 -10.448301064549444 49.25990809989145
      vertex -12 -10.5 49.5
      vertex -12 -10.402454838991936 49.49039264020161
    endloop
  endfacet
  facet normal -1 0 0
    outer loop
      vertex -12 -10.398588890195153 49.24482807666617
      vertex -12 -10.402454838991936 49.49039264020161
      vertex -12 -10.308658283817454 49.46193976625565
    endloop
  endfacet
  facet normal -1 0 0
    outer loop
      vertex -12 -10.398588890195153 49.24482807666617
      vertex -12 -10.308658283817454 49.46193976625565
      vertex -12 -10.35277388791866 49.22033944775577
    endloop
  endfacet
  facet normal -1 0 0
    outer loop
      vertex -12 -10.35277388791866 49.22033944775577
      vertex -12 -10.2222148834902 49.41573480615127
      vertex -12 -10.312616702564096 49.1873832974359
    endloop
  endfacet
  facet normal -1 0 0
    outer loop
      vertex -12 -10.312616702564096 49.1873832974359
      vertex -12 -10.146446609406727 49.35355339059328
      vertex -12 -10.27966055224423 49.14722611208134
    endloop
  endfacet
  facet normal -1 0 0
    outer loop
      vertex -12 -10.255171923333833 48.89858889019516
      vertex -12 -10.24009190010855 48.94830106454944
      vertex -12 -10.009607359798384 48.902454838991936
    endloop
  endfacet
  facet normal -1 0 0
    outer loop
      vertex -12 -10.24009190010855 48.94830106454944
      vertex -12 -10.234999999403954 49
      vertex -12 -10 49
    endloop
  endfacet
  facet normal -1 0 0
    outer loop
      vertex -12 -10.234999999403954 49
      vertex -12 -10.24009190010855 49.05169893545056
      vertex -12 -10.009607359798384 49.097545161008064
    endloop
  endfacet
  facet normal -1 0 0
    outer loop
      vertex -12 -10.27966055224423 49.14722611208134
      vertex -12 -10.084265193848728 49.277785116509804
      vertex -12 -10.255171923333833 49.10141110980484
    endloop
  endfacet
  facet normal -1 0 0
    outer loop
      vertex -12 -10.24009190010855 49.05169893545056
      vertex -12 -10.255171923333833 49.10141110980484
      vertex -12 -10.038060233744357 49.19134171618254
    endloop
  endfacet
  facet normal -1 0 0
    outer loop
      vertex -12 -10.27966055224423 49.14722611208134
      vertex -12 -10.146446609406727 49.35355339059328
      vertex -12 -10.084265193848728 49.277785116509804
    endloop
  endfacet
  facet normal -1 0 0
    outer loop
      vertex -12 -10.255171923333833 49.10141110980484
      vertex -12 -10.084265193848728 49.277785116509804
      vertex -12 -10.038060233744357 49.19134171618254
    endloop
  endfacet
  facet normal -1 0 0
    outer loop
      vertex -12 -10.35277388791866 49.22033944775577
      vertex -12 -10.308658283817454 49.46193976625565
      vertex -12 -10.2222148834902 49.41573480615127
    endloop
  endfacet
  facet normal -1 0 0
    outer loop
      vertex -12 -10.312616702564096 49.1873832974359
      vertex -12 -10.2222148834902 49.41573480615127
      vertex -12 -10.146446609406727 49.35355339059328
    endloop
  endfacet
  facet normal -1 0 0
    outer loop
      vertex -12 -10.24009190010855 48.94830106454944
      vertex -12 -10 49
      vertex -12 -10.009607359798384 48.902454838991936
    endloop
  endfacet
  facet normal -1 0 0
    outer loop
      vertex -12 -10.234999999403954 49
      vertex -12 -10.009607359798384 49.097545161008064
      vertex -12 -10 49
    endloop
  endfacet
  facet normal -1 0 0
    outer loop
      vertex -12 -10.24009190010855 49.05169893545056
      vertex -12 -10.038060233744357 49.19134171618254
      vertex -12 -10.009607359798384 49.097545161008064
    endloop
  endfacet
  facet normal 0 -0.9569403357322032 -0.2902846772544811
    outer loop
      vertex -12 -10.961939766255643 48.80865828381746
      vertex 12 -10.961939766255643 48.80865828381746
      vertex -12 -10.990392640201616 48.902454838991936
    endloop
  endfacet
  facet normal 0 -0.881921264348369 -0.47139673682597155
    outer loop
      vertex -12 -10.961939766255643 48.80865828381746
      vertex -12 -10.915734806151272 48.722214883490196
      vertex 12 -10.915734806151272 48.722214883490196
    endloop
  endfacet
  facet normal 0 -0.7730104533627334 -0.6343932841636499
    outer loop
      vertex -12 -10.915734806151272 48.722214883490196
      vertex -12 -10.853553390593273 48.64644660940672
      vertex 12 -10.853553390593273 48.64644660940672
    endloop
  endfacet
  facet normal 0 -0.6343932841636174 -0.77301045336276
    outer loop
      vertex -12 -10.853553390593273 48.64644660940672
      vertex -12 -10.7777851165098 48.58426519384873
      vertex 12 -10.7777851165098 48.58426519384873
    endloop
  endfacet
  facet normal 0 -0.471396736826044 -0.8819212643483303
    outer loop
      vertex -12 -10.7777851165098 48.58426519384873
      vertex -12 -10.691341716182546 48.53806023374435
      vertex 12 -10.691341716182546 48.53806023374435
    endloop
  endfacet
  facet normal 0 -0.29028467725440465 -0.9569403357322264
    outer loop
      vertex -12 -10.691341716182546 48.53806023374435
      vertex -12 -10.597545161008064 48.50960735979839
      vertex 12 -10.597545161008064 48.50960735979839
    endloop
  endfacet
  facet normal 0 -0.09801714032958776 -0.9951847266721943
    outer loop
      vertex -12 -10.597545161008064 48.50960735979839
      vertex -12 -10.5 48.5
      vertex 12 -10.5 48.5
    endloop
  endfacet
  facet normal 0 -0.9951847266721978 -0.09801714032955187
    outer loop
      vertex -12 -10.990392640201616 48.902454838991936
      vertex 12 -10.990392640201616 48.902454838991936
      vertex -12 -11 49
    endloop
  endfacet
  facet normal 0 -0.9951847266721978 0.09801714032955187
    outer loop
      vertex -12 -11 49
      vertex 12 -11 49
      vertex -12 -10.990392640201616 49.097545161008064
    endloop
  endfacet
  facet normal 0 -0.9569403357322032 0.2902846772544811
    outer loop
      vertex -12 -10.990392640201616 49.097545161008064
      vertex 12 -10.990392640201616 49.097545161008064
      vertex -12 -10.961939766255643 49.19134171618254
    endloop
  endfacet
  facet normal 0 -0.881921264348369 0.47139673682597155
    outer loop
      vertex -12 -10.961939766255643 49.19134171618254
      vertex 12 -10.961939766255643 49.19134171618254
      vertex -12 -10.915734806151272 49.277785116509804
    endloop
  endfacet
  facet normal 0 -0.7730104533627334 0.6343932841636499
    outer loop
      vertex -12 -10.915734806151272 49.277785116509804
      vertex 12 -10.915734806151272 49.277785116509804
      vertex -12 -10.853553390593273 49.35355339059328
    endloop
  endfacet
  facet normal 0 -0.6343932841636174 0.77301045336276
    outer loop
      vertex -12 -10.853553390593273 49.35355339059328
      vertex 12 -10.853553390593273 49.35355339059328
      vertex -12 -10.7777851165098 49.41573480615127
    endloop
  endfacet
  facet normal 0 -0.471396736826044 0.8819212643483303
    outer loop
      vertex -12 -10.7777851165098 49.41573480615127
      vertex 12 -10.7777851165098 49.41573480615127
      vertex -12 -10.691341716182546 49.46193976625565
    endloop
  endfacet
  facet normal 0 -0.29028467725440465 0.9569403357322264
    outer loop
      vertex -12 -10.691341716182546 49.46193976625565
      vertex 12 -10.691341716182546 49.46193976625565
      vertex -12 -10.597545161008064 49.49039264020161
    endloop
  endfacet
  facet normal 0 -0.09801714032958776 0.9951847266721943
    outer loop
      vertex -12 -10.597545161008064 49.49039264020161
      vertex 12 -10.597545161008064 49.49039264020161
      vertex -12 -10.5 49.5
    endloop
  endfacet
  facet normal 0 0.09801714032958776 -0.9951847266721943
    outer loop
      vertex -12 -10.5 48.5
      vertex -12 -10.402454838991936 48.50960735979839
      vertex 12 -10.402454838991936 48.50960735979839
    endloop
  endfacet
  facet normal 0 0.29028467725440465 -0.9569403357322264
    outer loop
      vertex -12 -10.402454838991936 48.50960735979839
      vertex -12 -10.308658283817454 48.53806023374435
      vertex 12 -10.308658283817454 48.53806023374435
    endloop
  endfacet
  facet normal 0 0.471396736826044 -0.8819212643483303
    outer loop
      vertex -12 -10.308658283817454 48.53806023374435
      vertex -12 -10.2222148834902 48.58426519384873
      vertex 12 -10.2222148834902 48.58426519384873
    endloop
  endfacet
  facet normal 0 0.6343932841636174 -0.77301045336276
    outer loop
      vertex -12 -10.2222148834902 48.58426519384873
      vertex -12 -10.146446609406727 48.64644660940672
      vertex 12 -10.146446609406727 48.64644660940672
    endloop
  endfacet
  facet normal 0 0.7730104533627334 -0.6343932841636499
    outer loop
      vertex -12 -10.146446609406727 48.64644660940672
      vertex -12 -10.084265193848728 48.722214883490196
      vertex 12 -10.084265193848728 48.722214883490196
    endloop
  endfacet
  facet normal 0 0.881921264348369 -0.47139673682597155
    outer loop
      vertex -12 -10.084265193848728 48.722214883490196
      vertex -12 -10.038060233744357 48.80865828381746
      vertex 12 -10.038060233744357 48.80865828381746
    endloop
  endfacet
  facet normal 0 0.9569403357322032 -0.2902846772544811
    outer loop
      vertex -12 -10.038060233744357 48.80865828381746
      vertex -12 -10.009607359798384 48.902454838991936
      vertex 12 -10.009607359798384 48.902454838991936
    endloop
  endfacet
  facet normal 0 0.09801714032958776 0.9951847266721943
    outer loop
      vertex -12 -10.5 49.5
      vertex 12 -10.5 49.5
      vertex -12 -10.402454838991936 49.49039264020161
    endloop
  endfacet
  facet normal 0 0.29028467725440465 0.9569403357322264
    outer loop
      vertex -12 -10.402454838991936 49.49039264020161
      vertex 12 -10.402454838991936 49.49039264020161
      vertex -12 -10.308658283817454 49.46193976625565
    endloop
  endfacet
  facet normal 0 0.471396736826044 0.8819212643483303
    outer loop
      vertex -12 -10.308658283817454 49.46193976625565
      vertex 12 -10.308658283817454 49.46193976625565
      vertex -12 -10.2222148834902 49.41573480615127
    endloop
  endfacet
  facet normal 0 0.6343932841636174 0.77301045336276
    outer loop
      vertex -12 -10.2222148834902 49.41573480615127
      vertex 12 -10.2222148834902 49.41573480615127
      vertex -12 -10.146446609406727 49.35355339059328
    endloop
  endfacet
  facet normal 0 0.7730104533627334 0.6343932841636499
    outer loop
      vertex -12 -10.146446609406727 49.35355339059328
      vertex 12 -10.146446609406727 49.35355339059328
      vertex -12 -10.084265193848728 49.277785116509804
    endloop
  endfacet
  facet normal 0 0.881921264348369 0.47139673682597155
    outer loop
      vertex -12 -10.084265193848728 49.277785116509804
      vertex 12 -10.084265193848728 49.277785116509804
      vertex -12 -10.038060233744357 49.19134171618254
    endloop
  endfacet
  facet normal 0 0.9951847266721978 -0.09801714032955187
    outer loop
      vertex -12 -10.009607359798384 48.902454838991936
      vertex -12 -10 49
      vertex 12 -10 49
    endloop
  endfacet
  facet normal 0 0.9951847266721978 0.09801714032955187
    outer loop
      vertex -12 -10 49
      vertex -12 -10.009607359798384 49.097545161008064
      vertex 12 -10.009607359798384 49.097545161008064
    endloop
  endfacet
  facet normal 0 0.9569403357322032 0.2902846772544811
    outer loop
      vertex -12 -10.038060233744357 49.19134171618254
      vertex 12 -10.038060233744357 49.19134171618254
      vertex -12 -10.009607359798384 49.097545161008064
    endloop
  endfacet
  facet normal 0 -0.9569403357322032 -0.2902846772544811
    outer loop
      vertex -12 -10.990392640201616 48.902454838991936
      vertex 12 -10.961939766255643 48.80865828381746
      vertex 12 -10.990392640201616 48.902454838991936
    endloop
  endfacet
  facet normal 0 -0.881921264348369 -0.47139673682597155
    outer loop
      vertex -12 -10.961939766255643 48.80865828381746
      vertex 12 -10.915734806151272 48.722214883490196
      vertex 12 -10.961939766255643 48.80865828381746
    endloop
  endfacet
  facet normal 0 -0.7730104533627334 -0.6343932841636499
    outer loop
      vertex -12 -10.915734806151272 48.722214883490196
      vertex 12 -10.853553390593273 48.64644660940672
      vertex 12 -10.915734806151272 48.722214883490196
    endloop
  endfacet
  facet normal 0 -0.6343932841636174 -0.77301045336276
    outer loop
      vertex -12 -10.853553390593273 48.64644660940672
      vertex 12 -10.7777851165098 48.58426519384873
      vertex 12 -10.853553390593273 48.64644660940672
    endloop
  endfacet
  facet normal 0 -0.471396736826044 -0.8819212643483303
    outer loop
      vertex -12 -10.7777851165098 48.58426519384873
      vertex 12 -10.691341716182546 48.53806023374435
      vertex 12 -10.7777851165098 48.58426519384873
    endloop
  endfacet
  facet normal 0 -0.29028467725440465 -0.9569403357322264
    outer loop
      vertex -12 -10.691341716182546 48.53806023374435
      vertex 12 -10.597545161008064 48.50960735979839
      vertex 12 -10.691341716182546 48.53806023374435
    endloop
  endfacet
  facet normal 0 -0.09801714032958776 -0.9951847266721943
    outer loop
      vertex -12 -10.597545161008064 48.50960735979839
      vertex 12 -10.5 48.5
      vertex 12 -10.597545161008064 48.50960735979839
    endloop
  endfacet
  facet normal 0 -0.9951847266721978 -0.09801714032955187
    outer loop
      vertex -12 -11 49
      vertex 12 -10.990392640201616 48.902454838991936
      vertex 12 -11 49
    endloop
  endfacet
  facet normal 0 -0.9951847266721978 0.09801714032955187
    outer loop
      vertex -12 -10.990392640201616 49.097545161008064
      vertex 12 -11 49
      vertex 12 -10.990392640201616 49.097545161008064
    endloop
  endfacet
  facet normal 0 -0.9569403357322032 0.2902846772544811
    outer loop
      vertex -12 -10.961939766255643 49.19134171618254
      vertex 12 -10.990392640201616 49.097545161008064
      vertex 12 -10.961939766255643 49.19134171618254
    endloop
  endfacet
  facet normal 0 -0.881921264348369 0.47139673682597155
    outer loop
      vertex -12 -10.915734806151272 49.277785116509804
      vertex 12 -10.961939766255643 49.19134171618254
      vertex 12 -10.915734806151272 49.277785116509804
    endloop
  endfacet
  facet normal 0 -0.7730104533627334 0.6343932841636499
    outer loop
      vertex -12 -10.853553390593273 49.35355339059328
      vertex 12 -10.915734806151272 49.277785116509804
      vertex 12 -10.853553390593273 49.35355339059328
    endloop
  endfacet
  facet normal 0 -0.6343932841636174 0.77301045336276
    outer loop
      vertex -12 -10.7777851165098 49.41573480615127
      vertex 12 -10.853553390593273 49.35355339059328
      vertex 12 -10.7777851165098 49.41573480615127
    endloop
  endfacet
  facet normal 0 -0.471396736826044 0.8819212643483303
    outer loop
      vertex -12 -10.691341716182546 49.46193976625565
      vertex 12 -10.7777851165098 49.41573480615127
      vertex 12 -10.691341716182546 49.46193976625565
    endloop
  endfacet
  facet normal 0 -0.29028467725440465 0.9569403357322264
    outer loop
      vertex -12 -10.597545161008064 49.49039264020161
      vertex 12 -10.691341716182546 49.46193976625565
      vertex 12 -10.597545161008064 49.49039264020161
    endloop
  endfacet
  facet normal 0 -0.09801714032958776 0.9951847266721943
    outer loop
      vertex -12 -10.5 49.5
      vertex 12 -10.597545161008064 49.49039264020161
      vertex 12 -10.5 49.5
    endloop
  endfacet
  facet normal 0 0.09801714032958776 -0.9951847266721943
    outer loop
      vertex -12 -10.5 48.5
      vertex 12 -10.402454838991936 48.50960735979839
      vertex 12 -10.5 48.5
    endloop
  endfacet
  facet normal 0 0.29028467725440465 -0.9569403357322264
    outer loop
      vertex -12 -10.402454838991936 48.50960735979839
      vertex 12 -10.308658283817454 48.53806023374435
      vertex 12 -10.402454838991936 48.50960735979839
    endloop
  endfacet
  facet normal 0 0.471396736826044 -0.8819212643483303
    outer loop
      vertex -12 -10.308658283817454 48.53806023374435
      vertex 12 -10.2222148834902 48.58426519384873
      vertex 12 -10.308658283817454 48.53806023374435
    endloop
  endfacet
  facet normal 0 0.6343932841636174 -0.77301045336276
    outer loop
      vertex -12 -10.2222148834902 48.58426519384873
      vertex 12 -10.146446609406727 48.64644660940672
      vertex 12 -10.2222148834902 48.58426519384873
    endloop
  endfacet
  facet normal 0 0.7730104533627334 -0.6343932841636499
    outer loop
      vertex -12 -10.146446609406727 48.64644660940672
      vertex 12 -10.084265193848728 48.722214883490196
      vertex 12 -10.146446609406727 48.64644660940672
    endloop
  endfacet
  facet normal 0 0.881921264348369 -0.47139673682597155
    outer loop
      vertex -12 -10.084265193848728 48.722214883490196
      vertex 12 -10.038060233744357 48.80865828381746
      vertex 12 -10.084265193848728 48.722214883490196
    endloop
  endfacet
  facet normal 0 0.9569403357322032 -0.2902846772544811
    outer loop
      vertex -12 -10.038060233744357 48.80865828381746
      vertex 12 -10.009607359798384 48.902454838991936
      vertex 12 -10.038060233744357 48.80865828381746
    endloop
  endfacet
  facet normal 0 0.09801714032958776 0.9951847266721943
    outer loop
      vertex -12 -10.402454838991936 49.49039264020161
      vertex 12 -10.5 49.5
      vertex 12 -10.402454838991936 49.49039264020161
    endloop
  endfacet
  facet normal 0 0.29028467725440465 0.9569403357322264
    outer loop
      vertex -12 -10.308658283817454 49.46193976625565
      vertex 12 -10.402454838991936 49.49039264020161
      vertex 12 -10.308658283817454 49.46193976625565
    endloop
  endfacet
  facet normal 0 0.471396736826044 0.8819212643483303
    outer loop
      vertex -12 -10.2222148834902 49.41573480615127
      vertex 12 -10.308658283817454 49.46193976625565
      vertex 12 -10.2222148834902 49.41573480615127
    endloop
  endfacet
  facet normal 0 0.6343932841636174 0.77301045336276
    outer loop
      vertex -12 -10.146446609406727 49.35355339059328
      vertex 12 -10.2222148834902 49.41573480615127
      vertex 12 -10.146446609406727 49.35355339059328
    endloop
  endfacet
  facet normal 0 0.881921264348369 0.47139673682597155
    outer loop
      vertex -12 -10.038060233744357 49.19134171618254
      vertex 12 -10.084265193848728 49.277785116509804
      vertex 12 -10.038060233744357 49.19134171618254
    endloop
  endfacet
  facet normal 0 0.9951847266721978 -0.09801714032955187
    outer loop
      vertex -12 -10.009607359798384 48.902454838991936
      vertex 12 -10 49
      vertex 12 -10.009607359798384 48.902454838991936
    endloop
  endfacet
  facet normal 0 0.9951847266721978 0.09801714032955187
    outer loop
      vertex -12 -10 49
      vertex 12 -10.009607359798384 49.097545161008064
      vertex 12 -10 49
    endloop
  endfacet
  facet normal 0 0.9569403357322032 0.2902846772544811
    outer loop
      vertex -12 -10.009607359798384 49.097545161008064
      vertex 12 -10.038060233744357 49.19134171618254
      vertex 12 -10.009607359798384 49.097545161008064
    endloop
  endfacet
  facet normal 0 0.7730104533627334 0.6343932841636499
    outer loop
      vertex -12 -10.084265193848728 49.277785116509804
      vertex 12 -10.146446609406727 49.35355339059328
      vertex 12 -10.084265193848728 49.277785116509804
    endloop
  endfacet
  facet normal 1 0 0
    outer loop
      vertex 12 -10.961939766255643 48.80865828381746
      vertex 12 -10.744828076666167 48.89858889019516
      vertex 12 -10.990392640201616 48.902454838991936
    endloop
  endfacet
  facet normal 1 0 0
    outer loop
      vertex 12 -10.961939766255643 48.80865828381746
      vertex 12 -10.915734806151272 48.722214883490196
      vertex 12 -10.72033944775577 48.85277388791866
    endloop
  endfacet
  facet normal 1 0 0
    outer loop
      vertex 12 -10.915734806151272 48.722214883490196
      vertex 12 -10.853553390593273 48.64644660940672
      vertex 12 -10.687383297435904 48.8126167025641
    endloop
  endfacet
  facet normal 1 0 0
    outer loop
      vertex 12 -10.961939766255643 48.80865828381746
      vertex 12 -10.72033944775577 48.85277388791866
      vertex 12 -10.744828076666167 48.89858889019516
    endloop
  endfacet
  facet normal 1 0 0
    outer loop
      vertex 12 -10.853553390593273 48.64644660940672
      vertex 12 -10.7777851165098 48.58426519384873
      vertex 12 -10.64722611208134 48.77966055224423
    endloop
  endfacet
  facet normal 1 0 0
    outer loop
      vertex 12 -10.7777851165098 48.58426519384873
      vertex 12 -10.691341716182546 48.53806023374435
      vertex 12 -10.601411109804847 48.75517192333383
    endloop
  endfacet
  facet normal 1 0 0
    outer loop
      vertex 12 -10.915734806151272 48.722214883490196
      vertex 12 -10.687383297435904 48.8126167025641
      vertex 12 -10.72033944775577 48.85277388791866
    endloop
  endfacet
  facet normal 1 0 0
    outer loop
      vertex 12 -10.853553390593273 48.64644660940672
      vertex 12 -10.64722611208134 48.77966055224423
      vertex 12 -10.687383297435904 48.8126167025641
    endloop
  endfacet
  facet normal 1 0 0
    outer loop
      vertex 12 -10.691341716182546 48.53806023374435
      vertex 12 -10.597545161008064 48.50960735979839
      vertex 12 -10.551698935450556 48.74009190010855
    endloop
  endfacet
  facet normal 1 0 0
    outer loop
      vertex 12 -10.7777851165098 48.58426519384873
      vertex 12 -10.601411109804847 48.75517192333383
      vertex 12 -10.64722611208134 48.77966055224423
    endloop
  endfacet
  facet normal 1 0 0
    outer loop
      vertex 12 -10.691341716182546 48.53806023374435
      vertex 12 -10.551698935450556 48.74009190010855
      vertex 12 -10.601411109804847 48.75517192333383
    endloop
  endfacet
  facet normal 1 0 0
    outer loop
      vertex 12 -10.597545161008064 48.50960735979839
      vertex 12 -10.5 48.73499999940395
      vertex 12 -10.551698935450556 48.74009190010855
    endloop
  endfacet
  facet normal 1 0 0
    outer loop
      vertex 12 -10.597545161008064 48.50960735979839
      vertex 12 -10.5 48.5
      vertex 12 -10.5 48.73499999940395
    endloop
  endfacet
  facet normal 1 0 0
    outer loop
      vertex 12 -10.990392640201616 48.902454838991936
      vertex 12 -10.75990809989145 48.94830106454944
      vertex 12 -11 49
    endloop
  endfacet
  facet normal 1 0 0
    outer loop
      vertex 12 -11 49
      vertex 12 -10.765000000596046 49
      vertex 12 -10.990392640201616 49.097545161008064
    endloop
  endfacet
  facet normal 1 0 0
    outer loop
      vertex 12 -10.990392640201616 49.097545161008064
      vertex 12 -10.75990809989145 49.05169893545056
      vertex 12 -10.961939766255643 49.19134171618254
    endloop
  endfacet
  facet normal 1 0 0
    outer loop
      vertex 12 -10.990392640201616 48.902454838991936
      vertex 12 -10.744828076666167 48.89858889019516
      vertex 12 -10.75990809989145 48.94830106454944
    endloop
  endfacet
  facet normal 1 0 0
    outer loop
      vertex 12 -11 49
      vertex 12 -10.75990809989145 48.94830106454944
      vertex 12 -10.765000000596046 49
    endloop
  endfacet
  facet normal 1 0 0
    outer loop
      vertex 12 -10.990392640201616 49.097545161008064
      vertex 12 -10.765000000596046 49
      vertex 12 -10.75990809989145 49.05169893545056
    endloop
  endfacet
  facet normal 1 0 0
    outer loop
      vertex 12 -10.961939766255643 49.19134171618254
      vertex 12 -10.744828076666167 49.10141110980484
      vertex 12 -10.915734806151272 49.277785116509804
    endloop
  endfacet
  facet normal 1 0 0
    outer loop
      vertex 12 -10.915734806151272 49.277785116509804
      vertex 12 -10.72033944775577 49.14722611208134
      vertex 12 -10.853553390593273 49.35355339059328
    endloop
  endfacet
  facet normal 1 0 0
    outer loop
      vertex 12 -10.961939766255643 49.19134171618254
      vertex 12 -10.75990809989145 49.05169893545056
      vertex 12 -10.744828076666167 49.10141110980484
    endloop
  endfacet
  facet normal 1 0 0
    outer loop
      vertex 12 -10.915734806151272 49.277785116509804
      vertex 12 -10.744828076666167 49.10141110980484
      vertex 12 -10.72033944775577 49.14722611208134
    endloop
  endfacet
  facet normal 1 0 0
    outer loop
      vertex 12 -10.72033944775577 49.14722611208134
      vertex 12 -10.687383297435904 49.1873832974359
      vertex 12 -10.853553390593273 49.35355339059328
    endloop
  endfacet
  facet normal 1 0 0
    outer loop
      vertex 12 -10.7777851165098 49.41573480615127
      vertex 12 -10.687383297435904 49.1873832974359
      vertex 12 -10.64722611208134 49.22033944775577
    endloop
  endfacet
  facet normal 1 0 0
    outer loop
      vertex 12 -10.853553390593273 49.35355339059328
      vertex 12 -10.687383297435904 49.1873832974359
      vertex 12 -10.7777851165098 49.41573480615127
    endloop
  endfacet
  facet normal 1 0 0
    outer loop
      vertex 12 -10.7777851165098 49.41573480615127
      vertex 12 -10.64722611208134 49.22033944775577
      vertex 12 -10.691341716182546 49.46193976625565
    endloop
  endfacet
  facet normal 1 0 0
    outer loop
      vertex 12 -10.691341716182546 49.46193976625565
      vertex 12 -10.64722611208134 49.22033944775577
      vertex 12 -10.601411109804847 49.24482807666617
    endloop
  endfacet
  facet normal 1 0 0
    outer loop
      vertex 12 -10.691341716182546 49.46193976625565
      vertex 12 -10.601411109804847 49.24482807666617
      vertex 12 -10.597545161008064 49.49039264020161
    endloop
  endfacet
  facet normal 1 0 0
    outer loop
      vertex 12 -10.601411109804847 49.24482807666617
      vertex 12 -10.551698935450556 49.25990809989145
      vertex 12 -10.597545161008064 49.49039264020161
    endloop
  endfacet
  facet normal 1 0 0
    outer loop
      vertex 12 -10.551698935450556 49.25990809989145
      vertex 12 -10.5 49.5
      vertex 12 -10.597545161008064 49.49039264020161
    endloop
  endfacet
  facet normal 1 0 0
    outer loop
      vertex 12 -10.551698935450556 49.25990809989145
      vertex 12 -10.5 49.26500000059605
      vertex 12 -10.5 49.5
    endloop
  endfacet
  facet normal 1 0 0
    outer loop
      vertex 12 -10.5 48.5
      vertex 12 -10.448301064549444 48.74009190010855
      vertex 12 -10.5 48.73499999940395
    endloop
  endfacet
  facet normal 1 0 0
    outer loop
      vertex 12 -10.5 48.5
      vertex 12 -10.402454838991936 48.50960735979839
      vertex 12 -10.448301064549444 48.74009190010855
    endloop
  endfacet
  facet normal 1 0 0
    outer loop
      vertex 12 -10.448301064549444 48.74009190010855
      vertex 12 -10.402454838991936 48.50960735979839
      vertex 12 -10.398588890195153 48.75517192333383
    endloop
  endfacet
  facet normal 1 0 0
    outer loop
      vertex 12 -10.402454838991936 48.50960735979839
      vertex 12 -10.308658283817454 48.53806023374435
      vertex 12 -10.398588890195153 48.75517192333383
    endloop
  endfacet
  facet normal 1 0 0
    outer loop
      vertex 12 -10.398588890195153 48.75517192333383
      vertex 12 -10.308658283817454 48.53806023374435
      vertex 12 -10.35277388791866 48.77966055224423
    endloop
  endfacet
  facet normal 1 0 0
    outer loop
      vertex 12 -10.35277388791866 48.77966055224423
      vertex 12 -10.308658283817454 48.53806023374435
      vertex 12 -10.2222148834902 48.58426519384873
    endloop
  endfacet
  facet normal 1 0 0
    outer loop
      vertex 12 -10.35277388791866 48.77966055224423
      vertex 12 -10.2222148834902 48.58426519384873
      vertex 12 -10.312616702564096 48.8126167025641
    endloop
  endfacet
  facet normal 1 0 0
    outer loop
      vertex 12 -10.312616702564096 48.8126167025641
      vertex 12 -10.146446609406727 48.64644660940672
      vertex 12 -10.27966055224423 48.85277388791866
    endloop
  endfacet
  facet normal 1 0 0
    outer loop
      vertex 12 -10.312616702564096 48.8126167025641
      vertex 12 -10.2222148834902 48.58426519384873
      vertex 12 -10.146446609406727 48.64644660940672
    endloop
  endfacet
  facet normal 1 0 0
    outer loop
      vertex 12 -10.27966055224423 48.85277388791866
      vertex 12 -10.084265193848728 48.722214883490196
      vertex 12 -10.255171923333833 48.89858889019516
    endloop
  endfacet
  facet normal 1 0 0
    outer loop
      vertex 12 -10.27966055224423 48.85277388791866
      vertex 12 -10.146446609406727 48.64644660940672
      vertex 12 -10.084265193848728 48.722214883490196
    endloop
  endfacet
  facet normal 1 0 0
    outer loop
      vertex 12 -10.084265193848728 48.722214883490196
      vertex 12 -10.038060233744357 48.80865828381746
      vertex 12 -10.255171923333833 48.89858889019516
    endloop
  endfacet
  facet normal 1 0 0
    outer loop
      vertex 12 -10.5 49.26500000059605
      vertex 12 -10.402454838991936 49.49039264020161
      vertex 12 -10.5 49.5
    endloop
  endfacet
  facet normal 1 0 0
    outer loop
      vertex 12 -10.5 49.26500000059605
      vertex 12 -10.448301064549444 49.25990809989145
      vertex 12 -10.402454838991936 49.49039264020161
    endloop
  endfacet
  facet normal 1 0 0
    outer loop
      vertex 12 -10.448301064549444 49.25990809989145
      vertex 12 -10.398588890195153 49.24482807666617
      vertex 12 -10.308658283817454 49.46193976625565
    endloop
  endfacet
  facet normal 1 0 0
    outer loop
      vertex 12 -10.448301064549444 49.25990809989145
      vertex 12 -10.308658283817454 49.46193976625565
      vertex 12 -10.402454838991936 49.49039264020161
    endloop
  endfacet
  facet normal 1 0 0
    outer loop
      vertex 12 -10.398588890195153 49.24482807666617
      vertex 12 -10.35277388791866 49.22033944775577
      vertex 12 -10.2222148834902 49.41573480615127
    endloop
  endfacet
  facet normal 1 0 0
    outer loop
      vertex 12 -10.35277388791866 49.22033944775577
      vertex 12 -10.312616702564096 49.1873832974359
      vertex 12 -10.146446609406727 49.35355339059328
    endloop
  endfacet
  facet normal 1 0 0
    outer loop
      vertex 12 -10.312616702564096 49.1873832974359
      vertex 12 -10.27966055224423 49.14722611208134
      vertex 12 -10.084265193848728 49.277785116509804
    endloop
  endfacet
  facet normal 1 0 0
    outer loop
      vertex 12 -10.038060233744357 48.80865828381746
      vertex 12 -10.24009190010855 48.94830106454944
      vertex 12 -10.255171923333833 48.89858889019516
    endloop
  endfacet
  facet normal 1 0 0
    outer loop
      vertex 12 -10.24009190010855 48.94830106454944
      vertex 12 -10.009607359798384 48.902454838991936
      vertex 12 -10.234999999403954 49
    endloop
  endfacet
  facet normal 1 0 0
    outer loop
      vertex 12 -10.234999999403954 49
      vertex 12 -10 49
      vertex 12 -10.24009190010855 49.05169893545056
    endloop
  endfacet
  facet normal 1 0 0
    outer loop
      vertex 12 -10.27966055224423 49.14722611208134
      vertex 12 -10.255171923333833 49.10141110980484
      vertex 12 -10.038060233744357 49.19134171618254
    endloop
  endfacet
  facet normal 1 0 0
    outer loop
      vertex 12 -10.312616702564096 49.1873832974359
      vertex 12 -10.084265193848728 49.277785116509804
      vertex 12 -10.146446609406727 49.35355339059328
    endloop
  endfacet
  facet normal 1 0 0
    outer loop
      vertex 12 -10.24009190010855 49.05169893545056
      vertex 12 -10.009607359798384 49.097545161008064
      vertex 12 -10.255171923333833 49.10141110980484
    endloop
  endfacet
  facet normal 1 0 0
    outer loop
      vertex 12 -10.27966055224423 49.14722611208134
      vertex 12 -10.038060233744357 49.19134171618254
      vertex 12 -10.084265193848728 49.277785116509804
    endloop
  endfacet
  facet normal 1 0 0
    outer loop
      vertex 12 -10.398588890195153 49.24482807666617
      vertex 12 -10.2222148834902 49.41573480615127
      vertex 12 -10.308658283817454 49.46193976625565
    endloop
  endfacet
  facet normal 1 0 0
    outer loop
      vertex 12 -10.35277388791866 49.22033944775577
      vertex 12 -10.146446609406727 49.35355339059328
      vertex 12 -10.2222148834902 49.41573480615127
    endloop
  endfacet
  facet normal 1 0 0
    outer loop
      vertex 12 -10.038060233744357 48.80865828381746
      vertex 12 -10.009607359798384 48.902454838991936
      vertex 12 -10.24009190010855 48.94830106454944
    endloop
  endfacet
  facet normal 1 0 0
    outer loop
      vertex 12 -10.234999999403954 49
      vertex 12 -10.009607359798384 48.902454838991936
      vertex 12 -10 49
    endloop
  endfacet
  facet normal 1 0 0
    outer loop
      vertex 12 -10.24009190010855 49.05169893545056
      vertex 12 -10 49
      vertex 12 -10.009607359798384 49.097545161008064
    endloop
  endfacet
  facet normal 1 0 0
    outer loop
      vertex 12 -10.255171923333833 49.10141110980484
      vertex 12 -10.009607359798384 49.097545161008064
      vertex 12 -10.038060233744357 49.19134171618254
    endloop
  endfacet
  facet normal -1 0 0
    outer loop
      vertex -12 10.084265193848728 48.722214883490196
      vertex -12 10.27966055224423 48.85277388791866
      vertex -12 10.146446609406727 48.64644660940672
    endloop
  endfacet
  facet normal -1 0 0
    outer loop
      vertex -12 10.038060233744357 48.80865828381746
      vertex -12 10.255171923333833 48.89858889019516
      vertex -12 10.084265193848728 48.722214883490196
    endloop
  endfacet
  facet normal -1 0 0
    outer loop
      vertex -12 10.084265193848728 48.722214883490196
      vertex -12 10.255171923333833 48.89858889019516
      vertex -12 10.27966055224423 48.85277388791866
    endloop
  endfacet
  facet normal -1 0 0
    outer loop
      vertex -12 10.2222148834902 48.58426519384873
      vertex -12 10.35277388791866 48.77966055224423
      vertex -12 10.308658283817454 48.53806023374435
    endloop
  endfacet
  facet normal -1 0 0
    outer loop
      vertex -12 10.146446609406727 48.64644660940672
      vertex -12 10.312616702564096 48.8126167025641
      vertex -12 10.2222148834902 48.58426519384873
    endloop
  endfacet
  facet normal -1 0 0
    outer loop
      vertex -12 10.146446609406727 48.64644660940672
      vertex -12 10.27966055224423 48.85277388791866
      vertex -12 10.312616702564096 48.8126167025641
    endloop
  endfacet
  facet normal -1 0 0
    outer loop
      vertex -12 10.2222148834902 48.58426519384873
      vertex -12 10.312616702564096 48.8126167025641
      vertex -12 10.35277388791866 48.77966055224423
    endloop
  endfacet
  facet normal -1 0 0
    outer loop
      vertex -12 10.308658283817454 48.53806023374435
      vertex -12 10.398588890195153 48.75517192333383
      vertex -12 10.402454838991936 48.50960735979839
    endloop
  endfacet
  facet normal -1 0 0
    outer loop
      vertex -12 10.308658283817454 48.53806023374435
      vertex -12 10.35277388791866 48.77966055224423
      vertex -12 10.398588890195153 48.75517192333383
    endloop
  endfacet
  facet normal -1 0 0
    outer loop
      vertex -12 10.402454838991936 48.50960735979839
      vertex -12 10.398588890195153 48.75517192333383
      vertex -12 10.448301064549444 48.74009190010855
    endloop
  endfacet
  facet normal -1 0 0
    outer loop
      vertex -12 10.402454838991936 48.50960735979839
      vertex -12 10.448301064549444 48.74009190010855
      vertex -12 10.5 48.5
    endloop
  endfacet
  facet normal -1 0 0
    outer loop
      vertex -12 10.448301064549444 48.74009190010855
      vertex -12 10.5 48.73499999940395
      vertex -12 10.5 48.5
    endloop
  endfacet
  facet normal -1 0 0
    outer loop
      vertex -12 10.038060233744357 48.80865828381746
      vertex -12 10.009607359798384 48.902454838991936
      vertex -12 10.24009190010855 48.94830106454944
    endloop
  endfacet
  facet normal -1 0 0
    outer loop
      vertex -12 10.009607359798384 48.902454838991936
      vertex -12 10 49
      vertex -12 10.234999999403954 49
    endloop
  endfacet
  facet normal -1 0 0
    outer loop
      vertex -12 10 49
      vertex -12 10.009607359798384 49.097545161008064
      vertex -12 10.24009190010855 49.05169893545056
    endloop
  endfacet
  facet normal -1 0 0
    outer loop
      vertex -12 10.009607359798384 49.097545161008064
      vertex -12 10.038060233744357 49.19134171618254
      vertex -12 10.255171923333833 49.10141110980484
    endloop
  endfacet
  facet normal -1 0 0
    outer loop
      vertex -12 10.009607359798384 48.902454838991936
      vertex -12 10.234999999403954 49
      vertex -12 10.24009190010855 48.94830106454944
    endloop
  endfacet
  facet normal -1 0 0
    outer loop
      vertex -12 10 49
      vertex -12 10.24009190010855 49.05169893545056
      vertex -12 10.234999999403954 49
    endloop
  endfacet
  facet normal -1 0 0
    outer loop
      vertex -12 10.038060233744357 48.80865828381746
      vertex -12 10.24009190010855 48.94830106454944
      vertex -12 10.255171923333833 48.89858889019516
    endloop
  endfacet
  facet normal -1 0 0
    outer loop
      vertex -12 10.009607359798384 49.097545161008064
      vertex -12 10.255171923333833 49.10141110980484
      vertex -12 10.24009190010855 49.05169893545056
    endloop
  endfacet
  facet normal -1 0 0
    outer loop
      vertex -12 10.038060233744357 49.19134171618254
      vertex -12 10.084265193848728 49.277785116509804
      vertex -12 10.27966055224423 49.14722611208134
    endloop
  endfacet
  facet normal -1 0 0
    outer loop
      vertex -12 10.038060233744357 49.19134171618254
      vertex -12 10.27966055224423 49.14722611208134
      vertex -12 10.255171923333833 49.10141110980484
    endloop
  endfacet
  facet normal -1 0 0
    outer loop
      vertex -12 10.084265193848728 49.277785116509804
      vertex -12 10.146446609406727 49.35355339059328
      vertex -12 10.312616702564096 49.1873832974359
    endloop
  endfacet
  facet normal -1 0 0
    outer loop
      vertex -12 10.084265193848728 49.277785116509804
      vertex -12 10.312616702564096 49.1873832974359
      vertex -12 10.27966055224423 49.14722611208134
    endloop
  endfacet
  facet normal -1 0 0
    outer loop
      vertex -12 10.146446609406727 49.35355339059328
      vertex -12 10.35277388791866 49.22033944775577
      vertex -12 10.312616702564096 49.1873832974359
    endloop
  endfacet
  facet normal -1 0 0
    outer loop
      vertex -12 10.146446609406727 49.35355339059328
      vertex -12 10.2222148834902 49.41573480615127
      vertex -12 10.35277388791866 49.22033944775577
    endloop
  endfacet
  facet normal -1 0 0
    outer loop
      vertex -12 10.2222148834902 49.41573480615127
      vertex -12 10.308658283817454 49.46193976625565
      vertex -12 10.398588890195153 49.24482807666617
    endloop
  endfacet
  facet normal -1 0 0
    outer loop
      vertex -12 10.2222148834902 49.41573480615127
      vertex -12 10.398588890195153 49.24482807666617
      vertex -12 10.35277388791866 49.22033944775577
    endloop
  endfacet
  facet normal -1 0 0
    outer loop
      vertex -12 10.308658283817454 49.46193976625565
      vertex -12 10.448301064549444 49.25990809989145
      vertex -12 10.398588890195153 49.24482807666617
    endloop
  endfacet
  facet normal -1 0 0
    outer loop
      vertex -12 10.308658283817454 49.46193976625565
      vertex -12 10.402454838991936 49.49039264020161
      vertex -12 10.448301064549444 49.25990809989145
    endloop
  endfacet
  facet normal -1 0 0
    outer loop
      vertex -12 10.448301064549444 49.25990809989145
      vertex -12 10.402454838991936 49.49039264020161
      vertex -12 10.5 49.26500000059605
    endloop
  endfacet
  facet normal -1 0 0
    outer loop
      vertex -12 10.402454838991936 49.49039264020161
      vertex -12 10.5 49.5
      vertex -12 10.5 49.26500000059605
    endloop
  endfacet
  facet normal -1 0 0
    outer loop
      vertex -12 10.5 48.5
      vertex -12 10.5 48.73499999940395
      vertex -12 10.597545161008064 48.50960735979839
    endloop
  endfacet
  facet normal -1 0 0
    outer loop
      vertex -12 10.5 48.73499999940395
      vertex -12 10.551698935450556 48.74009190010855
      vertex -12 10.597545161008064 48.50960735979839
    endloop
  endfacet
  facet normal -1 0 0
    outer loop
      vertex -12 10.551698935450556 48.74009190010855
      vertex -12 10.691341716182546 48.53806023374435
      vertex -12 10.597545161008064 48.50960735979839
    endloop
  endfacet
  facet normal -1 0 0
    outer loop
      vertex -12 10.551698935450556 48.74009190010855
      vertex -12 10.601411109804847 48.75517192333383
      vertex -12 10.691341716182546 48.53806023374435
    endloop
  endfacet
  facet normal -1 0 0
    outer loop
      vertex -12 10.601411109804847 48.75517192333383
      vertex -12 10.64722611208134 48.77966055224423
      vertex -12 10.7777851165098 48.58426519384873
    endloop
  endfacet
  facet normal -1 0 0
    outer loop
      vertex -12 10.601411109804847 48.75517192333383
      vertex -12 10.7777851165098 48.58426519384873
      vertex -12 10.691341716182546 48.53806023374435
    endloop
  endfacet
  facet normal -1 0 0
    outer loop
      vertex -12 10.64722611208134 48.77966055224423
      vertex -12 10.853553390593273 48.64644660940672
      vertex -12 10.7777851165098 48.58426519384873
    endloop
  endfacet
  facet normal -1 0 0
    outer loop
      vertex -12 10.64722611208134 48.77966055224423
      vertex -12 10.687383297435904 48.8126167025641
      vertex -12 10.853553390593273 48.64644660940672
    endloop
  endfacet
  facet normal -1 0 0
    outer loop
      vertex -12 10.687383297435904 48.8126167025641
      vertex -12 10.72033944775577 48.85277388791866
      vertex -12 10.915734806151272 48.722214883490196
    endloop
  endfacet
  facet normal -1 0 0
    outer loop
      vertex -12 10.687383297435904 48.8126167025641
      vertex -12 10.915734806151272 48.722214883490196
      vertex -12 10.853553390593273 48.64644660940672
    endloop
  endfacet
  facet normal -1 0 0
    outer loop
      vertex -12 10.72033944775577 48.85277388791866
      vertex -12 10.744828076666167 48.89858889019516
      vertex -12 10.961939766255643 48.80865828381746
    endloop
  endfacet
  facet normal -1 0 0
    outer loop
      vertex -12 10.72033944775577 48.85277388791866
      vertex -12 10.961939766255643 48.80865828381746
      vertex -12 10.915734806151272 48.722214883490196
    endloop
  endfacet
  facet normal -1 0 0
    outer loop
      vertex -12 10.961939766255643 48.80865828381746
      vertex -12 10.744828076666167 48.89858889019516
      vertex -12 10.990392640201616 48.902454838991936
    endloop
  endfacet
  facet normal -1 0 0
    outer loop
      vertex -12 10.5 49.26500000059605
      vertex -12 10.5 49.5
      vertex -12 10.551698935450556 49.25990809989145
    endloop
  endfacet
  facet normal -1 0 0
    outer loop
      vertex -12 10.551698935450556 49.25990809989145
      vertex -12 10.597545161008064 49.49039264020161
      vertex -12 10.601411109804847 49.24482807666617
    endloop
  endfacet
  facet normal -1 0 0
    outer loop
      vertex -12 10.551698935450556 49.25990809989145
      vertex -12 10.5 49.5
      vertex -12 10.597545161008064 49.49039264020161
    endloop
  endfacet
  facet normal -1 0 0
    outer loop
      vertex -12 10.601411109804847 49.24482807666617
      vertex -12 10.597545161008064 49.49039264020161
      vertex -12 10.691341716182546 49.46193976625565
    endloop
  endfacet
  facet normal -1 0 0
    outer loop
      vertex -12 10.601411109804847 49.24482807666617
      vertex -12 10.691341716182546 49.46193976625565
      vertex -12 10.64722611208134 49.22033944775577
    endloop
  endfacet
  facet normal -1 0 0
    outer loop
      vertex -12 10.64722611208134 49.22033944775577
      vertex -12 10.7777851165098 49.41573480615127
      vertex -12 10.687383297435904 49.1873832974359
    endloop
  endfacet
  facet normal -1 0 0
    outer loop
      vertex -12 10.687383297435904 49.1873832974359
      vertex -12 10.853553390593273 49.35355339059328
      vertex -12 10.72033944775577 49.14722611208134
    endloop
  endfacet
  facet normal -1 0 0
    outer loop
      vertex -12 10.744828076666167 48.89858889019516
      vertex -12 10.75990809989145 48.94830106454944
      vertex -12 10.990392640201616 48.902454838991936
    endloop
  endfacet
  facet normal -1 0 0
    outer loop
      vertex -12 10.75990809989145 48.94830106454944
      vertex -12 10.765000000596046 49
      vertex -12 11 49
    endloop
  endfacet
  facet normal -1 0 0
    outer loop
      vertex -12 10.765000000596046 49
      vertex -12 10.75990809989145 49.05169893545056
      vertex -12 10.990392640201616 49.097545161008064
    endloop
  endfacet
  facet normal -1 0 0
    outer loop
      vertex -12 10.72033944775577 49.14722611208134
      vertex -12 10.915734806151272 49.277785116509804
      vertex -12 10.744828076666167 49.10141110980484
    endloop
  endfacet
  facet normal -1 0 0
    outer loop
      vertex -12 10.75990809989145 49.05169893545056
      vertex -12 10.744828076666167 49.10141110980484
      vertex -12 10.961939766255643 49.19134171618254
    endloop
  endfacet
  facet normal -1 0 0
    outer loop
      vertex -12 10.72033944775577 49.14722611208134
      vertex -12 10.853553390593273 49.35355339059328
      vertex -12 10.915734806151272 49.277785116509804
    endloop
  endfacet
  facet normal -1 0 0
    outer loop
      vertex -12 10.744828076666167 49.10141110980484
      vertex -12 10.915734806151272 49.277785116509804
      vertex -12 10.961939766255643 49.19134171618254
    endloop
  endfacet
  facet normal -1 0 0
    outer loop
      vertex -12 10.64722611208134 49.22033944775577
      vertex -12 10.691341716182546 49.46193976625565
      vertex -12 10.7777851165098 49.41573480615127
    endloop
  endfacet
  facet normal -1 0 0
    outer loop
      vertex -12 10.687383297435904 49.1873832974359
      vertex -12 10.7777851165098 49.41573480615127
      vertex -12 10.853553390593273 49.35355339059328
    endloop
  endfacet
  facet normal -1 0 0
    outer loop
      vertex -12 10.75990809989145 48.94830106454944
      vertex -12 11 49
      vertex -12 10.990392640201616 48.902454838991936
    endloop
  endfacet
  facet normal -1 0 0
    outer loop
      vertex -12 10.765000000596046 49
      vertex -12 10.990392640201616 49.097545161008064
      vertex -12 11 49
    endloop
  endfacet
  facet normal -1 0 0
    outer loop
      vertex -12 10.75990809989145 49.05169893545056
      vertex -12 10.961939766255643 49.19134171618254
      vertex -12 10.990392640201616 49.097545161008064
    endloop
  endfacet
  facet normal 0 -0.9569403357322032 -0.2902846772544811
    outer loop
      vertex -12 10.038060233744357 48.80865828381746
      vertex 12 10.038060233744357 48.80865828381746
      vertex -12 10.009607359798384 48.902454838991936
    endloop
  endfacet
  facet normal 0 -0.881921264348369 -0.47139673682597155
    outer loop
      vertex -12 10.038060233744357 48.80865828381746
      vertex -12 10.084265193848728 48.722214883490196
      vertex 12 10.084265193848728 48.722214883490196
    endloop
  endfacet
  facet normal 0 -0.7730104533627334 -0.6343932841636499
    outer loop
      vertex -12 10.084265193848728 48.722214883490196
      vertex -12 10.146446609406727 48.64644660940672
      vertex 12 10.146446609406727 48.64644660940672
    endloop
  endfacet
  facet normal 0 -0.6343932841636174 -0.77301045336276
    outer loop
      vertex -12 10.146446609406727 48.64644660940672
      vertex -12 10.2222148834902 48.58426519384873
      vertex 12 10.2222148834902 48.58426519384873
    endloop
  endfacet
  facet normal 0 -0.471396736826044 -0.8819212643483303
    outer loop
      vertex -12 10.2222148834902 48.58426519384873
      vertex -12 10.308658283817454 48.53806023374435
      vertex 12 10.308658283817454 48.53806023374435
    endloop
  endfacet
  facet normal 0 -0.29028467725440465 -0.9569403357322264
    outer loop
      vertex -12 10.308658283817454 48.53806023374435
      vertex -12 10.402454838991936 48.50960735979839
      vertex 12 10.402454838991936 48.50960735979839
    endloop
  endfacet
  facet normal 0 -0.09801714032958776 -0.9951847266721943
    outer loop
      vertex -12 10.402454838991936 48.50960735979839
      vertex -12 10.5 48.5
      vertex 12 10.5 48.5
    endloop
  endfacet
  facet normal 0 -0.9951847266721978 -0.09801714032955187
    outer loop
      vertex -12 10.009607359798384 48.902454838991936
      vertex 12 10.009607359798384 48.902454838991936
      vertex -12 10 49
    endloop
  endfacet
  facet normal 0 -0.9951847266721978 0.09801714032955187
    outer loop
      vertex -12 10 49
      vertex 12 10 49
      vertex -12 10.009607359798384 49.097545161008064
    endloop
  endfacet
  facet normal 0 -0.9569403357322032 0.2902846772544811
    outer loop
      vertex -12 10.009607359798384 49.097545161008064
      vertex 12 10.009607359798384 49.097545161008064
      vertex -12 10.038060233744357 49.19134171618254
    endloop
  endfacet
  facet normal 0 -0.881921264348369 0.47139673682597155
    outer loop
      vertex -12 10.038060233744357 49.19134171618254
      vertex 12 10.038060233744357 49.19134171618254
      vertex -12 10.084265193848728 49.277785116509804
    endloop
  endfacet
  facet normal 0 -0.7730104533627334 0.6343932841636499
    outer loop
      vertex -12 10.084265193848728 49.277785116509804
      vertex 12 10.084265193848728 49.277785116509804
      vertex -12 10.146446609406727 49.35355339059328
    endloop
  endfacet
  facet normal 0 -0.6343932841636174 0.77301045336276
    outer loop
      vertex -12 10.146446609406727 49.35355339059328
      vertex 12 10.146446609406727 49.35355339059328
      vertex -12 10.2222148834902 49.41573480615127
    endloop
  endfacet
  facet normal 0 -0.471396736826044 0.8819212643483303
    outer loop
      vertex -12 10.2222148834902 49.41573480615127
      vertex 12 10.2222148834902 49.41573480615127
      vertex -12 10.308658283817454 49.46193976625565
    endloop
  endfacet
  facet normal 0 -0.29028467725440465 0.9569403357322264
    outer loop
      vertex -12 10.308658283817454 49.46193976625565
      vertex 12 10.308658283817454 49.46193976625565
      vertex -12 10.402454838991936 49.49039264020161
    endloop
  endfacet
  facet normal 0 -0.09801714032958776 0.9951847266721943
    outer loop
      vertex -12 10.402454838991936 49.49039264020161
      vertex 12 10.402454838991936 49.49039264020161
      vertex -12 10.5 49.5
    endloop
  endfacet
  facet normal 0 0.09801714032958776 -0.9951847266721943
    outer loop
      vertex -12 10.5 48.5
      vertex -12 10.597545161008064 48.50960735979839
      vertex 12 10.597545161008064 48.50960735979839
    endloop
  endfacet
  facet normal 0 0.29028467725440465 -0.9569403357322264
    outer loop
      vertex -12 10.597545161008064 48.50960735979839
      vertex -12 10.691341716182546 48.53806023374435
      vertex 12 10.691341716182546 48.53806023374435
    endloop
  endfacet
  facet normal 0 0.471396736826044 -0.8819212643483303
    outer loop
      vertex -12 10.691341716182546 48.53806023374435
      vertex -12 10.7777851165098 48.58426519384873
      vertex 12 10.7777851165098 48.58426519384873
    endloop
  endfacet
  facet normal 0 0.6343932841636174 -0.77301045336276
    outer loop
      vertex -12 10.7777851165098 48.58426519384873
      vertex -12 10.853553390593273 48.64644660940672
      vertex 12 10.853553390593273 48.64644660940672
    endloop
  endfacet
  facet normal 0 0.7730104533627334 -0.6343932841636499
    outer loop
      vertex -12 10.853553390593273 48.64644660940672
      vertex -12 10.915734806151272 48.722214883490196
      vertex 12 10.915734806151272 48.722214883490196
    endloop
  endfacet
  facet normal 0 0.881921264348369 -0.47139673682597155
    outer loop
      vertex -12 10.915734806151272 48.722214883490196
      vertex -12 10.961939766255643 48.80865828381746
      vertex 12 10.961939766255643 48.80865828381746
    endloop
  endfacet
  facet normal 0 0.9569403357322032 -0.2902846772544811
    outer loop
      vertex -12 10.961939766255643 48.80865828381746
      vertex -12 10.990392640201616 48.902454838991936
      vertex 12 10.990392640201616 48.902454838991936
    endloop
  endfacet
  facet normal 0 0.09801714032958776 0.9951847266721943
    outer loop
      vertex -12 10.5 49.5
      vertex 12 10.5 49.5
      vertex -12 10.597545161008064 49.49039264020161
    endloop
  endfacet
  facet normal 0 0.29028467725440465 0.9569403357322264
    outer loop
      vertex -12 10.597545161008064 49.49039264020161
      vertex 12 10.597545161008064 49.49039264020161
      vertex -12 10.691341716182546 49.46193976625565
    endloop
  endfacet
  facet normal 0 0.471396736826044 0.8819212643483303
    outer loop
      vertex -12 10.691341716182546 49.46193976625565
      vertex 12 10.691341716182546 49.46193976625565
      vertex -12 10.7777851165098 49.41573480615127
    endloop
  endfacet
  facet normal 0 0.6343932841636174 0.77301045336276
    outer loop
      vertex -12 10.7777851165098 49.41573480615127
      vertex 12 10.7777851165098 49.41573480615127
      vertex -12 10.853553390593273 49.35355339059328
    endloop
  endfacet
  facet normal 0 0.7730104533627334 0.6343932841636499
    outer loop
      vertex -12 10.853553390593273 49.35355339059328
      vertex 12 10.853553390593273 49.35355339059328
      vertex -12 10.915734806151272 49.277785116509804
    endloop
  endfacet
  facet normal 0 0.881921264348369 0.47139673682597155
    outer loop
      vertex -12 10.915734806151272 49.277785116509804
      vertex 12 10.915734806151272 49.277785116509804
      vertex -12 10.961939766255643 49.19134171618254
    endloop
  endfacet
  facet normal 0 0.9951847266721978 -0.09801714032955187
    outer loop
      vertex -12 10.990392640201616 48.902454838991936
      vertex -12 11 49
      vertex 12 11 49
    endloop
  endfacet
  facet normal 0 0.9951847266721978 0.09801714032955187
    outer loop
      vertex -12 11 49
      vertex -12 10.990392640201616 49.097545161008064
      vertex 12 10.990392640201616 49.097545161008064
    endloop
  endfacet
  facet normal 0 0.9569403357322032 0.2902846772544811
    outer loop
      vertex -12 10.961939766255643 49.19134171618254
      vertex 12 10.961939766255643 49.19134171618254
      vertex -12 10.990392640201616 49.097545161008064
    endloop
  endfacet
  facet normal 0 -0.9569403357322032 -0.2902846772544811
    outer loop
      vertex -12 10.009607359798384 48.902454838991936
      vertex 12 10.038060233744357 48.80865828381746
      vertex 12 10.009607359798384 48.902454838991936
    endloop
  endfacet
  facet normal 0 -0.881921264348369 -0.47139673682597155
    outer loop
      vertex -12 10.038060233744357 48.80865828381746
      vertex 12 10.084265193848728 48.722214883490196
      vertex 12 10.038060233744357 48.80865828381746
    endloop
  endfacet
  facet normal 0 -0.7730104533627334 -0.6343932841636499
    outer loop
      vertex -12 10.084265193848728 48.722214883490196
      vertex 12 10.146446609406727 48.64644660940672
      vertex 12 10.084265193848728 48.722214883490196
    endloop
  endfacet
  facet normal 0 -0.6343932841636174 -0.77301045336276
    outer loop
      vertex -12 10.146446609406727 48.64644660940672
      vertex 12 10.2222148834902 48.58426519384873
      vertex 12 10.146446609406727 48.64644660940672
    endloop
  endfacet
  facet normal 0 -0.471396736826044 -0.8819212643483303
    outer loop
      vertex -12 10.2222148834902 48.58426519384873
      vertex 12 10.308658283817454 48.53806023374435
      vertex 12 10.2222148834902 48.58426519384873
    endloop
  endfacet
  facet normal 0 -0.29028467725440465 -0.9569403357322264
    outer loop
      vertex -12 10.308658283817454 48.53806023374435
      vertex 12 10.402454838991936 48.50960735979839
      vertex 12 10.308658283817454 48.53806023374435
    endloop
  endfacet
  facet normal 0 -0.09801714032958776 -0.9951847266721943
    outer loop
      vertex -12 10.402454838991936 48.50960735979839
      vertex 12 10.5 48.5
      vertex 12 10.402454838991936 48.50960735979839
    endloop
  endfacet
  facet normal 0 -0.9951847266721978 -0.09801714032955187
    outer loop
      vertex -12 10 49
      vertex 12 10.009607359798384 48.902454838991936
      vertex 12 10 49
    endloop
  endfacet
  facet normal 0 -0.9951847266721978 0.09801714032955187
    outer loop
      vertex -12 10.009607359798384 49.097545161008064
      vertex 12 10 49
      vertex 12 10.009607359798384 49.097545161008064
    endloop
  endfacet
  facet normal 0 -0.9569403357322032 0.2902846772544811
    outer loop
      vertex -12 10.038060233744357 49.19134171618254
      vertex 12 10.009607359798384 49.097545161008064
      vertex 12 10.038060233744357 49.19134171618254
    endloop
  endfacet
  facet normal 0 -0.881921264348369 0.47139673682597155
    outer loop
      vertex -12 10.084265193848728 49.277785116509804
      vertex 12 10.038060233744357 49.19134171618254
      vertex 12 10.084265193848728 49.277785116509804
    endloop
  endfacet
  facet normal 0 -0.7730104533627334 0.6343932841636499
    outer loop
      vertex -12 10.146446609406727 49.35355339059328
      vertex 12 10.084265193848728 49.277785116509804
      vertex 12 10.146446609406727 49.35355339059328
    endloop
  endfacet
  facet normal 0 -0.6343932841636174 0.77301045336276
    outer loop
      vertex -12 10.2222148834902 49.41573480615127
      vertex 12 10.146446609406727 49.35355339059328
      vertex 12 10.2222148834902 49.41573480615127
    endloop
  endfacet
  facet normal 0 -0.471396736826044 0.8819212643483303
    outer loop
      vertex -12 10.308658283817454 49.46193976625565
      vertex 12 10.2222148834902 49.41573480615127
      vertex 12 10.308658283817454 49.46193976625565
    endloop
  endfacet
  facet normal 0 -0.29028467725440465 0.9569403357322264
    outer loop
      vertex -12 10.402454838991936 49.49039264020161
      vertex 12 10.308658283817454 49.46193976625565
      vertex 12 10.402454838991936 49.49039264020161
    endloop
  endfacet
  facet normal 0 -0.09801714032958776 0.9951847266721943
    outer loop
      vertex -12 10.5 49.5
      vertex 12 10.402454838991936 49.49039264020161
      vertex 12 10.5 49.5
    endloop
  endfacet
  facet normal 0 0.09801714032958776 -0.9951847266721943
    outer loop
      vertex -12 10.5 48.5
      vertex 12 10.597545161008064 48.50960735979839
      vertex 12 10.5 48.5
    endloop
  endfacet
  facet normal 0 0.29028467725440465 -0.9569403357322264
    outer loop
      vertex -12 10.597545161008064 48.50960735979839
      vertex 12 10.691341716182546 48.53806023374435
      vertex 12 10.597545161008064 48.50960735979839
    endloop
  endfacet
  facet normal 0 0.471396736826044 -0.8819212643483303
    outer loop
      vertex -12 10.691341716182546 48.53806023374435
      vertex 12 10.7777851165098 48.58426519384873
      vertex 12 10.691341716182546 48.53806023374435
    endloop
  endfacet
  facet normal 0 0.6343932841636174 -0.77301045336276
    outer loop
      vertex -12 10.7777851165098 48.58426519384873
      vertex 12 10.853553390593273 48.64644660940672
      vertex 12 10.7777851165098 48.58426519384873
    endloop
  endfacet
  facet normal 0 0.7730104533627334 -0.6343932841636499
    outer loop
      vertex -12 10.853553390593273 48.64644660940672
      vertex 12 10.915734806151272 48.722214883490196
      vertex 12 10.853553390593273 48.64644660940672
    endloop
  endfacet
  facet normal 0 0.881921264348369 -0.47139673682597155
    outer loop
      vertex -12 10.915734806151272 48.722214883490196
      vertex 12 10.961939766255643 48.80865828381746
      vertex 12 10.915734806151272 48.722214883490196
    endloop
  endfacet
  facet normal 0 0.9569403357322032 -0.2902846772544811
    outer loop
      vertex -12 10.961939766255643 48.80865828381746
      vertex 12 10.990392640201616 48.902454838991936
      vertex 12 10.961939766255643 48.80865828381746
    endloop
  endfacet
  facet normal 0 0.09801714032958776 0.9951847266721943
    outer loop
      vertex -12 10.597545161008064 49.49039264020161
      vertex 12 10.5 49.5
      vertex 12 10.597545161008064 49.49039264020161
    endloop
  endfacet
  facet normal 0 0.29028467725440465 0.9569403357322264
    outer loop
      vertex -12 10.691341716182546 49.46193976625565
      vertex 12 10.597545161008064 49.49039264020161
      vertex 12 10.691341716182546 49.46193976625565
    endloop
  endfacet
  facet normal 0 0.471396736826044 0.8819212643483303
    outer loop
      vertex -12 10.7777851165098 49.41573480615127
      vertex 12 10.691341716182546 49.46193976625565
      vertex 12 10.7777851165098 49.41573480615127
    endloop
  endfacet
  facet normal 0 0.6343932841636174 0.77301045336276
    outer loop
      vertex -12 10.853553390593273 49.35355339059328
      vertex 12 10.7777851165098 49.41573480615127
      vertex 12 10.853553390593273 49.35355339059328
    endloop
  endfacet
  facet normal 0 0.881921264348369 0.47139673682597155
    outer loop
      vertex -12 10.961939766255643 49.19134171618254
      vertex 12 10.915734806151272 49.277785116509804
      vertex 12 10.961939766255643 49.19134171618254
    endloop
  endfacet
  facet normal 0 0.9951847266721978 -0.09801714032955187
    outer loop
      vertex -12 10.990392640201616 48.902454838991936
      vertex 12 11 49
      vertex 12 10.990392640201616 48.902454838991936
    endloop
  endfacet
  facet normal 0 0.9951847266721978 0.09801714032955187
    outer loop
      vertex -12 11 49
      vertex 12 10.990392640201616 49.097545161008064
      vertex 12 11 49
    endloop
  endfacet
  facet normal 0 0.9569403357322032 0.2902846772544811
    outer loop
      vertex -12 10.990392640201616 49.097545161008064
      vertex 12 10.961939766255643 49.19134171618254
      vertex 12 10.990392640201616 49.097545161008064
    endloop
  endfacet
  facet normal 0 0.7730104533627334 0.6343932841636499
    outer loop
      vertex -12 10.915734806151272 49.277785116509804
      vertex 12 10.853553390593273 49.35355339059328
      vertex 12 10.915734806151272 49.277785116509804
    endloop
  endfacet
  facet normal 1 0 0
    outer loop
      vertex 12 10.038060233744357 48.80865828381746
      vertex 12 10.255171923333833 48.89858889019516
      vertex 12 10.009607359798384 48.902454838991936
    endloop
  endfacet
  facet normal 1 0 0
    outer loop
      vertex 12 10.038060233744357 48.80865828381746
      vertex 12 10.084265193848728 48.722214883490196
      vertex 12 10.27966055224423 48.85277388791866
    endloop
  endfacet
  facet normal 1 0 0
    outer loop
      vertex 12 10.084265193848728 48.722214883490196
      vertex 12 10.146446609406727 48.64644660940672
      vertex 12 10.312616702564096 48.8126167025641
    endloop
  endfacet
  facet normal 1 0 0
    outer loop
      vertex 12 10.038060233744357 48.80865828381746
      vertex 12 10.27966055224423 48.85277388791866
      vertex 12 10.255171923333833 48.89858889019516
    endloop
  endfacet
  facet normal 1 0 0
    outer loop
      vertex 12 10.146446609406727 48.64644660940672
      vertex 12 10.2222148834902 48.58426519384873
      vertex 12 10.35277388791866 48.77966055224423
    endloop
  endfacet
  facet normal 1 0 0
    outer loop
      vertex 12 10.2222148834902 48.58426519384873
      vertex 12 10.308658283817454 48.53806023374435
      vertex 12 10.398588890195153 48.75517192333383
    endloop
  endfacet
  facet normal 1 0 0
    outer loop
      vertex 12 10.084265193848728 48.722214883490196
      vertex 12 10.312616702564096 48.8126167025641
      vertex 12 10.27966055224423 48.85277388791866
    endloop
  endfacet
  facet normal 1 0 0
    outer loop
      vertex 12 10.146446609406727 48.64644660940672
      vertex 12 10.35277388791866 48.77966055224423
      vertex 12 10.312616702564096 48.8126167025641
    endloop
  endfacet
  facet normal 1 0 0
    outer loop
      vertex 12 10.308658283817454 48.53806023374435
      vertex 12 10.402454838991936 48.50960735979839
      vertex 12 10.448301064549444 48.74009190010855
    endloop
  endfacet
  facet normal 1 0 0
    outer loop
      vertex 12 10.2222148834902 48.58426519384873
      vertex 12 10.398588890195153 48.75517192333383
      vertex 12 10.35277388791866 48.77966055224423
    endloop
  endfacet
  facet normal 1 0 0
    outer loop
      vertex 12 10.308658283817454 48.53806023374435
      vertex 12 10.448301064549444 48.74009190010855
      vertex 12 10.398588890195153 48.75517192333383
    endloop
  endfacet
  facet normal 1 0 0
    outer loop
      vertex 12 10.402454838991936 48.50960735979839
      vertex 12 10.5 48.73499999940395
      vertex 12 10.448301064549444 48.74009190010855
    endloop
  endfacet
  facet normal 1 0 0
    outer loop
      vertex 12 10.402454838991936 48.50960735979839
      vertex 12 10.5 48.5
      vertex 12 10.5 48.73499999940395
    endloop
  endfacet
  facet normal 1 0 0
    outer loop
      vertex 12 10.009607359798384 48.902454838991936
      vertex 12 10.24009190010855 48.94830106454944
      vertex 12 10 49
    endloop
  endfacet
  facet normal 1 0 0
    outer loop
      vertex 12 10 49
      vertex 12 10.234999999403954 49
      vertex 12 10.009607359798384 49.097545161008064
    endloop
  endfacet
  facet normal 1 0 0
    outer loop
      vertex 12 10.009607359798384 49.097545161008064
      vertex 12 10.24009190010855 49.05169893545056
      vertex 12 10.038060233744357 49.19134171618254
    endloop
  endfacet
  facet normal 1 0 0
    outer loop
      vertex 12 10.009607359798384 48.902454838991936
      vertex 12 10.255171923333833 48.89858889019516
      vertex 12 10.24009190010855 48.94830106454944
    endloop
  endfacet
  facet normal 1 0 0
    outer loop
      vertex 12 10 49
      vertex 12 10.24009190010855 48.94830106454944
      vertex 12 10.234999999403954 49
    endloop
  endfacet
  facet normal 1 0 0
    outer loop
      vertex 12 10.009607359798384 49.097545161008064
      vertex 12 10.234999999403954 49
      vertex 12 10.24009190010855 49.05169893545056
    endloop
  endfacet
  facet normal 1 0 0
    outer loop
      vertex 12 10.038060233744357 49.19134171618254
      vertex 12 10.255171923333833 49.10141110980484
      vertex 12 10.084265193848728 49.277785116509804
    endloop
  endfacet
  facet normal 1 0 0
    outer loop
      vertex 12 10.084265193848728 49.277785116509804
      vertex 12 10.27966055224423 49.14722611208134
      vertex 12 10.146446609406727 49.35355339059328
    endloop
  endfacet
  facet normal 1 0 0
    outer loop
      vertex 12 10.038060233744357 49.19134171618254
      vertex 12 10.24009190010855 49.05169893545056
      vertex 12 10.255171923333833 49.10141110980484
    endloop
  endfacet
  facet normal 1 0 0
    outer loop
      vertex 12 10.084265193848728 49.277785116509804
      vertex 12 10.255171923333833 49.10141110980484
      vertex 12 10.27966055224423 49.14722611208134
    endloop
  endfacet
  facet normal 1 0 0
    outer loop
      vertex 12 10.27966055224423 49.14722611208134
      vertex 12 10.312616702564096 49.1873832974359
      vertex 12 10.146446609406727 49.35355339059328
    endloop
  endfacet
  facet normal 1 0 0
    outer loop
      vertex 12 10.2222148834902 49.41573480615127
      vertex 12 10.312616702564096 49.1873832974359
      vertex 12 10.35277388791866 49.22033944775577
    endloop
  endfacet
  facet normal 1 0 0
    outer loop
      vertex 12 10.146446609406727 49.35355339059328
      vertex 12 10.312616702564096 49.1873832974359
      vertex 12 10.2222148834902 49.41573480615127
    endloop
  endfacet
  facet normal 1 0 0
    outer loop
      vertex 12 10.2222148834902 49.41573480615127
      vertex 12 10.35277388791866 49.22033944775577
      vertex 12 10.308658283817454 49.46193976625565
    endloop
  endfacet
  facet normal 1 0 0
    outer loop
      vertex 12 10.308658283817454 49.46193976625565
      vertex 12 10.35277388791866 49.22033944775577
      vertex 12 10.398588890195153 49.24482807666617
    endloop
  endfacet
  facet normal 1 0 0
    outer loop
      vertex 12 10.308658283817454 49.46193976625565
      vertex 12 10.398588890195153 49.24482807666617
      vertex 12 10.402454838991936 49.49039264020161
    endloop
  endfacet
  facet normal 1 0 0
    outer loop
      vertex 12 10.398588890195153 49.24482807666617
      vertex 12 10.448301064549444 49.25990809989145
      vertex 12 10.402454838991936 49.49039264020161
    endloop
  endfacet
  facet normal 1 0 0
    outer loop
      vertex 12 10.448301064549444 49.25990809989145
      vertex 12 10.5 49.5
      vertex 12 10.402454838991936 49.49039264020161
    endloop
  endfacet
  facet normal 1 0 0
    outer loop
      vertex 12 10.448301064549444 49.25990809989145
      vertex 12 10.5 49.26500000059605
      vertex 12 10.5 49.5
    endloop
  endfacet
  facet normal 1 0 0
    outer loop
      vertex 12 10.5 48.5
      vertex 12 10.551698935450556 48.74009190010855
      vertex 12 10.5 48.73499999940395
    endloop
  endfacet
  facet normal 1 0 0
    outer loop
      vertex 12 10.5 48.5
      vertex 12 10.597545161008064 48.50960735979839
      vertex 12 10.551698935450556 48.74009190010855
    endloop
  endfacet
  facet normal 1 0 0
    outer loop
      vertex 12 10.551698935450556 48.74009190010855
      vertex 12 10.597545161008064 48.50960735979839
      vertex 12 10.601411109804847 48.75517192333383
    endloop
  endfacet
  facet normal 1 0 0
    outer loop
      vertex 12 10.597545161008064 48.50960735979839
      vertex 12 10.691341716182546 48.53806023374435
      vertex 12 10.601411109804847 48.75517192333383
    endloop
  endfacet
  facet normal 1 0 0
    outer loop
      vertex 12 10.601411109804847 48.75517192333383
      vertex 12 10.691341716182546 48.53806023374435
      vertex 12 10.64722611208134 48.77966055224423
    endloop
  endfacet
  facet normal 1 0 0
    outer loop
      vertex 12 10.64722611208134 48.77966055224423
      vertex 12 10.691341716182546 48.53806023374435
      vertex 12 10.7777851165098 48.58426519384873
    endloop
  endfacet
  facet normal 1 0 0
    outer loop
      vertex 12 10.64722611208134 48.77966055224423
      vertex 12 10.7777851165098 48.58426519384873
      vertex 12 10.687383297435904 48.8126167025641
    endloop
  endfacet
  facet normal 1 0 0
    outer loop
      vertex 12 10.687383297435904 48.8126167025641
      vertex 12 10.853553390593273 48.64644660940672
      vertex 12 10.72033944775577 48.85277388791866
    endloop
  endfacet
  facet normal 1 0 0
    outer loop
      vertex 12 10.687383297435904 48.8126167025641
      vertex 12 10.7777851165098 48.58426519384873
      vertex 12 10.853553390593273 48.64644660940672
    endloop
  endfacet
  facet normal 1 0 0
    outer loop
      vertex 12 10.72033944775577 48.85277388791866
      vertex 12 10.915734806151272 48.722214883490196
      vertex 12 10.744828076666167 48.89858889019516
    endloop
  endfacet
  facet normal 1 0 0
    outer loop
      vertex 12 10.72033944775577 48.85277388791866
      vertex 12 10.853553390593273 48.64644660940672
      vertex 12 10.915734806151272 48.722214883490196
    endloop
  endfacet
  facet normal 1 0 0
    outer loop
      vertex 12 10.915734806151272 48.722214883490196
      vertex 12 10.961939766255643 48.80865828381746
      vertex 12 10.744828076666167 48.89858889019516
    endloop
  endfacet
  facet normal 1 0 0
    outer loop
      vertex 12 10.5 49.26500000059605
      vertex 12 10.597545161008064 49.49039264020161
      vertex 12 10.5 49.5
    endloop
  endfacet
  facet normal 1 0 0
    outer loop
      vertex 12 10.5 49.26500000059605
      vertex 12 10.551698935450556 49.25990809989145
      vertex 12 10.597545161008064 49.49039264020161
    endloop
  endfacet
  facet normal 1 0 0
    outer loop
      vertex 12 10.551698935450556 49.25990809989145
      vertex 12 10.601411109804847 49.24482807666617
      vertex 12 10.691341716182546 49.46193976625565
    endloop
  endfacet
  facet normal 1 0 0
    outer loop
      vertex 12 10.551698935450556 49.25990809989145
      vertex 12 10.691341716182546 49.46193976625565
      vertex 12 10.597545161008064 49.49039264020161
    endloop
  endfacet
  facet normal 1 0 0
    outer loop
      vertex 12 10.601411109804847 49.24482807666617
      vertex 12 10.64722611208134 49.22033944775577
      vertex 12 10.7777851165098 49.41573480615127
    endloop
  endfacet
  facet normal 1 0 0
    outer loop
      vertex 12 10.64722611208134 49.22033944775577
      vertex 12 10.687383297435904 49.1873832974359
      vertex 12 10.853553390593273 49.35355339059328
    endloop
  endfacet
  facet normal 1 0 0
    outer loop
      vertex 12 10.687383297435904 49.1873832974359
      vertex 12 10.72033944775577 49.14722611208134
      vertex 12 10.915734806151272 49.277785116509804
    endloop
  endfacet
  facet normal 1 0 0
    outer loop
      vertex 12 10.961939766255643 48.80865828381746
      vertex 12 10.75990809989145 48.94830106454944
      vertex 12 10.744828076666167 48.89858889019516
    endloop
  endfacet
  facet normal 1 0 0
    outer loop
      vertex 12 10.75990809989145 48.94830106454944
      vertex 12 10.990392640201616 48.902454838991936
      vertex 12 10.765000000596046 49
    endloop
  endfacet
  facet normal 1 0 0
    outer loop
      vertex 12 10.765000000596046 49
      vertex 12 11 49
      vertex 12 10.75990809989145 49.05169893545056
    endloop
  endfacet
  facet normal 1 0 0
    outer loop
      vertex 12 10.72033944775577 49.14722611208134
      vertex 12 10.744828076666167 49.10141110980484
      vertex 12 10.961939766255643 49.19134171618254
    endloop
  endfacet
  facet normal 1 0 0
    outer loop
      vertex 12 10.687383297435904 49.1873832974359
      vertex 12 10.915734806151272 49.277785116509804
      vertex 12 10.853553390593273 49.35355339059328
    endloop
  endfacet
  facet normal 1 0 0
    outer loop
      vertex 12 10.75990809989145 49.05169893545056
      vertex 12 10.990392640201616 49.097545161008064
      vertex 12 10.744828076666167 49.10141110980484
    endloop
  endfacet
  facet normal 1 0 0
    outer loop
      vertex 12 10.72033944775577 49.14722611208134
      vertex 12 10.961939766255643 49.19134171618254
      vertex 12 10.915734806151272 49.277785116509804
    endloop
  endfacet
  facet normal 1 0 0
    outer loop
      vertex 12 10.601411109804847 49.24482807666617
      vertex 12 10.7777851165098 49.41573480615127
      vertex 12 10.691341716182546 49.46193976625565
    endloop
  endfacet
  facet normal 1 0 0
    outer loop
      vertex 12 10.64722611208134 49.22033944775577
      vertex 12 10.853553390593273 49.35355339059328
      vertex 12 10.7777851165098 49.41573480615127
    endloop
  endfacet
  facet normal 1 0 0
    outer loop
      vertex 12 10.961939766255643 48.80865828381746
      vertex 12 10.990392640201616 48.902454838991936
      vertex 12 10.75990809989145 48.94830106454944
    endloop
  endfacet
  facet normal 1 0 0
    outer loop
      vertex 12 10.765000000596046 49
      vertex 12 10.990392640201616 48.902454838991936
      vertex 12 11 49
    endloop
  endfacet
  facet normal 1 0 0
    outer loop
      vertex 12 10.75990809989145 49.05169893545056
      vertex 12 11 49
      vertex 12 10.990392640201616 49.097545161008064
    endloop
  endfacet
  facet normal 1 0 0
    outer loop
      vertex 12 10.744828076666167 49.10141110980484
      vertex 12 10.990392640201616 49.097545161008064
      vertex 12 10.961939766255643 49.19134171618254
    endloop
  endfacet
  facet normal 0 -1 0
    outer loop
      vertex 10.009607359798384 -12 -0.09754516100806412
      vertex 10.038060233744357 -12 -0.1913417161825449
      vertex 10.255171923333833 -12 -0.1014111098048459
    endloop
  endfacet
  facet normal 0 -1 0
    outer loop
      vertex 10.009607359798384 -12 -0.09754516100806412
      vertex 10.24009190010855 -12 -0.05169893545055688
      vertex 10 -12 0
    endloop
  endfacet
  facet normal 0 -1 0
    outer loop
      vertex 10 -12 0
      vertex 10.234999999403954 -12 0
      vertex 10.009607359798384 -12 0.09754516100806412
    endloop
  endfacet
  facet normal 0 -1 0
    outer loop
      vertex 10.009607359798384 -12 0.09754516100806412
      vertex 10.24009190010855 -12 0.05169893545055688
      vertex 10.038060233744357 -12 0.1913417161825449
    endloop
  endfacet
  facet normal 0 -1 0
    outer loop
      vertex 10.146446609406727 -12 -0.3535533905932738
      vertex 10.2222148834902 -12 -0.4157348061512726
      vertex 10.35277388791866 -12 -0.220339447755769
    endloop
  endfacet
  facet normal 0 -1 0
    outer loop
      vertex 10.2222148834902 -12 -0.4157348061512726
      vertex 10.308658283817454 -12 -0.46193976625564337
      vertex 10.398588890195153 -12 -0.2448280766661661
    endloop
  endfacet
  facet normal 0 -1 0
    outer loop
      vertex 10.038060233744357 -12 -0.1913417161825449
      vertex 10.084265193848728 -12 -0.2777851165098011
      vertex 10.27966055224423 -12 -0.14722611208134023
    endloop
  endfacet
  facet normal 0 -1 0
    outer loop
      vertex 10.009607359798384 -12 -0.09754516100806412
      vertex 10.255171923333833 -12 -0.1014111098048459
      vertex 10.24009190010855 -12 -0.05169893545055688
    endloop
  endfacet
  facet normal 0 -1 0
    outer loop
      vertex 10.084265193848728 -12 -0.2777851165098011
      vertex 10.146446609406727 -12 -0.3535533905932738
      vertex 10.312616702564096 -12 -0.1873832974359036
    endloop
  endfacet
  facet normal 0 -1 0
    outer loop
      vertex 10.038060233744357 -12 -0.1913417161825449
      vertex 10.27966055224423 -12 -0.14722611208134023
      vertex 10.255171923333833 -12 -0.1014111098048459
    endloop
  endfacet
  facet normal 0 -1 0
    outer loop
      vertex 10 -12 0
      vertex 10.24009190010855 -12 -0.05169893545055688
      vertex 10.234999999403954 -12 0
    endloop
  endfacet
  facet normal 0 -1 0
    outer loop
      vertex 10.009607359798384 -12 0.09754516100806412
      vertex 10.234999999403954 -12 0
      vertex 10.24009190010855 -12 0.05169893545055688
    endloop
  endfacet
  facet normal 0 -1 0
    outer loop
      vertex 10.24009190010855 -12 0.05169893545055688
      vertex 10.255171923333833 -12 0.1014111098048459
      vertex 10.038060233744357 -12 0.1913417161825449
    endloop
  endfacet
  facet normal 0 -1 0
    outer loop
      vertex 10.084265193848728 -12 -0.2777851165098011
      vertex 10.312616702564096 -12 -0.1873832974359036
      vertex 10.27966055224423 -12 -0.14722611208134023
    endloop
  endfacet
  facet normal 0 -1 0
    outer loop
      vertex 10.146446609406727 -12 -0.3535533905932738
      vertex 10.35277388791866 -12 -0.220339447755769
      vertex 10.312616702564096 -12 -0.1873832974359036
    endloop
  endfacet
  facet normal 0 -1 0
    outer loop
      vertex 10.2222148834902 -12 -0.4157348061512726
      vertex 10.398588890195153 -12 -0.2448280766661661
      vertex 10.35277388791866 -12 -0.220339447755769
    endloop
  endfacet
  facet normal 0 -1 0
    outer loop
      vertex 10.308658283817454 -12 -0.46193976625564337
      vertex 10.402454838991936 -12 -0.4903926402016152
      vertex 10.448301064549444 -12 -0.25990809989144964
    endloop
  endfacet
  facet normal 0 -1 0
    outer loop
      vertex 10.308658283817454 -12 -0.46193976625564337
      vertex 10.448301064549444 -12 -0.25990809989144964
      vertex 10.398588890195153 -12 -0.2448280766661661
    endloop
  endfacet
  facet normal 0 -1 0
    outer loop
      vertex 10.402454838991936 -12 -0.4903926402016152
      vertex 10.5 -12 -0.26500000059604645
      vertex 10.448301064549444 -12 -0.25990809989144964
    endloop
  endfacet
  facet normal 0 -1 0
    outer loop
      vertex 10.402454838991936 -12 -0.4903926402016152
      vertex 10.5 -12 -0.5
      vertex 10.5 -12 -0.26500000059604645
    endloop
  endfacet
  facet normal 0 -1 0
    outer loop
      vertex 10.255171923333833 -12 0.1014111098048459
      vertex 10.084265193848728 -12 0.2777851165098011
      vertex 10.038060233744357 -12 0.1913417161825449
    endloop
  endfacet
  facet normal 0 -1 0
    outer loop
      vertex 10.084265193848728 -12 0.2777851165098011
      vertex 10.27966055224423 -12 0.14722611208134023
      vertex 10.146446609406727 -12 0.3535533905932738
    endloop
  endfacet
  facet normal 0 -1 0
    outer loop
      vertex 10.255171923333833 -12 0.1014111098048459
      vertex 10.27966055224423 -12 0.14722611208134023
      vertex 10.084265193848728 -12 0.2777851165098011
    endloop
  endfacet
  facet normal 0 -1 0
    outer loop
      vertex 10.146446609406727 -12 0.3535533905932738
      vertex 10.312616702564096 -12 0.1873832974359036
      vertex 10.2222148834902 -12 0.4157348061512726
    endloop
  endfacet
  facet normal 0 -1 0
    outer loop
      vertex 10.146446609406727 -12 0.3535533905932738
      vertex 10.27966055224423 -12 0.14722611208134023
      vertex 10.312616702564096 -12 0.1873832974359036
    endloop
  endfacet
  facet normal 0 -1 0
    outer loop
      vertex 10.2222148834902 -12 0.4157348061512726
      vertex 10.312616702564096 -12 0.1873832974359036
      vertex 10.35277388791866 -12 0.220339447755769
    endloop
  endfacet
  facet normal 0 -1 0
    outer loop
      vertex 10.2222148834902 -12 0.4157348061512726
      vertex 10.35277388791866 -12 0.220339447755769
      vertex 10.308658283817454 -12 0.46193976625564337
    endloop
  endfacet
  facet normal 0 -1 0
    outer loop
      vertex 10.308658283817454 -12 0.46193976625564337
      vertex 10.35277388791866 -12 0.220339447755769
      vertex 10.398588890195153 -12 0.2448280766661661
    endloop
  endfacet
  facet normal 0 -1 0
    outer loop
      vertex 10.308658283817454 -12 0.46193976625564337
      vertex 10.398588890195153 -12 0.2448280766661661
      vertex 10.402454838991936 -12 0.4903926402016152
    endloop
  endfacet
  facet normal 0 -1 0
    outer loop
      vertex 10.398588890195153 -12 0.2448280766661661
      vertex 10.448301064549444 -12 0.25990809989144964
      vertex 10.402454838991936 -12 0.4903926402016152
    endloop
  endfacet
  facet normal 0 -1 0
    outer loop
      vertex 10.402454838991936 -12 0.4903926402016152
      vertex 10.448301064549444 -12 0.25990809989144964
      vertex 10.5 -12 0.5
    endloop
  endfacet
  facet normal 0 -1 0
    outer loop
      vertex 10.448301064549444 -12 0.25990809989144964
      vertex 10.5 -12 0.26500000059604645
      vertex 10.5 -12 0.5
    endloop
  endfacet
  facet normal 0 -1 0
    outer loop
      vertex 10.5 -12 -0.5
      vertex 10.551698935450556 -12 -0.25990809989144964
      vertex 10.5 -12 -0.26500000059604645
    endloop
  endfacet
  facet normal 0 -1 0
    outer loop
      vertex 10.5 -12 -0.5
      vertex 10.597545161008064 -12 -0.4903926402016152
      vertex 10.551698935450556 -12 -0.25990809989144964
    endloop
  endfacet
  facet normal 0 -1 0
    outer loop
      vertex 10.597545161008064 -12 -0.4903926402016152
      vertex 10.601411109804847 -12 -0.2448280766661661
      vertex 10.551698935450556 -12 -0.25990809989144964
    endloop
  endfacet
  facet normal 0 -1 0
    outer loop
      vertex 10.597545161008064 -12 -0.4903926402016152
      vertex 10.691341716182546 -12 -0.46193976625564337
      vertex 10.601411109804847 -12 -0.2448280766661661
    endloop
  endfacet
  facet normal 0 -1 0
    outer loop
      vertex 10.601411109804847 -12 -0.2448280766661661
      vertex 10.691341716182546 -12 -0.46193976625564337
      vertex 10.64722611208134 -12 -0.220339447755769
    endloop
  endfacet
  facet normal 0 -1 0
    outer loop
      vertex 10.64722611208134 -12 -0.220339447755769
      vertex 10.691341716182546 -12 -0.46193976625564337
      vertex 10.7777851165098 -12 -0.4157348061512726
    endloop
  endfacet
  facet normal 0 -1 0
    outer loop
      vertex 10.687383297435904 -12 -0.1873832974359036
      vertex 10.7777851165098 -12 -0.4157348061512726
      vertex 10.853553390593273 -12 -0.3535533905932738
    endloop
  endfacet
  facet normal 0 -1 0
    outer loop
      vertex 10.64722611208134 -12 -0.220339447755769
      vertex 10.7777851165098 -12 -0.4157348061512726
      vertex 10.687383297435904 -12 -0.1873832974359036
    endloop
  endfacet
  facet normal 0 -1 0
    outer loop
      vertex 10.687383297435904 -12 -0.1873832974359036
      vertex 10.853553390593273 -12 -0.3535533905932738
      vertex 10.72033944775577 -12 -0.14722611208134023
    endloop
  endfacet
  facet normal 0 -1 0
    outer loop
      vertex 10.72033944775577 -12 -0.14722611208134023
      vertex 10.915734806151272 -12 -0.2777851165098011
      vertex 10.744828076666167 -12 -0.1014111098048459
    endloop
  endfacet
  facet normal 0 -1 0
    outer loop
      vertex 10.744828076666167 -12 -0.1014111098048459
      vertex 10.961939766255643 -12 -0.1913417161825449
      vertex 10.75990809989145 -12 -0.05169893545055688
    endloop
  endfacet
  facet normal 0 -1 0
    outer loop
      vertex 10.853553390593273 -12 -0.3535533905932738
      vertex 10.915734806151272 -12 -0.2777851165098011
      vertex 10.72033944775577 -12 -0.14722611208134023
    endloop
  endfacet
  facet normal 0 -1 0
    outer loop
      vertex 10.744828076666167 -12 -0.1014111098048459
      vertex 10.915734806151272 -12 -0.2777851165098011
      vertex 10.961939766255643 -12 -0.1913417161825449
    endloop
  endfacet
  facet normal 0 -1 0
    outer loop
      vertex 10.75990809989145 -12 -0.05169893545055688
      vertex 10.990392640201616 -12 -0.09754516100806412
      vertex 10.765000000596046 -12 0
    endloop
  endfacet
  facet normal 0 -1 0
    outer loop
      vertex 10.765000000596046 -12 0
      vertex 11 -12 0
      vertex 10.75990809989145 -12 0.05169893545055688
    endloop
  endfacet
  facet normal 0 -1 0
    outer loop
      vertex 10.744828076666167 -12 0.1014111098048459
      vertex 10.75990809989145 -12 0.05169893545055688
      vertex 10.990392640201616 -12 0.09754516100806412
    endloop
  endfacet
  facet normal 0 -1 0
    outer loop
      vertex 10.75990809989145 -12 -0.05169893545055688
      vertex 10.961939766255643 -12 -0.1913417161825449
      vertex 10.990392640201616 -12 -0.09754516100806412
    endloop
  endfacet
  facet normal 0 -1 0
    outer loop
      vertex 10.765000000596046 -12 0
      vertex 10.990392640201616 -12 -0.09754516100806412
      vertex 11 -12 0
    endloop
  endfacet
  facet normal 0 -1 0
    outer loop
      vertex 10.75990809989145 -12 0.05169893545055688
      vertex 11 -12 0
      vertex 10.990392640201616 -12 0.09754516100806412
    endloop
  endfacet
  facet normal 0 -1 0
    outer loop
      vertex 10.5 -12 0.26500000059604645
      vertex 10.597545161008064 -12 0.4903926402016152
      vertex 10.5 -12 0.5
    endloop
  endfacet
  facet normal 0 -1 0
    outer loop
      vertex 10.5 -12 0.26500000059604645
      vertex 10.551698935450556 -12 0.25990809989144964
      vertex 10.597545161008064 -12 0.4903926402016152
    endloop
  endfacet
  facet normal 0 -1 0
    outer loop
      vertex 10.551698935450556 -12 0.25990809989144964
      vertex 10.601411109804847 -12 0.2448280766661661
      vertex 10.691341716182546 -12 0.46193976625564337
    endloop
  endfacet
  facet normal 0 -1 0
    outer loop
      vertex 10.601411109804847 -12 0.2448280766661661
      vertex 10.64722611208134 -12 0.220339447755769
      vertex 10.7777851165098 -12 0.4157348061512726
    endloop
  endfacet
  facet normal 0 -1 0
    outer loop
      vertex 10.551698935450556 -12 0.25990809989144964
      vertex 10.691341716182546 -12 0.46193976625564337
      vertex 10.597545161008064 -12 0.4903926402016152
    endloop
  endfacet
  facet normal 0 -1 0
    outer loop
      vertex 10.64722611208134 -12 0.220339447755769
      vertex 10.687383297435904 -12 0.1873832974359036
      vertex 10.853553390593273 -12 0.3535533905932738
    endloop
  endfacet
  facet normal 0 -1 0
    outer loop
      vertex 10.687383297435904 -12 0.1873832974359036
      vertex 10.72033944775577 -12 0.14722611208134023
      vertex 10.915734806151272 -12 0.2777851165098011
    endloop
  endfacet
  facet normal 0 -1 0
    outer loop
      vertex 10.601411109804847 -12 0.2448280766661661
      vertex 10.7777851165098 -12 0.4157348061512726
      vertex 10.691341716182546 -12 0.46193976625564337
    endloop
  endfacet
  facet normal 0 -1 0
    outer loop
      vertex 10.64722611208134 -12 0.220339447755769
      vertex 10.853553390593273 -12 0.3535533905932738
      vertex 10.7777851165098 -12 0.4157348061512726
    endloop
  endfacet
  facet normal 0 -1 0
    outer loop
      vertex 10.744828076666167 -12 0.1014111098048459
      vertex 10.961939766255643 -12 0.1913417161825449
      vertex 10.72033944775577 -12 0.14722611208134023
    endloop
  endfacet
  facet normal 0 -1 0
    outer loop
      vertex 10.687383297435904 -12 0.1873832974359036
      vertex 10.915734806151272 -12 0.2777851165098011
      vertex 10.853553390593273 -12 0.3535533905932738
    endloop
  endfacet
  facet normal 0 -1 0
    outer loop
      vertex 10.72033944775577 -12 0.14722611208134023
      vertex 10.961939766255643 -12 0.1913417161825449
      vertex 10.915734806151272 -12 0.2777851165098011
    endloop
  endfacet
  facet normal 0 -1 0
    outer loop
      vertex 10.744828076666167 -12 0.1014111098048459
      vertex 10.990392640201616 -12 0.09754516100806412
      vertex 10.961939766255643 -12 0.1913417161825449
    endloop
  endfacet
  facet normal -0.7730104533627346 0 -0.6343932841636485
    outer loop
      vertex 10.084265193848728 -12 -0.2777851165098011
      vertex 10.084265193848728 12 -0.2777851165098011
      vertex 10.146446609406727 -12 -0.3535533905932738
    endloop
  endfacet
  facet normal -0.9569403357322054 0 -0.2902846772544737
    outer loop
      vertex 10.009607359798384 -12 -0.09754516100806412
      vertex 10.009607359798384 12 -0.09754516100806412
      vertex 10.038060233744357 -12 -0.1913417161825449
    endloop
  endfacet
  facet normal -0.9951847266721978 0 -0.09801714032955172
    outer loop
      vertex 10.009607359798384 -12 -0.09754516100806412
      vertex 10 -12 0
      vertex 10 12 0
    endloop
  endfacet
  facet normal -0.9951847266721978 0 0.09801714032955172
    outer loop
      vertex 10 -12 0
      vertex 10.009607359798384 -12 0.09754516100806412
      vertex 10.009607359798384 12 0.09754516100806412
    endloop
  endfacet
  facet normal -0.8819212643483556 0 -0.4713967368259963
    outer loop
      vertex 10.038060233744357 -12 -0.1913417161825449
      vertex 10.038060233744357 12 -0.1913417161825449
      vertex 10.084265193848728 -12 -0.2777851165098011
    endloop
  endfacet
  facet normal -0.6343932841636465 0 -0.7730104533627361
    outer loop
      vertex 10.146446609406727 -12 -0.3535533905932738
      vertex 10.146446609406727 12 -0.3535533905932738
      vertex 10.2222148834902 -12 -0.4157348061512726
    endloop
  endfacet
  facet normal -0.47139673682600297 0 -0.8819212643483522
    outer loop
      vertex 10.2222148834902 -12 -0.4157348061512726
      vertex 10.2222148834902 12 -0.4157348061512726
      vertex 10.308658283817454 -12 -0.46193976625564337
    endloop
  endfacet
  facet normal -0.29028467725445967 0 -0.9569403357322098
    outer loop
      vertex 10.308658283817454 -12 -0.46193976625564337
      vertex 10.308658283817454 12 -0.46193976625564337
      vertex 10.402454838991936 -12 -0.4903926402016152
    endloop
  endfacet
  facet normal -0.09801714032956084 0 -0.9951847266721968
    outer loop
      vertex 10.402454838991936 -12 -0.4903926402016152
      vertex 10.402454838991936 12 -0.4903926402016152
      vertex 10.5 -12 -0.5
    endloop
  endfacet
  facet normal -0.9569403357322054 0 0.2902846772544737
    outer loop
      vertex 10.009607359798384 -12 0.09754516100806412
      vertex 10.038060233744357 -12 0.1913417161825449
      vertex 10.038060233744357 12 0.1913417161825449
    endloop
  endfacet
  facet normal -0.8819212643483556 0 0.4713967368259963
    outer loop
      vertex 10.038060233744357 -12 0.1913417161825449
      vertex 10.084265193848728 -12 0.2777851165098011
      vertex 10.084265193848728 12 0.2777851165098011
    endloop
  endfacet
  facet normal -0.7730104533627346 0 0.6343932841636485
    outer loop
      vertex 10.084265193848728 -12 0.2777851165098011
      vertex 10.146446609406727 -12 0.3535533905932738
      vertex 10.146446609406727 12 0.3535533905932738
    endloop
  endfacet
  facet normal -0.6343932841636465 0 0.7730104533627361
    outer loop
      vertex 10.146446609406727 -12 0.3535533905932738
      vertex 10.2222148834902 -12 0.4157348061512726
      vertex 10.2222148834902 12 0.4157348061512726
    endloop
  endfacet
  facet normal -0.47139673682600297 0 0.8819212643483522
    outer loop
      vertex 10.2222148834902 -12 0.4157348061512726
      vertex 10.308658283817454 -12 0.46193976625564337
      vertex 10.308658283817454 12 0.46193976625564337
    endloop
  endfacet
  facet normal -0.29028467725445967 0 0.9569403357322098
    outer loop
      vertex 10.308658283817454 -12 0.46193976625564337
      vertex 10.402454838991936 -12 0.4903926402016152
      vertex 10.402454838991936 12 0.4903926402016152
    endloop
  endfacet
  facet normal -0.09801714032956084 0 0.9951847266721968
    outer loop
      vertex 10.402454838991936 -12 0.4903926402016152
      vertex 10.5 -12 0.5
      vertex 10.5 12 0.5
    endloop
  endfacet
  facet normal 0.09801714032956084 0 -0.9951847266721968
    outer loop
      vertex 10.5 -12 -0.5
      vertex 10.5 12 -0.5
      vertex 10.597545161008064 -12 -0.4903926402016152
    endloop
  endfacet
  facet normal 0.29028467725445967 0 -0.9569403357322098
    outer loop
      vertex 10.597545161008064 -12 -0.4903926402016152
      vertex 10.597545161008064 12 -0.4903926402016152
      vertex 10.691341716182546 -12 -0.46193976625564337
    endloop
  endfacet
  facet normal 0.47139673682600297 0 -0.8819212643483522
    outer loop
      vertex 10.691341716182546 -12 -0.46193976625564337
      vertex 10.691341716182546 12 -0.46193976625564337
      vertex 10.7777851165098 -12 -0.4157348061512726
    endloop
  endfacet
  facet normal 0.6343932841636465 0 -0.7730104533627361
    outer loop
      vertex 10.7777851165098 -12 -0.4157348061512726
      vertex 10.7777851165098 12 -0.4157348061512726
      vertex 10.853553390593273 -12 -0.3535533905932738
    endloop
  endfacet
  facet normal 0.7730104533627346 0 -0.6343932841636485
    outer loop
      vertex 10.853553390593273 -12 -0.3535533905932738
      vertex 10.853553390593273 12 -0.3535533905932738
      vertex 10.915734806151272 -12 -0.2777851165098011
    endloop
  endfacet
  facet normal 0.8819212643483556 0 -0.4713967368259963
    outer loop
      vertex 10.915734806151272 -12 -0.2777851165098011
      vertex 10.915734806151272 12 -0.2777851165098011
      vertex 10.961939766255643 -12 -0.1913417161825449
    endloop
  endfacet
  facet normal 0.9569403357322054 0 -0.2902846772544737
    outer loop
      vertex 10.961939766255643 -12 -0.1913417161825449
      vertex 10.961939766255643 12 -0.1913417161825449
      vertex 10.990392640201616 -12 -0.09754516100806412
    endloop
  endfacet
  facet normal 0.9951847266721978 0 -0.09801714032955172
    outer loop
      vertex 10.990392640201616 -12 -0.09754516100806412
      vertex 10.990392640201616 12 -0.09754516100806412
      vertex 11 -12 0
    endloop
  endfacet
  facet normal 0.9951847266721978 0 0.09801714032955172
    outer loop
      vertex 11 -12 0
      vertex 11 12 0
      vertex 10.990392640201616 -12 0.09754516100806412
    endloop
  endfacet
  facet normal 0.09801714032956084 0 0.9951847266721968
    outer loop
      vertex 10.5 -12 0.5
      vertex 10.597545161008064 -12 0.4903926402016152
      vertex 10.597545161008064 12 0.4903926402016152
    endloop
  endfacet
  facet normal 0.29028467725445967 0 0.9569403357322098
    outer loop
      vertex 10.597545161008064 -12 0.4903926402016152
      vertex 10.691341716182546 -12 0.46193976625564337
      vertex 10.691341716182546 12 0.46193976625564337
    endloop
  endfacet
  facet normal 0.47139673682600297 0 0.8819212643483522
    outer loop
      vertex 10.691341716182546 -12 0.46193976625564337
      vertex 10.7777851165098 -12 0.4157348061512726
      vertex 10.7777851165098 12 0.4157348061512726
    endloop
  endfacet
  facet normal 0.6343932841636465 0 0.7730104533627361
    outer loop
      vertex 10.7777851165098 -12 0.4157348061512726
      vertex 10.853553390593273 -12 0.3535533905932738
      vertex 10.853553390593273 12 0.3535533905932738
    endloop
  endfacet
  facet normal 0.7730104533627346 0 0.6343932841636485
    outer loop
      vertex 10.853553390593273 -12 0.3535533905932738
      vertex 10.915734806151272 -12 0.2777851165098011
      vertex 10.915734806151272 12 0.2777851165098011
    endloop
  endfacet
  facet normal 0.8819212643483556 0 0.4713967368259963
    outer loop
      vertex 10.915734806151272 -12 0.2777851165098011
      vertex 10.961939766255643 -12 0.1913417161825449
      vertex 10.961939766255643 12 0.1913417161825449
    endloop
  endfacet
  facet normal 0.9569403357322054 0 0.2902846772544737
    outer loop
      vertex 10.990392640201616 -12 0.09754516100806412
      vertex 10.990392640201616 12 0.09754516100806412
      vertex 10.961939766255643 -12 0.1913417161825449
    endloop
  endfacet
  facet normal -0.9569403357322054 0 -0.2902846772544737
    outer loop
      vertex 10.038060233744357 -12 -0.1913417161825449
      vertex 10.009607359798384 12 -0.09754516100806412
      vertex 10.038060233744357 12 -0.1913417161825449
    endloop
  endfacet
  facet normal -0.9951847266721978 0 -0.09801714032955172
    outer loop
      vertex 10.009607359798384 -12 -0.09754516100806412
      vertex 10 12 0
      vertex 10.009607359798384 12 -0.09754516100806412
    endloop
  endfacet
  facet normal -0.9951847266721978 0 0.09801714032955172
    outer loop
      vertex 10 -12 0
      vertex 10.009607359798384 12 0.09754516100806412
      vertex 10 12 0
    endloop
  endfacet
  facet normal -0.8819212643483556 0 -0.4713967368259963
    outer loop
      vertex 10.084265193848728 -12 -0.2777851165098011
      vertex 10.038060233744357 12 -0.1913417161825449
      vertex 10.084265193848728 12 -0.2777851165098011
    endloop
  endfacet
  facet normal -0.7730104533627346 0 -0.6343932841636485
    outer loop
      vertex 10.146446609406727 -12 -0.3535533905932738
      vertex 10.084265193848728 12 -0.2777851165098011
      vertex 10.146446609406727 12 -0.3535533905932738
    endloop
  endfacet
  facet normal -0.6343932841636465 0 -0.7730104533627361
    outer loop
      vertex 10.2222148834902 -12 -0.4157348061512726
      vertex 10.146446609406727 12 -0.3535533905932738
      vertex 10.2222148834902 12 -0.4157348061512726
    endloop
  endfacet
  facet normal -0.47139673682600297 0 -0.8819212643483522
    outer loop
      vertex 10.308658283817454 -12 -0.46193976625564337
      vertex 10.2222148834902 12 -0.4157348061512726
      vertex 10.308658283817454 12 -0.46193976625564337
    endloop
  endfacet
  facet normal -0.29028467725445967 0 -0.9569403357322098
    outer loop
      vertex 10.402454838991936 -12 -0.4903926402016152
      vertex 10.308658283817454 12 -0.46193976625564337
      vertex 10.402454838991936 12 -0.4903926402016152
    endloop
  endfacet
  facet normal -0.09801714032956084 0 -0.9951847266721968
    outer loop
      vertex 10.5 -12 -0.5
      vertex 10.402454838991936 12 -0.4903926402016152
      vertex 10.5 12 -0.5
    endloop
  endfacet
  facet normal -0.9569403357322054 0 0.2902846772544737
    outer loop
      vertex 10.009607359798384 -12 0.09754516100806412
      vertex 10.038060233744357 12 0.1913417161825449
      vertex 10.009607359798384 12 0.09754516100806412
    endloop
  endfacet
  facet normal -0.8819212643483556 0 0.4713967368259963
    outer loop
      vertex 10.038060233744357 -12 0.1913417161825449
      vertex 10.084265193848728 12 0.2777851165098011
      vertex 10.038060233744357 12 0.1913417161825449
    endloop
  endfacet
  facet normal -0.7730104533627346 0 0.6343932841636485
    outer loop
      vertex 10.084265193848728 -12 0.2777851165098011
      vertex 10.146446609406727 12 0.3535533905932738
      vertex 10.084265193848728 12 0.2777851165098011
    endloop
  endfacet
  facet normal -0.6343932841636465 0 0.7730104533627361
    outer loop
      vertex 10.146446609406727 -12 0.3535533905932738
      vertex 10.2222148834902 12 0.4157348061512726
      vertex 10.146446609406727 12 0.3535533905932738
    endloop
  endfacet
  facet normal -0.47139673682600297 0 0.8819212643483522
    outer loop
      vertex 10.2222148834902 -12 0.4157348061512726
      vertex 10.308658283817454 12 0.46193976625564337
      vertex 10.2222148834902 12 0.4157348061512726
    endloop
  endfacet
  facet normal -0.29028467725445967 0 0.9569403357322098
    outer loop
      vertex 10.308658283817454 -12 0.46193976625564337
      vertex 10.402454838991936 12 0.4903926402016152
      vertex 10.308658283817454 12 0.46193976625564337
    endloop
  endfacet
  facet normal -0.09801714032956084 0 0.9951847266721968
    outer loop
      vertex 10.402454838991936 -12 0.4903926402016152
      vertex 10.5 12 0.5
      vertex 10.402454838991936 12 0.4903926402016152
    endloop
  endfacet
  facet normal 0.09801714032956084 0 -0.9951847266721968
    outer loop
      vertex 10.597545161008064 -12 -0.4903926402016152
      vertex 10.5 12 -0.5
      vertex 10.597545161008064 12 -0.4903926402016152
    endloop
  endfacet
  facet normal 0.29028467725445967 0 -0.9569403357322098
    outer loop
      vertex 10.691341716182546 -12 -0.46193976625564337
      vertex 10.597545161008064 12 -0.4903926402016152
      vertex 10.691341716182546 12 -0.46193976625564337
    endloop
  endfacet
  facet normal 0.47139673682600297 0 -0.8819212643483522
    outer loop
      vertex 10.7777851165098 -12 -0.4157348061512726
      vertex 10.691341716182546 12 -0.46193976625564337
      vertex 10.7777851165098 12 -0.4157348061512726
    endloop
  endfacet
  facet normal 0.6343932841636465 0 -0.7730104533627361
    outer loop
      vertex 10.853553390593273 -12 -0.3535533905932738
      vertex 10.7777851165098 12 -0.4157348061512726
      vertex 10.853553390593273 12 -0.3535533905932738
    endloop
  endfacet
  facet normal 0.7730104533627346 0 -0.6343932841636485
    outer loop
      vertex 10.915734806151272 -12 -0.2777851165098011
      vertex 10.853553390593273 12 -0.3535533905932738
      vertex 10.915734806151272 12 -0.2777851165098011
    endloop
  endfacet
  facet normal 0.8819212643483556 0 -0.4713967368259963
    outer loop
      vertex 10.961939766255643 -12 -0.1913417161825449
      vertex 10.915734806151272 12 -0.2777851165098011
      vertex 10.961939766255643 12 -0.1913417161825449
    endloop
  endfacet
  facet normal 0.9569403357322054 0 -0.2902846772544737
    outer loop
      vertex 10.990392640201616 -12 -0.09754516100806412
      vertex 10.961939766255643 12 -0.1913417161825449
      vertex 10.990392640201616 12 -0.09754516100806412
    endloop
  endfacet
  facet normal 0.9951847266721978 0 -0.09801714032955172
    outer loop
      vertex 11 -12 0
      vertex 10.990392640201616 12 -0.09754516100806412
      vertex 11 12 0
    endloop
  endfacet
  facet normal 0.9951847266721978 0 0.09801714032955172
    outer loop
      vertex 10.990392640201616 -12 0.09754516100806412
      vertex 11 12 0
      vertex 10.990392640201616 12 0.09754516100806412
    endloop
  endfacet
  facet normal 0.09801714032956084 0 0.9951847266721968
    outer loop
      vertex 10.5 -12 0.5
      vertex 10.597545161008064 12 0.4903926402016152
      vertex 10.5 12 0.5
    endloop
  endfacet
  facet normal 0.29028467725445967 0 0.9569403357322098
    outer loop
      vertex 10.597545161008064 -12 0.4903926402016152
      vertex 10.691341716182546 12 0.46193976625564337
      vertex 10.597545161008064 12 0.4903926402016152
    endloop
  endfacet
  facet normal 0.47139673682600297 0 0.8819212643483522
    outer loop
      vertex 10.691341716182546 -12 0.46193976625564337
      vertex 10.7777851165098 12 0.4157348061512726
      vertex 10.691341716182546 12 0.46193976625564337
    endloop
  endfacet
  facet normal 0.6343932841636465 0 0.7730104533627361
    outer loop
      vertex 10.7777851165098 -12 0.4157348061512726
      vertex 10.853553390593273 12 0.3535533905932738
      vertex 10.7777851165098 12 0.4157348061512726
    endloop
  endfacet
  facet normal 0.7730104533627346 0 0.6343932841636485
    outer loop
      vertex 10.853553390593273 -12 0.3535533905932738
      vertex 10.915734806151272 12 0.2777851165098011
      vertex 10.853553390593273 12 0.3535533905932738
    endloop
  endfacet
  facet normal 0.8819212643483556 0 0.4713967368259963
    outer loop
      vertex 10.915734806151272 -12 0.2777851165098011
      vertex 10.961939766255643 12 0.1913417161825449
      vertex 10.915734806151272 12 0.2777851165098011
    endloop
  endfacet
  facet normal 0.9569403357322054 0 0.2902846772544737
    outer loop
      vertex 10.961939766255643 -12 0.1913417161825449
      vertex 10.990392640201616 12 0.09754516100806412
      vertex 10.961939766255643 12 0.1913417161825449
    endloop
  endfacet
  facet normal 0 1 0
    outer loop
      vertex 10.009607359798384 12 -0.09754516100806412
      vertex 10.24009190010855 12 -0.05169893545055688
      vertex 10.038060233744357 12 -0.1913417161825449
    endloop
  endfacet
  facet normal 0 1 0
    outer loop
      vertex 10.009607359798384 12 -0.09754516100806412
      vertex 10 12 0
      vertex 10.234999999403954 12 0
    endloop
  endfacet
  facet normal 0 1 0
    outer loop
      vertex 10 12 0
      vertex 10.009607359798384 12 0.09754516100806412
      vertex 10.24009190010855 12 0.05169893545055688
    endloop
  endfacet
  facet normal 0 1 0
    outer loop
      vertex 10.146446609406727 12 -0.3535533905932738
      vertex 10.312616702564096 12 -0.1873832974359036
      vertex 10.2222148834902 12 -0.4157348061512726
    endloop
  endfacet
  facet normal 0 1 0
    outer loop
      vertex 10.2222148834902 12 -0.4157348061512726
      vertex 10.35277388791866 12 -0.220339447755769
      vertex 10.308658283817454 12 -0.46193976625564337
    endloop
  endfacet
  facet normal 0 1 0
    outer loop
      vertex 10.038060233744357 12 -0.1913417161825449
      vertex 10.255171923333833 12 -0.1014111098048459
      vertex 10.084265193848728 12 -0.2777851165098011
    endloop
  endfacet
  facet normal 0 1 0
    outer loop
      vertex 10.084265193848728 12 -0.2777851165098011
      vertex 10.27966055224423 12 -0.14722611208134023
      vertex 10.146446609406727 12 -0.3535533905932738
    endloop
  endfacet
  facet normal 0 1 0
    outer loop
      vertex 10.038060233744357 12 -0.1913417161825449
      vertex 10.24009190010855 12 -0.05169893545055688
      vertex 10.255171923333833 12 -0.1014111098048459
    endloop
  endfacet
  facet normal 0 1 0
    outer loop
      vertex 10.084265193848728 12 -0.2777851165098011
      vertex 10.255171923333833 12 -0.1014111098048459
      vertex 10.27966055224423 12 -0.14722611208134023
    endloop
  endfacet
  facet normal 0 1 0
    outer loop
      vertex 10.009607359798384 12 -0.09754516100806412
      vertex 10.234999999403954 12 0
      vertex 10.24009190010855 12 -0.05169893545055688
    endloop
  endfacet
  facet normal 0 1 0
    outer loop
      vertex 10 12 0
      vertex 10.24009190010855 12 0.05169893545055688
      vertex 10.234999999403954 12 0
    endloop
  endfacet
  facet normal 0 1 0
    outer loop
      vertex 10.009607359798384 12 0.09754516100806412
      vertex 10.255171923333833 12 0.1014111098048459
      vertex 10.24009190010855 12 0.05169893545055688
    endloop
  endfacet
  facet normal 0 1 0
    outer loop
      vertex 10.146446609406727 12 -0.3535533905932738
      vertex 10.27966055224423 12 -0.14722611208134023
      vertex 10.312616702564096 12 -0.1873832974359036
    endloop
  endfacet
  facet normal 0 1 0
    outer loop
      vertex 10.2222148834902 12 -0.4157348061512726
      vertex 10.312616702564096 12 -0.1873832974359036
      vertex 10.35277388791866 12 -0.220339447755769
    endloop
  endfacet
  facet normal 0 1 0
    outer loop
      vertex 10.308658283817454 12 -0.46193976625564337
      vertex 10.35277388791866 12 -0.220339447755769
      vertex 10.398588890195153 12 -0.2448280766661661
    endloop
  endfacet
  facet normal 0 1 0
    outer loop
      vertex 10.308658283817454 12 -0.46193976625564337
      vertex 10.398588890195153 12 -0.2448280766661661
      vertex 10.402454838991936 12 -0.4903926402016152
    endloop
  endfacet
  facet normal 0 1 0
    outer loop
      vertex 10.402454838991936 12 -0.4903926402016152
      vertex 10.448301064549444 12 -0.25990809989144964
      vertex 10.5 12 -0.5
    endloop
  endfacet
  facet normal 0 1 0
    outer loop
      vertex 10.402454838991936 12 -0.4903926402016152
      vertex 10.398588890195153 12 -0.2448280766661661
      vertex 10.448301064549444 12 -0.25990809989144964
    endloop
  endfacet
  facet normal 0 1 0
    outer loop
      vertex 10.448301064549444 12 -0.25990809989144964
      vertex 10.5 12 -0.26500000059604645
      vertex 10.5 12 -0.5
    endloop
  endfacet
  facet normal 0 1 0
    outer loop
      vertex 10.009607359798384 12 0.09754516100806412
      vertex 10.038060233744357 12 0.1913417161825449
      vertex 10.255171923333833 12 0.1014111098048459
    endloop
  endfacet
  facet normal 0 1 0
    outer loop
      vertex 10.038060233744357 12 0.1913417161825449
      vertex 10.084265193848728 12 0.2777851165098011
      vertex 10.27966055224423 12 0.14722611208134023
    endloop
  endfacet
  facet normal 0 1 0
    outer loop
      vertex 10.255171923333833 12 0.1014111098048459
      vertex 10.038060233744357 12 0.1913417161825449
      vertex 10.27966055224423 12 0.14722611208134023
    endloop
  endfacet
  facet normal 0 1 0
    outer loop
      vertex 10.084265193848728 12 0.2777851165098011
      vertex 10.146446609406727 12 0.3535533905932738
      vertex 10.312616702564096 12 0.1873832974359036
    endloop
  endfacet
  facet normal 0 1 0
    outer loop
      vertex 10.084265193848728 12 0.2777851165098011
      vertex 10.312616702564096 12 0.1873832974359036
      vertex 10.27966055224423 12 0.14722611208134023
    endloop
  endfacet
  facet normal 0 1 0
    outer loop
      vertex 10.146446609406727 12 0.3535533905932738
      vertex 10.35277388791866 12 0.220339447755769
      vertex 10.312616702564096 12 0.1873832974359036
    endloop
  endfacet
  facet normal 0 1 0
    outer loop
      vertex 10.146446609406727 12 0.3535533905932738
      vertex 10.2222148834902 12 0.4157348061512726
      vertex 10.35277388791866 12 0.220339447755769
    endloop
  endfacet
  facet normal 0 1 0
    outer loop
      vertex 10.2222148834902 12 0.4157348061512726
      vertex 10.308658283817454 12 0.46193976625564337
      vertex 10.398588890195153 12 0.2448280766661661
    endloop
  endfacet
  facet normal 0 1 0
    outer loop
      vertex 10.2222148834902 12 0.4157348061512726
      vertex 10.398588890195153 12 0.2448280766661661
      vertex 10.35277388791866 12 0.220339447755769
    endloop
  endfacet
  facet normal 0 1 0
    outer loop
      vertex 10.308658283817454 12 0.46193976625564337
      vertex 10.448301064549444 12 0.25990809989144964
      vertex 10.398588890195153 12 0.2448280766661661
    endloop
  endfacet
  facet normal 0 1 0
    outer loop
      vertex 10.308658283817454 12 0.46193976625564337
      vertex 10.402454838991936 12 0.4903926402016152
      vertex 10.448301064549444 12 0.25990809989144964
    endloop
  endfacet
  facet normal 0 1 0
    outer loop
      vertex 10.402454838991936 12 0.4903926402016152
      vertex 10.5 12 0.26500000059604645
      vertex 10.448301064549444 12 0.25990809989144964
    endloop
  endfacet
  facet normal 0 1 0
    outer loop
      vertex 10.402454838991936 12 0.4903926402016152
      vertex 10.5 12 0.5
      vertex 10.5 12 0.26500000059604645
    endloop
  endfacet
  facet normal 0 1 0
    outer loop
      vertex 10.5 12 -0.5
      vertex 10.5 12 -0.26500000059604645
      vertex 10.597545161008064 12 -0.4903926402016152
    endloop
  endfacet
  facet normal 0 1 0
    outer loop
      vertex 10.597545161008064 12 -0.4903926402016152
      vertex 10.5 12 -0.26500000059604645
      vertex 10.551698935450556 12 -0.25990809989144964
    endloop
  endfacet
  facet normal 0 1 0
    outer loop
      vertex 10.597545161008064 12 -0.4903926402016152
      vertex 10.551698935450556 12 -0.25990809989144964
      vertex 10.691341716182546 12 -0.46193976625564337
    endloop
  endfacet
  facet normal 0 1 0
    outer loop
      vertex 10.551698935450556 12 -0.25990809989144964
      vertex 10.601411109804847 12 -0.2448280766661661
      vertex 10.691341716182546 12 -0.46193976625564337
    endloop
  endfacet
  facet normal 0 1 0
    outer loop
      vertex 10.601411109804847 12 -0.2448280766661661
      vertex 10.64722611208134 12 -0.220339447755769
      vertex 10.7777851165098 12 -0.4157348061512726
    endloop
  endfacet
  facet normal 0 1 0
    outer loop
      vertex 10.601411109804847 12 -0.2448280766661661
      vertex 10.7777851165098 12 -0.4157348061512726
      vertex 10.691341716182546 12 -0.46193976625564337
    endloop
  endfacet
  facet normal 0 1 0
    outer loop
      vertex 10.64722611208134 12 -0.220339447755769
      vertex 10.853553390593273 12 -0.3535533905932738
      vertex 10.7777851165098 12 -0.4157348061512726
    endloop
  endfacet
  facet normal 0 1 0
    outer loop
      vertex 10.64722611208134 12 -0.220339447755769
      vertex 10.687383297435904 12 -0.1873832974359036
      vertex 10.853553390593273 12 -0.3535533905932738
    endloop
  endfacet
  facet normal 0 1 0
    outer loop
      vertex 10.687383297435904 12 -0.1873832974359036
      vertex 10.72033944775577 12 -0.14722611208134023
      vertex 10.915734806151272 12 -0.2777851165098011
    endloop
  endfacet
  facet normal 0 1 0
    outer loop
      vertex 10.687383297435904 12 -0.1873832974359036
      vertex 10.915734806151272 12 -0.2777851165098011
      vertex 10.853553390593273 12 -0.3535533905932738
    endloop
  endfacet
  facet normal 0 1 0
    outer loop
      vertex 10.72033944775577 12 -0.14722611208134023
      vertex 10.744828076666167 12 -0.1014111098048459
      vertex 10.961939766255643 12 -0.1913417161825449
    endloop
  endfacet
  facet normal 0 1 0
    outer loop
      vertex 10.72033944775577 12 -0.14722611208134023
      vertex 10.961939766255643 12 -0.1913417161825449
      vertex 10.915734806151272 12 -0.2777851165098011
    endloop
  endfacet
  facet normal 0 1 0
    outer loop
      vertex 10.744828076666167 12 -0.1014111098048459
      vertex 10.75990809989145 12 -0.05169893545055688
      vertex 10.990392640201616 12 -0.09754516100806412
    endloop
  endfacet
  facet normal 0 1 0
    outer loop
      vertex 10.744828076666167 12 0.1014111098048459
      vertex 10.961939766255643 12 0.1913417161825449
      vertex 10.75990809989145 12 0.05169893545055688
    endloop
  endfacet
  facet normal 0 1 0
    outer loop
      vertex 10.75990809989145 12 -0.05169893545055688
      vertex 10.765000000596046 12 0
      vertex 11 12 0
    endloop
  endfacet
  facet normal 0 1 0
    outer loop
      vertex 10.765000000596046 12 0
      vertex 10.75990809989145 12 0.05169893545055688
      vertex 10.990392640201616 12 0.09754516100806412
    endloop
  endfacet
  facet normal 0 1 0
    outer loop
      vertex 10.744828076666167 12 -0.1014111098048459
      vertex 10.990392640201616 12 -0.09754516100806412
      vertex 10.961939766255643 12 -0.1913417161825449
    endloop
  endfacet
  facet normal 0 1 0
    outer loop
      vertex 10.75990809989145 12 -0.05169893545055688
      vertex 11 12 0
      vertex 10.990392640201616 12 -0.09754516100806412
    endloop
  endfacet
  facet normal 0 1 0
    outer loop
      vertex 10.765000000596046 12 0
      vertex 10.990392640201616 12 0.09754516100806412
      vertex 11 12 0
    endloop
  endfacet
  facet normal 0 1 0
    outer loop
      vertex 10.75990809989145 12 0.05169893545055688
      vertex 10.961939766255643 12 0.1913417161825449
      vertex 10.990392640201616 12 0.09754516100806412
    endloop
  endfacet
  facet normal 0 1 0
    outer loop
      vertex 10.5 12 0.26500000059604645
      vertex 10.5 12 0.5
      vertex 10.551698935450556 12 0.25990809989144964
    endloop
  endfacet
  facet normal 0 1 0
    outer loop
      vertex 10.551698935450556 12 0.25990809989144964
      vertex 10.5 12 0.5
      vertex 10.597545161008064 12 0.4903926402016152
    endloop
  endfacet
  facet normal 0 1 0
    outer loop
      vertex 10.551698935450556 12 0.25990809989144964
      vertex 10.597545161008064 12 0.4903926402016152
      vertex 10.601411109804847 12 0.2448280766661661
    endloop
  endfacet
  facet normal 0 1 0
    outer loop
      vertex 10.601411109804847 12 0.2448280766661661
      vertex 10.691341716182546 12 0.46193976625564337
      vertex 10.64722611208134 12 0.220339447755769
    endloop
  endfacet
  facet normal 0 1 0
    outer loop
      vertex 10.601411109804847 12 0.2448280766661661
      vertex 10.597545161008064 12 0.4903926402016152
      vertex 10.691341716182546 12 0.46193976625564337
    endloop
  endfacet
  facet normal 0 1 0
    outer loop
      vertex 10.64722611208134 12 0.220339447755769
      vertex 10.7777851165098 12 0.4157348061512726
      vertex 10.687383297435904 12 0.1873832974359036
    endloop
  endfacet
  facet normal 0 1 0
    outer loop
      vertex 10.687383297435904 12 0.1873832974359036
      vertex 10.853553390593273 12 0.3535533905932738
      vertex 10.72033944775577 12 0.14722611208134023
    endloop
  endfacet
  facet normal 0 1 0
    outer loop
      vertex 10.687383297435904 12 0.1873832974359036
      vertex 10.7777851165098 12 0.4157348061512726
      vertex 10.853553390593273 12 0.3535533905932738
    endloop
  endfacet
  facet normal 0 1 0
    outer loop
      vertex 10.64722611208134 12 0.220339447755769
      vertex 10.691341716182546 12 0.46193976625564337
      vertex 10.7777851165098 12 0.4157348061512726
    endloop
  endfacet
  facet normal 0 1 0
    outer loop
      vertex 10.744828076666167 12 0.1014111098048459
      vertex 10.72033944775577 12 0.14722611208134023
      vertex 10.915734806151272 12 0.2777851165098011
    endloop
  endfacet
  facet normal 0 1 0
    outer loop
      vertex 10.744828076666167 12 0.1014111098048459
      vertex 10.915734806151272 12 0.2777851165098011
      vertex 10.961939766255643 12 0.1913417161825449
    endloop
  endfacet
  facet normal 0 1 0
    outer loop
      vertex 10.72033944775577 12 0.14722611208134023
      vertex 10.853553390593273 12 0.3535533905932738
      vertex 10.915734806151272 12 0.2777851165098011
    endloop
  endfacet
  facet normal 0 -1 0
    outer loop
      vertex -10.990392640201616 -12 -0.09754516100806412
      vertex -10.961939766255643 -12 -0.1913417161825449
      vertex -10.744828076666167 -12 -0.1014111098048459
    endloop
  endfacet
  facet normal 0 -1 0
    outer loop
      vertex -10.990392640201616 -12 -0.09754516100806412
      vertex -10.75990809989145 -12 -0.05169893545055688
      vertex -11 -12 0
    endloop
  endfacet
  facet normal 0 -1 0
    outer loop
      vertex -11 -12 0
      vertex -10.765000000596046 -12 0
      vertex -10.990392640201616 -12 0.09754516100806412
    endloop
  endfacet
  facet normal 0 -1 0
    outer loop
      vertex -10.990392640201616 -12 0.09754516100806412
      vertex -10.75990809989145 -12 0.05169893545055688
      vertex -10.961939766255643 -12 0.1913417161825449
    endloop
  endfacet
  facet normal 0 -1 0
    outer loop
      vertex -10.853553390593273 -12 -0.3535533905932738
      vertex -10.7777851165098 -12 -0.4157348061512726
      vertex -10.64722611208134 -12 -0.220339447755769
    endloop
  endfacet
  facet normal 0 -1 0
    outer loop
      vertex -10.7777851165098 -12 -0.4157348061512726
      vertex -10.691341716182546 -12 -0.46193976625564337
      vertex -10.601411109804847 -12 -0.2448280766661661
    endloop
  endfacet
  facet normal 0 -1 0
    outer loop
      vertex -10.961939766255643 -12 -0.1913417161825449
      vertex -10.915734806151272 -12 -0.2777851165098011
      vertex -10.72033944775577 -12 -0.14722611208134023
    endloop
  endfacet
  facet normal 0 -1 0
    outer loop
      vertex -10.990392640201616 -12 -0.09754516100806412
      vertex -10.744828076666167 -12 -0.1014111098048459
      vertex -10.75990809989145 -12 -0.05169893545055688
    endloop
  endfacet
  facet normal 0 -1 0
    outer loop
      vertex -10.915734806151272 -12 -0.2777851165098011
      vertex -10.853553390593273 -12 -0.3535533905932738
      vertex -10.687383297435904 -12 -0.1873832974359036
    endloop
  endfacet
  facet normal 0 -1 0
    outer loop
      vertex -10.961939766255643 -12 -0.1913417161825449
      vertex -10.72033944775577 -12 -0.14722611208134023
      vertex -10.744828076666167 -12 -0.1014111098048459
    endloop
  endfacet
  facet normal 0 -1 0
    outer loop
      vertex -11 -12 0
      vertex -10.75990809989145 -12 -0.05169893545055688
      vertex -10.765000000596046 -12 0
    endloop
  endfacet
  facet normal 0 -1 0
    outer loop
      vertex -10.990392640201616 -12 0.09754516100806412
      vertex -10.765000000596046 -12 0
      vertex -10.75990809989145 -12 0.05169893545055688
    endloop
  endfacet
  facet normal 0 -1 0
    outer loop
      vertex -10.75990809989145 -12 0.05169893545055688
      vertex -10.744828076666167 -12 0.1014111098048459
      vertex -10.961939766255643 -12 0.1913417161825449
    endloop
  endfacet
  facet normal 0 -1 0
    outer loop
      vertex -10.915734806151272 -12 -0.2777851165098011
      vertex -10.687383297435904 -12 -0.1873832974359036
      vertex -10.72033944775577 -12 -0.14722611208134023
    endloop
  endfacet
  facet normal 0 -1 0
    outer loop
      vertex -10.853553390593273 -12 -0.3535533905932738
      vertex -10.64722611208134 -12 -0.220339447755769
      vertex -10.687383297435904 -12 -0.1873832974359036
    endloop
  endfacet
  facet normal 0 -1 0
    outer loop
      vertex -10.7777851165098 -12 -0.4157348061512726
      vertex -10.601411109804847 -12 -0.2448280766661661
      vertex -10.64722611208134 -12 -0.220339447755769
    endloop
  endfacet
  facet normal 0 -1 0
    outer loop
      vertex -10.691341716182546 -12 -0.46193976625564337
      vertex -10.597545161008064 -12 -0.4903926402016152
      vertex -10.551698935450556 -12 -0.25990809989144964
    endloop
  endfacet
  facet normal 0 -1 0
    outer loop
      vertex -10.691341716182546 -12 -0.46193976625564337
      vertex -10.551698935450556 -12 -0.25990809989144964
      vertex -10.601411109804847 -12 -0.2448280766661661
    endloop
  endfacet
  facet normal 0 -1 0
    outer loop
      vertex -10.597545161008064 -12 -0.4903926402016152
      vertex -10.5 -12 -0.26500000059604645
      vertex -10.551698935450556 -12 -0.25990809989144964
    endloop
  endfacet
  facet normal 0 -1 0
    outer loop
      vertex -10.597545161008064 -12 -0.4903926402016152
      vertex -10.5 -12 -0.5
      vertex -10.5 -12 -0.26500000059604645
    endloop
  endfacet
  facet normal 0 -1 0
    outer loop
      vertex -10.744828076666167 -12 0.1014111098048459
      vertex -10.915734806151272 -12 0.2777851165098011
      vertex -10.961939766255643 -12 0.1913417161825449
    endloop
  endfacet
  facet normal 0 -1 0
    outer loop
      vertex -10.915734806151272 -12 0.2777851165098011
      vertex -10.72033944775577 -12 0.14722611208134023
      vertex -10.853553390593273 -12 0.3535533905932738
    endloop
  endfacet
  facet normal 0 -1 0
    outer loop
      vertex -10.744828076666167 -12 0.1014111098048459
      vertex -10.72033944775577 -12 0.14722611208134023
      vertex -10.915734806151272 -12 0.2777851165098011
    endloop
  endfacet
  facet normal 0 -1 0
    outer loop
      vertex -10.853553390593273 -12 0.3535533905932738
      vertex -10.687383297435904 -12 0.1873832974359036
      vertex -10.7777851165098 -12 0.4157348061512726
    endloop
  endfacet
  facet normal 0 -1 0
    outer loop
      vertex -10.853553390593273 -12 0.3535533905932738
      vertex -10.72033944775577 -12 0.14722611208134023
      vertex -10.687383297435904 -12 0.1873832974359036
    endloop
  endfacet
  facet normal 0 -1 0
    outer loop
      vertex -10.7777851165098 -12 0.4157348061512726
      vertex -10.687383297435904 -12 0.1873832974359036
      vertex -10.64722611208134 -12 0.220339447755769
    endloop
  endfacet
  facet normal 0 -1 0
    outer loop
      vertex -10.7777851165098 -12 0.4157348061512726
      vertex -10.64722611208134 -12 0.220339447755769
      vertex -10.691341716182546 -12 0.46193976625564337
    endloop
  endfacet
  facet normal 0 -1 0
    outer loop
      vertex -10.691341716182546 -12 0.46193976625564337
      vertex -10.64722611208134 -12 0.220339447755769
      vertex -10.601411109804847 -12 0.2448280766661661
    endloop
  endfacet
  facet normal 0 -1 0
    outer loop
      vertex -10.691341716182546 -12 0.46193976625564337
      vertex -10.601411109804847 -12 0.2448280766661661
      vertex -10.597545161008064 -12 0.4903926402016152
    endloop
  endfacet
  facet normal 0 -1 0
    outer loop
      vertex -10.601411109804847 -12 0.2448280766661661
      vertex -10.551698935450556 -12 0.25990809989144964
      vertex -10.597545161008064 -12 0.4903926402016152
    endloop
  endfacet
  facet normal 0 -1 0
    outer loop
      vertex -10.597545161008064 -12 0.4903926402016152
      vertex -10.551698935450556 -12 0.25990809989144964
      vertex -10.5 -12 0.5
    endloop
  endfacet
  facet normal 0 -1 0
    outer loop
      vertex -10.551698935450556 -12 0.25990809989144964
      vertex -10.5 -12 0.26500000059604645
      vertex -10.5 -12 0.5
    endloop
  endfacet
  facet normal 0 -1 0
    outer loop
      vertex -10.5 -12 -0.5
      vertex -10.448301064549444 -12 -0.25990809989144964
      vertex -10.5 -12 -0.26500000059604645
    endloop
  endfacet
  facet normal 0 -1 0
    outer loop
      vertex -10.5 -12 -0.5
      vertex -10.402454838991936 -12 -0.4903926402016152
      vertex -10.448301064549444 -12 -0.25990809989144964
    endloop
  endfacet
  facet normal 0 -1 0
    outer loop
      vertex -10.402454838991936 -12 -0.4903926402016152
      vertex -10.398588890195153 -12 -0.2448280766661661
      vertex -10.448301064549444 -12 -0.25990809989144964
    endloop
  endfacet
  facet normal 0 -1 0
    outer loop
      vertex -10.402454838991936 -12 -0.4903926402016152
      vertex -10.308658283817454 -12 -0.46193976625564337
      vertex -10.398588890195153 -12 -0.2448280766661661
    endloop
  endfacet
  facet normal 0 -1 0
    outer loop
      vertex -10.398588890195153 -12 -0.2448280766661661
      vertex -10.308658283817454 -12 -0.46193976625564337
      vertex -10.35277388791866 -12 -0.220339447755769
    endloop
  endfacet
  facet normal 0 -1 0
    outer loop
      vertex -10.35277388791866 -12 -0.220339447755769
      vertex -10.308658283817454 -12 -0.46193976625564337
      vertex -10.2222148834902 -12 -0.4157348061512726
    endloop
  endfacet
  facet normal 0 -1 0
    outer loop
      vertex -10.312616702564096 -12 -0.1873832974359036
      vertex -10.2222148834902 -12 -0.4157348061512726
      vertex -10.146446609406727 -12 -0.3535533905932738
    endloop
  endfacet
  facet normal 0 -1 0
    outer loop
      vertex -10.35277388791866 -12 -0.220339447755769
      vertex -10.2222148834902 -12 -0.4157348061512726
      vertex -10.312616702564096 -12 -0.1873832974359036
    endloop
  endfacet
  facet normal 0 -1 0
    outer loop
      vertex -10.312616702564096 -12 -0.1873832974359036
      vertex -10.146446609406727 -12 -0.3535533905932738
      vertex -10.27966055224423 -12 -0.14722611208134023
    endloop
  endfacet
  facet normal 0 -1 0
    outer loop
      vertex -10.27966055224423 -12 -0.14722611208134023
      vertex -10.084265193848728 -12 -0.2777851165098011
      vertex -10.255171923333833 -12 -0.1014111098048459
    endloop
  endfacet
  facet normal 0 -1 0
    outer loop
      vertex -10.255171923333833 -12 -0.1014111098048459
      vertex -10.038060233744357 -12 -0.1913417161825449
      vertex -10.24009190010855 -12 -0.05169893545055688
    endloop
  endfacet
  facet normal 0 -1 0
    outer loop
      vertex -10.146446609406727 -12 -0.3535533905932738
      vertex -10.084265193848728 -12 -0.2777851165098011
      vertex -10.27966055224423 -12 -0.14722611208134023
    endloop
  endfacet
  facet normal 0 -1 0
    outer loop
      vertex -10.255171923333833 -12 -0.1014111098048459
      vertex -10.084265193848728 -12 -0.2777851165098011
      vertex -10.038060233744357 -12 -0.1913417161825449
    endloop
  endfacet
  facet normal 0 -1 0
    outer loop
      vertex -10.24009190010855 -12 -0.05169893545055688
      vertex -10.009607359798384 -12 -0.09754516100806412
      vertex -10.234999999403954 -12 0
    endloop
  endfacet
  facet normal 0 -1 0
    outer loop
      vertex -10.234999999403954 -12 0
      vertex -10 -12 0
      vertex -10.24009190010855 -12 0.05169893545055688
    endloop
  endfacet
  facet normal 0 -1 0
    outer loop
      vertex -10.255171923333833 -12 0.1014111098048459
      vertex -10.24009190010855 -12 0.05169893545055688
      vertex -10.009607359798384 -12 0.09754516100806412
    endloop
  endfacet
  facet normal 0 -1 0
    outer loop
      vertex -10.24009190010855 -12 -0.05169893545055688
      vertex -10.038060233744357 -12 -0.1913417161825449
      vertex -10.009607359798384 -12 -0.09754516100806412
    endloop
  endfacet
  facet normal 0 -1 0
    outer loop
      vertex -10.234999999403954 -12 0
      vertex -10.009607359798384 -12 -0.09754516100806412
      vertex -10 -12 0
    endloop
  endfacet
  facet normal 0 -1 0
    outer loop
      vertex -10.24009190010855 -12 0.05169893545055688
      vertex -10 -12 0
      vertex -10.009607359798384 -12 0.09754516100806412
    endloop
  endfacet
  facet normal 0 -1 0
    outer loop
      vertex -10.5 -12 0.26500000059604645
      vertex -10.402454838991936 -12 0.4903926402016152
      vertex -10.5 -12 0.5
    endloop
  endfacet
  facet normal 0 -1 0
    outer loop
      vertex -10.5 -12 0.26500000059604645
      vertex -10.448301064549444 -12 0.25990809989144964
      vertex -10.402454838991936 -12 0.4903926402016152
    endloop
  endfacet
  facet normal 0 -1 0
    outer loop
      vertex -10.448301064549444 -12 0.25990809989144964
      vertex -10.398588890195153 -12 0.2448280766661661
      vertex -10.308658283817454 -12 0.46193976625564337
    endloop
  endfacet
  facet normal 0 -1 0
    outer loop
      vertex -10.398588890195153 -12 0.2448280766661661
      vertex -10.35277388791866 -12 0.220339447755769
      vertex -10.2222148834902 -12 0.4157348061512726
    endloop
  endfacet
  facet normal 0 -1 0
    outer loop
      vertex -10.448301064549444 -12 0.25990809989144964
      vertex -10.308658283817454 -12 0.46193976625564337
      vertex -10.402454838991936 -12 0.4903926402016152
    endloop
  endfacet
  facet normal 0 -1 0
    outer loop
      vertex -10.35277388791866 -12 0.220339447755769
      vertex -10.312616702564096 -12 0.1873832974359036
      vertex -10.146446609406727 -12 0.3535533905932738
    endloop
  endfacet
  facet normal 0 -1 0
    outer loop
      vertex -10.312616702564096 -12 0.1873832974359036
      vertex -10.27966055224423 -12 0.14722611208134023
      vertex -10.084265193848728 -12 0.2777851165098011
    endloop
  endfacet
  facet normal 0 -1 0
    outer loop
      vertex -10.398588890195153 -12 0.2448280766661661
      vertex -10.2222148834902 -12 0.4157348061512726
      vertex -10.308658283817454 -12 0.46193976625564337
    endloop
  endfacet
  facet normal 0 -1 0
    outer loop
      vertex -10.35277388791866 -12 0.220339447755769
      vertex -10.146446609406727 -12 0.3535533905932738
      vertex -10.2222148834902 -12 0.4157348061512726
    endloop
  endfacet
  facet normal 0 -1 0
    outer loop
      vertex -10.255171923333833 -12 0.1014111098048459
      vertex -10.038060233744357 -12 0.1913417161825449
      vertex -10.27966055224423 -12 0.14722611208134023
    endloop
  endfacet
  facet normal 0 -1 0
    outer loop
      vertex -10.312616702564096 -12 0.1873832974359036
      vertex -10.084265193848728 -12 0.2777851165098011
      vertex -10.146446609406727 -12 0.3535533905932738
    endloop
  endfacet
  facet normal 0 -1 0
    outer loop
      vertex -10.27966055224423 -12 0.14722611208134023
      vertex -10.038060233744357 -12 0.1913417161825449
      vertex -10.084265193848728 -12 0.2777851165098011
    endloop
  endfacet
  facet normal 0 -1 0
    outer loop
      vertex -10.255171923333833 -12 0.1014111098048459
      vertex -10.009607359798384 -12 0.09754516100806412
      vertex -10.038060233744357 -12 0.1913417161825449
    endloop
  endfacet
  facet normal -0.7730104533627346 0 -0.6343932841636485
    outer loop
      vertex -10.915734806151272 -12 -0.2777851165098011
      vertex -10.915734806151272 12 -0.2777851165098011
      vertex -10.853553390593273 -12 -0.3535533905932738
    endloop
  endfacet
  facet normal -0.9569403357322054 0 -0.2902846772544737
    outer loop
      vertex -10.990392640201616 -12 -0.09754516100806412
      vertex -10.990392640201616 12 -0.09754516100806412
      vertex -10.961939766255643 -12 -0.1913417161825449
    endloop
  endfacet
  facet normal -0.9951847266721978 0 -0.09801714032955172
    outer loop
      vertex -10.990392640201616 -12 -0.09754516100806412
      vertex -11 -12 0
      vertex -11 12 0
    endloop
  endfacet
  facet normal -0.9951847266721978 0 0.09801714032955172
    outer loop
      vertex -11 -12 0
      vertex -10.990392640201616 -12 0.09754516100806412
      vertex -10.990392640201616 12 0.09754516100806412
    endloop
  endfacet
  facet normal -0.8819212643483556 0 -0.4713967368259963
    outer loop
      vertex -10.961939766255643 -12 -0.1913417161825449
      vertex -10.961939766255643 12 -0.1913417161825449
      vertex -10.915734806151272 -12 -0.2777851165098011
    endloop
  endfacet
  facet normal -0.6343932841636465 0 -0.7730104533627361
    outer loop
      vertex -10.853553390593273 -12 -0.3535533905932738
      vertex -10.853553390593273 12 -0.3535533905932738
      vertex -10.7777851165098 -12 -0.4157348061512726
    endloop
  endfacet
  facet normal -0.47139673682600297 0 -0.8819212643483522
    outer loop
      vertex -10.7777851165098 -12 -0.4157348061512726
      vertex -10.7777851165098 12 -0.4157348061512726
      vertex -10.691341716182546 -12 -0.46193976625564337
    endloop
  endfacet
  facet normal -0.29028467725445967 0 -0.9569403357322098
    outer loop
      vertex -10.691341716182546 -12 -0.46193976625564337
      vertex -10.691341716182546 12 -0.46193976625564337
      vertex -10.597545161008064 -12 -0.4903926402016152
    endloop
  endfacet
  facet normal -0.09801714032956084 0 -0.9951847266721968
    outer loop
      vertex -10.597545161008064 -12 -0.4903926402016152
      vertex -10.597545161008064 12 -0.4903926402016152
      vertex -10.5 -12 -0.5
    endloop
  endfacet
  facet normal -0.9569403357322054 0 0.2902846772544737
    outer loop
      vertex -10.990392640201616 -12 0.09754516100806412
      vertex -10.961939766255643 -12 0.1913417161825449
      vertex -10.961939766255643 12 0.1913417161825449
    endloop
  endfacet
  facet normal -0.8819212643483556 0 0.4713967368259963
    outer loop
      vertex -10.961939766255643 -12 0.1913417161825449
      vertex -10.915734806151272 -12 0.2777851165098011
      vertex -10.915734806151272 12 0.2777851165098011
    endloop
  endfacet
  facet normal -0.7730104533627346 0 0.6343932841636485
    outer loop
      vertex -10.915734806151272 -12 0.2777851165098011
      vertex -10.853553390593273 -12 0.3535533905932738
      vertex -10.853553390593273 12 0.3535533905932738
    endloop
  endfacet
  facet normal -0.6343932841636465 0 0.7730104533627361
    outer loop
      vertex -10.853553390593273 -12 0.3535533905932738
      vertex -10.7777851165098 -12 0.4157348061512726
      vertex -10.7777851165098 12 0.4157348061512726
    endloop
  endfacet
  facet normal -0.47139673682600297 0 0.8819212643483522
    outer loop
      vertex -10.7777851165098 -12 0.4157348061512726
      vertex -10.691341716182546 -12 0.46193976625564337
      vertex -10.691341716182546 12 0.46193976625564337
    endloop
  endfacet
  facet normal -0.29028467725445967 0 0.9569403357322098
    outer loop
      vertex -10.691341716182546 -12 0.46193976625564337
      vertex -10.597545161008064 -12 0.4903926402016152
      vertex -10.597545161008064 12 0.4903926402016152
    endloop
  endfacet
  facet normal -0.09801714032956084 0 0.9951847266721968
    outer loop
      vertex -10.597545161008064 -12 0.4903926402016152
      vertex -10.5 -12 0.5
      vertex -10.5 12 0.5
    endloop
  endfacet
  facet normal 0.09801714032956084 0 -0.9951847266721968
    outer loop
      vertex -10.5 -12 -0.5
      vertex -10.5 12 -0.5
      vertex -10.402454838991936 -12 -0.4903926402016152
    endloop
  endfacet
  facet normal 0.29028467725445967 0 -0.9569403357322098
    outer loop
      vertex -10.402454838991936 -12 -0.4903926402016152
      vertex -10.402454838991936 12 -0.4903926402016152
      vertex -10.308658283817454 -12 -0.46193976625564337
    endloop
  endfacet
  facet normal 0.47139673682600297 0 -0.8819212643483522
    outer loop
      vertex -10.308658283817454 -12 -0.46193976625564337
      vertex -10.308658283817454 12 -0.46193976625564337
      vertex -10.2222148834902 -12 -0.4157348061512726
    endloop
  endfacet
  facet normal 0.6343932841636465 0 -0.7730104533627361
    outer loop
      vertex -10.2222148834902 -12 -0.4157348061512726
      vertex -10.2222148834902 12 -0.4157348061512726
      vertex -10.146446609406727 -12 -0.3535533905932738
    endloop
  endfacet
  facet normal 0.7730104533627346 0 -0.6343932841636485
    outer loop
      vertex -10.146446609406727 -12 -0.3535533905932738
      vertex -10.146446609406727 12 -0.3535533905932738
      vertex -10.084265193848728 -12 -0.2777851165098011
    endloop
  endfacet
  facet normal 0.8819212643483556 0 -0.4713967368259963
    outer loop
      vertex -10.084265193848728 -12 -0.2777851165098011
      vertex -10.084265193848728 12 -0.2777851165098011
      vertex -10.038060233744357 -12 -0.1913417161825449
    endloop
  endfacet
  facet normal 0.9569403357322054 0 -0.2902846772544737
    outer loop
      vertex -10.038060233744357 -12 -0.1913417161825449
      vertex -10.038060233744357 12 -0.1913417161825449
      vertex -10.009607359798384 -12 -0.09754516100806412
    endloop
  endfacet
  facet normal 0.9951847266721978 0 -0.09801714032955172
    outer loop
      vertex -10.009607359798384 -12 -0.09754516100806412
      vertex -10.009607359798384 12 -0.09754516100806412
      vertex -10 -12 0
    endloop
  endfacet
  facet normal 0.9951847266721978 0 0.09801714032955172
    outer loop
      vertex -10 -12 0
      vertex -10 12 0
      vertex -10.009607359798384 -12 0.09754516100806412
    endloop
  endfacet
  facet normal 0.09801714032956084 0 0.9951847266721968
    outer loop
      vertex -10.5 -12 0.5
      vertex -10.402454838991936 -12 0.4903926402016152
      vertex -10.402454838991936 12 0.4903926402016152
    endloop
  endfacet
  facet normal 0.29028467725445967 0 0.9569403357322098
    outer loop
      vertex -10.402454838991936 -12 0.4903926402016152
      vertex -10.308658283817454 -12 0.46193976625564337
      vertex -10.308658283817454 12 0.46193976625564337
    endloop
  endfacet
  facet normal 0.47139673682600297 0 0.8819212643483522
    outer loop
      vertex -10.308658283817454 -12 0.46193976625564337
      vertex -10.2222148834902 -12 0.4157348061512726
      vertex -10.2222148834902 12 0.4157348061512726
    endloop
  endfacet
  facet normal 0.6343932841636465 0 0.7730104533627361
    outer loop
      vertex -10.2222148834902 -12 0.4157348061512726
      vertex -10.146446609406727 -12 0.3535533905932738
      vertex -10.146446609406727 12 0.3535533905932738
    endloop
  endfacet
  facet normal 0.7730104533627346 0 0.6343932841636485
    outer loop
      vertex -10.146446609406727 -12 0.3535533905932738
      vertex -10.084265193848728 -12 0.2777851165098011
      vertex -10.084265193848728 12 0.2777851165098011
    endloop
  endfacet
  facet normal 0.8819212643483556 0 0.4713967368259963
    outer loop
      vertex -10.084265193848728 -12 0.2777851165098011
      vertex -10.038060233744357 -12 0.1913417161825449
      vertex -10.038060233744357 12 0.1913417161825449
    endloop
  endfacet
  facet normal 0.9569403357322054 0 0.2902846772544737
    outer loop
      vertex -10.009607359798384 -12 0.09754516100806412
      vertex -10.009607359798384 12 0.09754516100806412
      vertex -10.038060233744357 -12 0.1913417161825449
    endloop
  endfacet
  facet normal -0.9569403357322054 0 -0.2902846772544737
    outer loop
      vertex -10.961939766255643 -12 -0.1913417161825449
      vertex -10.990392640201616 12 -0.09754516100806412
      vertex -10.961939766255643 12 -0.1913417161825449
    endloop
  endfacet
  facet normal -0.9951847266721978 0 -0.09801714032955172
    outer loop
      vertex -10.990392640201616 -12 -0.09754516100806412
      vertex -11 12 0
      vertex -10.990392640201616 12 -0.09754516100806412
    endloop
  endfacet
  facet normal -0.9951847266721978 0 0.09801714032955172
    outer loop
      vertex -11 -12 0
      vertex -10.990392640201616 12 0.09754516100806412
      vertex -11 12 0
    endloop
  endfacet
  facet normal -0.8819212643483556 0 -0.4713967368259963
    outer loop
      vertex -10.915734806151272 -12 -0.2777851165098011
      vertex -10.961939766255643 12 -0.1913417161825449
      vertex -10.915734806151272 12 -0.2777851165098011
    endloop
  endfacet
  facet normal -0.7730104533627346 0 -0.6343932841636485
    outer loop
      vertex -10.853553390593273 -12 -0.3535533905932738
      vertex -10.915734806151272 12 -0.2777851165098011
      vertex -10.853553390593273 12 -0.3535533905932738
    endloop
  endfacet
  facet normal -0.6343932841636465 0 -0.7730104533627361
    outer loop
      vertex -10.7777851165098 -12 -0.4157348061512726
      vertex -10.853553390593273 12 -0.3535533905932738
      vertex -10.7777851165098 12 -0.4157348061512726
    endloop
  endfacet
  facet normal -0.47139673682600297 0 -0.8819212643483522
    outer loop
      vertex -10.691341716182546 -12 -0.46193976625564337
      vertex -10.7777851165098 12 -0.4157348061512726
      vertex -10.691341716182546 12 -0.46193976625564337
    endloop
  endfacet
  facet normal -0.29028467725445967 0 -0.9569403357322098
    outer loop
      vertex -10.597545161008064 -12 -0.4903926402016152
      vertex -10.691341716182546 12 -0.46193976625564337
      vertex -10.597545161008064 12 -0.4903926402016152
    endloop
  endfacet
  facet normal -0.09801714032956084 0 -0.9951847266721968
    outer loop
      vertex -10.5 -12 -0.5
      vertex -10.597545161008064 12 -0.4903926402016152
      vertex -10.5 12 -0.5
    endloop
  endfacet
  facet normal -0.9569403357322054 0 0.2902846772544737
    outer loop
      vertex -10.990392640201616 -12 0.09754516100806412
      vertex -10.961939766255643 12 0.1913417161825449
      vertex -10.990392640201616 12 0.09754516100806412
    endloop
  endfacet
  facet normal -0.8819212643483556 0 0.4713967368259963
    outer loop
      vertex -10.961939766255643 -12 0.1913417161825449
      vertex -10.915734806151272 12 0.2777851165098011
      vertex -10.961939766255643 12 0.1913417161825449
    endloop
  endfacet
  facet normal -0.7730104533627346 0 0.6343932841636485
    outer loop
      vertex -10.915734806151272 -12 0.2777851165098011
      vertex -10.853553390593273 12 0.3535533905932738
      vertex -10.915734806151272 12 0.2777851165098011
    endloop
  endfacet
  facet normal -0.6343932841636465 0 0.7730104533627361
    outer loop
      vertex -10.853553390593273 -12 0.3535533905932738
      vertex -10.7777851165098 12 0.4157348061512726
      vertex -10.853553390593273 12 0.3535533905932738
    endloop
  endfacet
  facet normal -0.47139673682600297 0 0.8819212643483522
    outer loop
      vertex -10.7777851165098 -12 0.4157348061512726
      vertex -10.691341716182546 12 0.46193976625564337
      vertex -10.7777851165098 12 0.4157348061512726
    endloop
  endfacet
  facet normal -0.29028467725445967 0 0.9569403357322098
    outer loop
      vertex -10.691341716182546 -12 0.46193976625564337
      vertex -10.597545161008064 12 0.4903926402016152
      vertex -10.691341716182546 12 0.46193976625564337
    endloop
  endfacet
  facet normal -0.09801714032956084 0 0.9951847266721968
    outer loop
      vertex -10.597545161008064 -12 0.4903926402016152
      vertex -10.5 12 0.5
      vertex -10.597545161008064 12 0.4903926402016152
    endloop
  endfacet
  facet normal 0.09801714032956084 0 -0.9951847266721968
    outer loop
      vertex -10.402454838991936 -12 -0.4903926402016152
      vertex -10.5 12 -0.5
      vertex -10.402454838991936 12 -0.4903926402016152
    endloop
  endfacet
  facet normal 0.29028467725445967 0 -0.9569403357322098
    outer loop
      vertex -10.308658283817454 -12 -0.46193976625564337
      vertex -10.402454838991936 12 -0.4903926402016152
      vertex -10.308658283817454 12 -0.46193976625564337
    endloop
  endfacet
  facet normal 0.47139673682600297 0 -0.8819212643483522
    outer loop
      vertex -10.2222148834902 -12 -0.4157348061512726
      vertex -10.308658283817454 12 -0.46193976625564337
      vertex -10.2222148834902 12 -0.4157348061512726
    endloop
  endfacet
  facet normal 0.6343932841636465 0 -0.7730104533627361
    outer loop
      vertex -10.146446609406727 -12 -0.3535533905932738
      vertex -10.2222148834902 12 -0.4157348061512726
      vertex -10.146446609406727 12 -0.3535533905932738
    endloop
  endfacet
  facet normal 0.7730104533627346 0 -0.6343932841636485
    outer loop
      vertex -10.084265193848728 -12 -0.2777851165098011
      vertex -10.146446609406727 12 -0.3535533905932738
      vertex -10.084265193848728 12 -0.2777851165098011
    endloop
  endfacet
  facet normal 0.8819212643483556 0 -0.4713967368259963
    outer loop
      vertex -10.038060233744357 -12 -0.1913417161825449
      vertex -10.084265193848728 12 -0.2777851165098011
      vertex -10.038060233744357 12 -0.1913417161825449
    endloop
  endfacet
  facet normal 0.9569403357322054 0 -0.2902846772544737
    outer loop
      vertex -10.009607359798384 -12 -0.09754516100806412
      vertex -10.038060233744357 12 -0.1913417161825449
      vertex -10.009607359798384 12 -0.09754516100806412
    endloop
  endfacet
  facet normal 0.9951847266721978 0 -0.09801714032955172
    outer loop
      vertex -10 -12 0
      vertex -10.009607359798384 12 -0.09754516100806412
      vertex -10 12 0
    endloop
  endfacet
  facet normal 0.9951847266721978 0 0.09801714032955172
    outer loop
      vertex -10.009607359798384 -12 0.09754516100806412
      vertex -10 12 0
      vertex -10.009607359798384 12 0.09754516100806412
    endloop
  endfacet
  facet normal 0.09801714032956084 0 0.9951847266721968
    outer loop
      vertex -10.5 -12 0.5
      vertex -10.402454838991936 12 0.4903926402016152
      vertex -10.5 12 0.5
    endloop
  endfacet
  facet normal 0.29028467725445967 0 0.9569403357322098
    outer loop
      vertex -10.402454838991936 -12 0.4903926402016152
      vertex -10.308658283817454 12 0.46193976625564337
      vertex -10.402454838991936 12 0.4903926402016152
    endloop
  endfacet
  facet normal 0.47139673682600297 0 0.8819212643483522
    outer loop
      vertex -10.308658283817454 -12 0.46193976625564337
      vertex -10.2222148834902 12 0.4157348061512726
      vertex -10.308658283817454 12 0.46193976625564337
    endloop
  endfacet
  facet normal 0.6343932841636465 0 0.7730104533627361
    outer loop
      vertex -10.2222148834902 -12 0.4157348061512726
      vertex -10.146446609406727 12 0.3535533905932738
      vertex -10.2222148834902 12 0.4157348061512726
    endloop
  endfacet
  facet normal 0.7730104533627346 0 0.6343932841636485
    outer loop
      vertex -10.146446609406727 -12 0.3535533905932738
      vertex -10.084265193848728 12 0.2777851165098011
      vertex -10.146446609406727 12 0.3535533905932738
    endloop
  endfacet
  facet normal 0.8819212643483556 0 0.4713967368259963
    outer loop
      vertex -10.084265193848728 -12 0.2777851165098011
      vertex -10.038060233744357 12 0.1913417161825449
      vertex -10.084265193848728 12 0.2777851165098011
    endloop
  endfacet
  facet normal 0.9569403357322054 0 0.2902846772544737
    outer loop
      vertex -10.038060233744357 -12 0.1913417161825449
      vertex -10.009607359798384 12 0.09754516100806412
      vertex -10.038060233744357 12 0.1913417161825449
    endloop
  endfacet
  facet normal 0 1 0
    outer loop
      vertex -10.990392640201616 12 -0.09754516100806412
      vertex -10.75990809989145 12 -0.05169893545055688
      vertex -10.961939766255643 12 -0.1913417161825449
    endloop
  endfacet
  facet normal 0 1 0
    outer loop
      vertex -10.990392640201616 12 -0.09754516100806412
      vertex -11 12 0
      vertex -10.765000000596046 12 0
    endloop
  endfacet
  facet normal 0 1 0
    outer loop
      vertex -11 12 0
      vertex -10.990392640201616 12 0.09754516100806412
      vertex -10.75990809989145 12 0.05169893545055688
    endloop
  endfacet
  facet normal 0 1 0
    outer loop
      vertex -10.853553390593273 12 -0.3535533905932738
      vertex -10.687383297435904 12 -0.1873832974359036
      vertex -10.7777851165098 12 -0.4157348061512726
    endloop
  endfacet
  facet normal 0 1 0
    outer loop
      vertex -10.7777851165098 12 -0.4157348061512726
      vertex -10.64722611208134 12 -0.220339447755769
      vertex -10.691341716182546 12 -0.46193976625564337
    endloop
  endfacet
  facet normal 0 1 0
    outer loop
      vertex -10.961939766255643 12 -0.1913417161825449
      vertex -10.744828076666167 12 -0.1014111098048459
      vertex -10.915734806151272 12 -0.2777851165098011
    endloop
  endfacet
  facet normal 0 1 0
    outer loop
      vertex -10.915734806151272 12 -0.2777851165098011
      vertex -10.72033944775577 12 -0.14722611208134023
      vertex -10.853553390593273 12 -0.3535533905932738
    endloop
  endfacet
  facet normal 0 1 0
    outer loop
      vertex -10.961939766255643 12 -0.1913417161825449
      vertex -10.75990809989145 12 -0.05169893545055688
      vertex -10.744828076666167 12 -0.1014111098048459
    endloop
  endfacet
  facet normal 0 1 0
    outer loop
      vertex -10.915734806151272 12 -0.2777851165098011
      vertex -10.744828076666167 12 -0.1014111098048459
      vertex -10.72033944775577 12 -0.14722611208134023
    endloop
  endfacet
  facet normal 0 1 0
    outer loop
      vertex -10.990392640201616 12 -0.09754516100806412
      vertex -10.765000000596046 12 0
      vertex -10.75990809989145 12 -0.05169893545055688
    endloop
  endfacet
  facet normal 0 1 0
    outer loop
      vertex -11 12 0
      vertex -10.75990809989145 12 0.05169893545055688
      vertex -10.765000000596046 12 0
    endloop
  endfacet
  facet normal 0 1 0
    outer loop
      vertex -10.990392640201616 12 0.09754516100806412
      vertex -10.744828076666167 12 0.1014111098048459
      vertex -10.75990809989145 12 0.05169893545055688
    endloop
  endfacet
  facet normal 0 1 0
    outer loop
      vertex -10.853553390593273 12 -0.3535533905932738
      vertex -10.72033944775577 12 -0.14722611208134023
      vertex -10.687383297435904 12 -0.1873832974359036
    endloop
  endfacet
  facet normal 0 1 0
    outer loop
      vertex -10.7777851165098 12 -0.4157348061512726
      vertex -10.687383297435904 12 -0.1873832974359036
      vertex -10.64722611208134 12 -0.220339447755769
    endloop
  endfacet
  facet normal 0 1 0
    outer loop
      vertex -10.691341716182546 12 -0.46193976625564337
      vertex -10.64722611208134 12 -0.220339447755769
      vertex -10.601411109804847 12 -0.2448280766661661
    endloop
  endfacet
  facet normal 0 1 0
    outer loop
      vertex -10.691341716182546 12 -0.46193976625564337
      vertex -10.601411109804847 12 -0.2448280766661661
      vertex -10.597545161008064 12 -0.4903926402016152
    endloop
  endfacet
  facet normal 0 1 0
    outer loop
      vertex -10.597545161008064 12 -0.4903926402016152
      vertex -10.551698935450556 12 -0.25990809989144964
      vertex -10.5 12 -0.5
    endloop
  endfacet
  facet normal 0 1 0
    outer loop
      vertex -10.597545161008064 12 -0.4903926402016152
      vertex -10.601411109804847 12 -0.2448280766661661
      vertex -10.551698935450556 12 -0.25990809989144964
    endloop
  endfacet
  facet normal 0 1 0
    outer loop
      vertex -10.551698935450556 12 -0.25990809989144964
      vertex -10.5 12 -0.26500000059604645
      vertex -10.5 12 -0.5
    endloop
  endfacet
  facet normal 0 1 0
    outer loop
      vertex -10.990392640201616 12 0.09754516100806412
      vertex -10.961939766255643 12 0.1913417161825449
      vertex -10.744828076666167 12 0.1014111098048459
    endloop
  endfacet
  facet normal 0 1 0
    outer loop
      vertex -10.961939766255643 12 0.1913417161825449
      vertex -10.915734806151272 12 0.2777851165098011
      vertex -10.72033944775577 12 0.14722611208134023
    endloop
  endfacet
  facet normal 0 1 0
    outer loop
      vertex -10.744828076666167 12 0.1014111098048459
      vertex -10.961939766255643 12 0.1913417161825449
      vertex -10.72033944775577 12 0.14722611208134023
    endloop
  endfacet
  facet normal 0 1 0
    outer loop
      vertex -10.915734806151272 12 0.2777851165098011
      vertex -10.853553390593273 12 0.3535533905932738
      vertex -10.687383297435904 12 0.1873832974359036
    endloop
  endfacet
  facet normal 0 1 0
    outer loop
      vertex -10.915734806151272 12 0.2777851165098011
      vertex -10.687383297435904 12 0.1873832974359036
      vertex -10.72033944775577 12 0.14722611208134023
    endloop
  endfacet
  facet normal 0 1 0
    outer loop
      vertex -10.853553390593273 12 0.3535533905932738
      vertex -10.64722611208134 12 0.220339447755769
      vertex -10.687383297435904 12 0.1873832974359036
    endloop
  endfacet
  facet normal 0 1 0
    outer loop
      vertex -10.853553390593273 12 0.3535533905932738
      vertex -10.7777851165098 12 0.4157348061512726
      vertex -10.64722611208134 12 0.220339447755769
    endloop
  endfacet
  facet normal 0 1 0
    outer loop
      vertex -10.7777851165098 12 0.4157348061512726
      vertex -10.691341716182546 12 0.46193976625564337
      vertex -10.601411109804847 12 0.2448280766661661
    endloop
  endfacet
  facet normal 0 1 0
    outer loop
      vertex -10.7777851165098 12 0.4157348061512726
      vertex -10.601411109804847 12 0.2448280766661661
      vertex -10.64722611208134 12 0.220339447755769
    endloop
  endfacet
  facet normal 0 1 0
    outer loop
      vertex -10.691341716182546 12 0.46193976625564337
      vertex -10.551698935450556 12 0.25990809989144964
      vertex -10.601411109804847 12 0.2448280766661661
    endloop
  endfacet
  facet normal 0 1 0
    outer loop
      vertex -10.691341716182546 12 0.46193976625564337
      vertex -10.597545161008064 12 0.4903926402016152
      vertex -10.551698935450556 12 0.25990809989144964
    endloop
  endfacet
  facet normal 0 1 0
    outer loop
      vertex -10.597545161008064 12 0.4903926402016152
      vertex -10.5 12 0.26500000059604645
      vertex -10.551698935450556 12 0.25990809989144964
    endloop
  endfacet
  facet normal 0 1 0
    outer loop
      vertex -10.597545161008064 12 0.4903926402016152
      vertex -10.5 12 0.5
      vertex -10.5 12 0.26500000059604645
    endloop
  endfacet
  facet normal 0 1 0
    outer loop
      vertex -10.5 12 -0.5
      vertex -10.5 12 -0.26500000059604645
      vertex -10.402454838991936 12 -0.4903926402016152
    endloop
  endfacet
  facet normal 0 1 0
    outer loop
      vertex -10.402454838991936 12 -0.4903926402016152
      vertex -10.5 12 -0.26500000059604645
      vertex -10.448301064549444 12 -0.25990809989144964
    endloop
  endfacet
  facet normal 0 1 0
    outer loop
      vertex -10.402454838991936 12 -0.4903926402016152
      vertex -10.448301064549444 12 -0.25990809989144964
      vertex -10.308658283817454 12 -0.46193976625564337
    endloop
  endfacet
  facet normal 0 1 0
    outer loop
      vertex -10.448301064549444 12 -0.25990809989144964
      vertex -10.398588890195153 12 -0.2448280766661661
      vertex -10.308658283817454 12 -0.46193976625564337
    endloop
  endfacet
  facet normal 0 1 0
    outer loop
      vertex -10.398588890195153 12 -0.2448280766661661
      vertex -10.35277388791866 12 -0.220339447755769
      vertex -10.2222148834902 12 -0.4157348061512726
    endloop
  endfacet
  facet normal 0 1 0
    outer loop
      vertex -10.398588890195153 12 -0.2448280766661661
      vertex -10.2222148834902 12 -0.4157348061512726
      vertex -10.308658283817454 12 -0.46193976625564337
    endloop
  endfacet
  facet normal 0 1 0
    outer loop
      vertex -10.35277388791866 12 -0.220339447755769
      vertex -10.146446609406727 12 -0.3535533905932738
      vertex -10.2222148834902 12 -0.4157348061512726
    endloop
  endfacet
  facet normal 0 1 0
    outer loop
      vertex -10.35277388791866 12 -0.220339447755769
      vertex -10.312616702564096 12 -0.1873832974359036
      vertex -10.146446609406727 12 -0.3535533905932738
    endloop
  endfacet
  facet normal 0 1 0
    outer loop
      vertex -10.312616702564096 12 -0.1873832974359036
      vertex -10.27966055224423 12 -0.14722611208134023
      vertex -10.084265193848728 12 -0.2777851165098011
    endloop
  endfacet
  facet normal 0 1 0
    outer loop
      vertex -10.312616702564096 12 -0.1873832974359036
      vertex -10.084265193848728 12 -0.2777851165098011
      vertex -10.146446609406727 12 -0.3535533905932738
    endloop
  endfacet
  facet normal 0 1 0
    outer loop
      vertex -10.27966055224423 12 -0.14722611208134023
      vertex -10.255171923333833 12 -0.1014111098048459
      vertex -10.038060233744357 12 -0.1913417161825449
    endloop
  endfacet
  facet normal 0 1 0
    outer loop
      vertex -10.27966055224423 12 -0.14722611208134023
      vertex -10.038060233744357 12 -0.1913417161825449
      vertex -10.084265193848728 12 -0.2777851165098011
    endloop
  endfacet
  facet normal 0 1 0
    outer loop
      vertex -10.255171923333833 12 -0.1014111098048459
      vertex -10.24009190010855 12 -0.05169893545055688
      vertex -10.009607359798384 12 -0.09754516100806412
    endloop
  endfacet
  facet normal 0 1 0
    outer loop
      vertex -10.255171923333833 12 0.1014111098048459
      vertex -10.038060233744357 12 0.1913417161825449
      vertex -10.24009190010855 12 0.05169893545055688
    endloop
  endfacet
  facet normal 0 1 0
    outer loop
      vertex -10.24009190010855 12 -0.05169893545055688
      vertex -10.234999999403954 12 0
      vertex -10 12 0
    endloop
  endfacet
  facet normal 0 1 0
    outer loop
      vertex -10.234999999403954 12 0
      vertex -10.24009190010855 12 0.05169893545055688
      vertex -10.009607359798384 12 0.09754516100806412
    endloop
  endfacet
  facet normal 0 1 0
    outer loop
      vertex -10.255171923333833 12 -0.1014111098048459
      vertex -10.009607359798384 12 -0.09754516100806412
      vertex -10.038060233744357 12 -0.1913417161825449
    endloop
  endfacet
  facet normal 0 1 0
    outer loop
      vertex -10.24009190010855 12 -0.05169893545055688
      vertex -10 12 0
      vertex -10.009607359798384 12 -0.09754516100806412
    endloop
  endfacet
  facet normal 0 1 0
    outer loop
      vertex -10.234999999403954 12 0
      vertex -10.009607359798384 12 0.09754516100806412
      vertex -10 12 0
    endloop
  endfacet
  facet normal 0 1 0
    outer loop
      vertex -10.24009190010855 12 0.05169893545055688
      vertex -10.038060233744357 12 0.1913417161825449
      vertex -10.009607359798384 12 0.09754516100806412
    endloop
  endfacet
  facet normal 0 1 0
    outer loop
      vertex -10.5 12 0.26500000059604645
      vertex -10.5 12 0.5
      vertex -10.448301064549444 12 0.25990809989144964
    endloop
  endfacet
  facet normal 0 1 0
    outer loop
      vertex -10.448301064549444 12 0.25990809989144964
      vertex -10.5 12 0.5
      vertex -10.402454838991936 12 0.4903926402016152
    endloop
  endfacet
  facet normal 0 1 0
    outer loop
      vertex -10.448301064549444 12 0.25990809989144964
      vertex -10.402454838991936 12 0.4903926402016152
      vertex -10.398588890195153 12 0.2448280766661661
    endloop
  endfacet
  facet normal 0 1 0
    outer loop
      vertex -10.398588890195153 12 0.2448280766661661
      vertex -10.308658283817454 12 0.46193976625564337
      vertex -10.35277388791866 12 0.220339447755769
    endloop
  endfacet
  facet normal 0 1 0
    outer loop
      vertex -10.398588890195153 12 0.2448280766661661
      vertex -10.402454838991936 12 0.4903926402016152
      vertex -10.308658283817454 12 0.46193976625564337
    endloop
  endfacet
  facet normal 0 1 0
    outer loop
      vertex -10.35277388791866 12 0.220339447755769
      vertex -10.2222148834902 12 0.4157348061512726
      vertex -10.312616702564096 12 0.1873832974359036
    endloop
  endfacet
  facet normal 0 1 0
    outer loop
      vertex -10.312616702564096 12 0.1873832974359036
      vertex -10.146446609406727 12 0.3535533905932738
      vertex -10.27966055224423 12 0.14722611208134023
    endloop
  endfacet
  facet normal 0 1 0
    outer loop
      vertex -10.312616702564096 12 0.1873832974359036
      vertex -10.2222148834902 12 0.4157348061512726
      vertex -10.146446609406727 12 0.3535533905932738
    endloop
  endfacet
  facet normal 0 1 0
    outer loop
      vertex -10.35277388791866 12 0.220339447755769
      vertex -10.308658283817454 12 0.46193976625564337
      vertex -10.2222148834902 12 0.4157348061512726
    endloop
  endfacet
  facet normal 0 1 0
    outer loop
      vertex -10.255171923333833 12 0.1014111098048459
      vertex -10.27966055224423 12 0.14722611208134023
      vertex -10.084265193848728 12 0.2777851165098011
    endloop
  endfacet
  facet normal 0 1 0
    outer loop
      vertex -10.255171923333833 12 0.1014111098048459
      vertex -10.084265193848728 12 0.2777851165098011
      vertex -10.038060233744357 12 0.1913417161825449
    endloop
  endfacet
  facet normal 0 1 0
    outer loop
      vertex -10.27966055224423 12 0.14722611208134023
      vertex -10.146446609406727 12 0.3535533905932738
      vertex -10.084265193848728 12 0.2777851165098011
    endloop
  endfacet
  facet normal -1 0 0
    outer loop
      vertex -12 -10.990392640201616 -1.0975451610080642
      vertex -12 -10.75990809989145 -1.0516989354505568
      vertex -12 -10.961939766255643 -1.1913417161825448
    endloop
  endfacet
  facet normal -1 0 0
    outer loop
      vertex -12 -10.990392640201616 -1.0975451610080642
      vertex -12 -11 -1
      vertex -12 -10.765000000596046 -1
    endloop
  endfacet
  facet normal -1 0 0
    outer loop
      vertex -12 -11 -1
      vertex -12 -10.990392640201616 -0.9024548389919359
      vertex -12 -10.75990809989145 -0.9483010645494431
    endloop
  endfacet
  facet normal -1 0 0
    outer loop
      vertex -12 -10.990392640201616 -0.9024548389919359
      vertex -12 -10.961939766255643 -0.8086582838174551
      vertex -12 -10.744828076666167 -0.8985888901951541
    endloop
  endfacet
  facet normal -1 0 0
    outer loop
      vertex -12 -10.915734806151272 -1.277785116509801
      vertex -12 -10.72033944775577 -1.1472261120813403
      vertex -12 -10.853553390593273 -1.3535533905932737
    endloop
  endfacet
  facet normal -1 0 0
    outer loop
      vertex -12 -10.961939766255643 -1.1913417161825448
      vertex -12 -10.744828076666167 -1.1014111098048458
      vertex -12 -10.915734806151272 -1.277785116509801
    endloop
  endfacet
  facet normal -1 0 0
    outer loop
      vertex -12 -10.961939766255643 -1.1913417161825448
      vertex -12 -10.75990809989145 -1.0516989354505568
      vertex -12 -10.744828076666167 -1.1014111098048458
    endloop
  endfacet
  facet normal -1 0 0
    outer loop
      vertex -12 -10.915734806151272 -1.277785116509801
      vertex -12 -10.744828076666167 -1.1014111098048458
      vertex -12 -10.72033944775577 -1.1472261120813403
    endloop
  endfacet
  facet normal -1 0 0
    outer loop
      vertex -12 -10.853553390593273 -1.3535533905932737
      vertex -12 -10.687383297435904 -1.1873832974359035
      vertex -12 -10.7777851165098 -1.4157348061512727
    endloop
  endfacet
  facet normal -1 0 0
    outer loop
      vertex -12 -10.7777851165098 -1.4157348061512727
      vertex -12 -10.64722611208134 -1.220339447755769
      vertex -12 -10.691341716182546 -1.4619397662556435
    endloop
  endfacet
  facet normal -1 0 0
    outer loop
      vertex -12 -10.853553390593273 -1.3535533905932737
      vertex -12 -10.72033944775577 -1.1472261120813403
      vertex -12 -10.687383297435904 -1.1873832974359035
    endloop
  endfacet
  facet normal -1 0 0
    outer loop
      vertex -12 -10.7777851165098 -1.4157348061512727
      vertex -12 -10.687383297435904 -1.1873832974359035
      vertex -12 -10.64722611208134 -1.220339447755769
    endloop
  endfacet
  facet normal -1 0 0
    outer loop
      vertex -12 -10.990392640201616 -1.0975451610080642
      vertex -12 -10.765000000596046 -1
      vertex -12 -10.75990809989145 -1.0516989354505568
    endloop
  endfacet
  facet normal -1 0 0
    outer loop
      vertex -12 -11 -1
      vertex -12 -10.75990809989145 -0.9483010645494431
      vertex -12 -10.765000000596046 -1
    endloop
  endfacet
  facet normal -1 0 0
    outer loop
      vertex -12 -10.990392640201616 -0.9024548389919359
      vertex -12 -10.744828076666167 -0.8985888901951541
      vertex -12 -10.75990809989145 -0.9483010645494431
    endloop
  endfacet
  facet normal -1 0 0
    outer loop
      vertex -12 -10.961939766255643 -0.8086582838174551
      vertex -12 -10.915734806151272 -0.7222148834901989
      vertex -12 -10.72033944775577 -0.8527738879186597
    endloop
  endfacet
  facet normal -1 0 0
    outer loop
      vertex -12 -10.961939766255643 -0.8086582838174551
      vertex -12 -10.72033944775577 -0.8527738879186597
      vertex -12 -10.744828076666167 -0.8985888901951541
    endloop
  endfacet
  facet normal -1 0 0
    outer loop
      vertex -12 -10.915734806151272 -0.7222148834901989
      vertex -12 -10.853553390593273 -0.6464466094067263
      vertex -12 -10.687383297435904 -0.8126167025640965
    endloop
  endfacet
  facet normal -1 0 0
    outer loop
      vertex -12 -10.915734806151272 -0.7222148834901989
      vertex -12 -10.687383297435904 -0.8126167025640965
      vertex -12 -10.72033944775577 -0.8527738879186597
    endloop
  endfacet
  facet normal -1 0 0
    outer loop
      vertex -12 -10.687383297435904 -0.8126167025640965
      vertex -12 -10.853553390593273 -0.6464466094067263
      vertex -12 -10.64722611208134 -0.779660552244231
    endloop
  endfacet
  facet normal -1 0 0
    outer loop
      vertex -12 -10.691341716182546 -1.4619397662556435
      vertex -12 -10.64722611208134 -1.220339447755769
      vertex -12 -10.601411109804847 -1.2448280766661661
    endloop
  endfacet
  facet normal -1 0 0
    outer loop
      vertex -12 -10.691341716182546 -1.4619397662556435
      vertex -12 -10.601411109804847 -1.2448280766661661
      vertex -12 -10.597545161008064 -1.4903926402016152
    endloop
  endfacet
  facet normal -1 0 0
    outer loop
      vertex -12 -10.597545161008064 -1.4903926402016152
      vertex -12 -10.551698935450556 -1.2599080998914496
      vertex -12 -10.5 -1.5
    endloop
  endfacet
  facet normal -1 0 0
    outer loop
      vertex -12 -10.597545161008064 -1.4903926402016152
      vertex -12 -10.601411109804847 -1.2448280766661661
      vertex -12 -10.551698935450556 -1.2599080998914496
    endloop
  endfacet
  facet normal -1 0 0
    outer loop
      vertex -12 -10.551698935450556 -1.2599080998914496
      vertex -12 -10.5 -1.2650000005960464
      vertex -12 -10.5 -1.5
    endloop
  endfacet
  facet normal -1 0 0
    outer loop
      vertex -12 -10.64722611208134 -0.779660552244231
      vertex -12 -10.7777851165098 -0.5842651938487273
      vertex -12 -10.601411109804847 -0.7551719233338339
    endloop
  endfacet
  facet normal -1 0 0
    outer loop
      vertex -12 -10.64722611208134 -0.779660552244231
      vertex -12 -10.853553390593273 -0.6464466094067263
      vertex -12 -10.7777851165098 -0.5842651938487273
    endloop
  endfacet
  facet normal -1 0 0
    outer loop
      vertex -12 -10.601411109804847 -0.7551719233338339
      vertex -12 -10.7777851165098 -0.5842651938487273
      vertex -12 -10.691341716182546 -0.5380602337443566
    endloop
  endfacet
  facet normal -1 0 0
    outer loop
      vertex -12 -10.601411109804847 -0.7551719233338339
      vertex -12 -10.691341716182546 -0.5380602337443566
      vertex -12 -10.551698935450556 -0.7400919001085504
    endloop
  endfacet
  facet normal -1 0 0
    outer loop
      vertex -12 -10.551698935450556 -0.7400919001085504
      vertex -12 -10.691341716182546 -0.5380602337443566
      vertex -12 -10.597545161008064 -0.5096073597983848
    endloop
  endfacet
  facet normal -1 0 0
    outer loop
      vertex -12 -10.551698935450556 -0.7400919001085504
      vertex -12 -10.597545161008064 -0.5096073597983848
      vertex -12 -10.5 -0.7349999994039536
    endloop
  endfacet
  facet normal -1 0 0
    outer loop
      vertex -12 -10.597545161008064 -0.5096073597983848
      vertex -12 -10.5 -0.5
      vertex -12 -10.5 -0.7349999994039536
    endloop
  endfacet
  facet normal -1 0 0
    outer loop
      vertex -12 -10.5 -1.5
      vertex -12 -10.5 -1.2650000005960464
      vertex -12 -10.402454838991936 -1.4903926402016152
    endloop
  endfacet
  facet normal -1 0 0
    outer loop
      vertex -12 -10.5 -1.2650000005960464
      vertex -12 -10.448301064549444 -1.2599080998914496
      vertex -12 -10.402454838991936 -1.4903926402016152
    endloop
  endfacet
  facet normal -1 0 0
    outer loop
      vertex -12 -10.448301064549444 -1.2599080998914496
      vertex -12 -10.308658283817454 -1.4619397662556435
      vertex -12 -10.402454838991936 -1.4903926402016152
    endloop
  endfacet
  facet normal -1 0 0
    outer loop
      vertex -12 -10.448301064549444 -1.2599080998914496
      vertex -12 -10.398588890195153 -1.2448280766661661
      vertex -12 -10.308658283817454 -1.4619397662556435
    endloop
  endfacet
  facet normal -1 0 0
    outer loop
      vertex -12 -10.398588890195153 -1.2448280766661661
      vertex -12 -10.35277388791866 -1.220339447755769
      vertex -12 -10.2222148834902 -1.4157348061512727
    endloop
  endfacet
  facet normal -1 0 0
    outer loop
      vertex -12 -10.398588890195153 -0.7551719233338339
      vertex -12 -10.308658283817454 -0.5380602337443566
      vertex -12 -10.35277388791866 -0.779660552244231
    endloop
  endfacet
  facet normal -1 0 0
    outer loop
      vertex -12 -10.398588890195153 -1.2448280766661661
      vertex -12 -10.2222148834902 -1.4157348061512727
      vertex -12 -10.308658283817454 -1.4619397662556435
    endloop
  endfacet
  facet normal -1 0 0
    outer loop
      vertex -12 -10.35277388791866 -1.220339447755769
      vertex -12 -10.146446609406727 -1.3535533905932737
      vertex -12 -10.2222148834902 -1.4157348061512727
    endloop
  endfacet
  facet normal -1 0 0
    outer loop
      vertex -12 -10.35277388791866 -1.220339447755769
      vertex -12 -10.312616702564096 -1.1873832974359035
      vertex -12 -10.146446609406727 -1.3535533905932737
    endloop
  endfacet
  facet normal -1 0 0
    outer loop
      vertex -12 -10.312616702564096 -1.1873832974359035
      vertex -12 -10.27966055224423 -1.1472261120813403
      vertex -12 -10.084265193848728 -1.277785116509801
    endloop
  endfacet
  facet normal -1 0 0
    outer loop
      vertex -12 -10.312616702564096 -1.1873832974359035
      vertex -12 -10.084265193848728 -1.277785116509801
      vertex -12 -10.146446609406727 -1.3535533905932737
    endloop
  endfacet
  facet normal -1 0 0
    outer loop
      vertex -12 -10.27966055224423 -1.1472261120813403
      vertex -12 -10.255171923333833 -1.1014111098048458
      vertex -12 -10.038060233744357 -1.1913417161825448
    endloop
  endfacet
  facet normal -1 0 0
    outer loop
      vertex -12 -10.27966055224423 -1.1472261120813403
      vertex -12 -10.038060233744357 -1.1913417161825448
      vertex -12 -10.084265193848728 -1.277785116509801
    endloop
  endfacet
  facet normal -1 0 0
    outer loop
      vertex -12 -10.312616702564096 -0.8126167025640965
      vertex -12 -10.35277388791866 -0.779660552244231
      vertex -12 -10.2222148834902 -0.5842651938487273
    endloop
  endfacet
  facet normal -1 0 0
    outer loop
      vertex -12 -10.312616702564096 -0.8126167025640965
      vertex -12 -10.146446609406727 -0.6464466094067263
      vertex -12 -10.27966055224423 -0.8527738879186597
    endloop
  endfacet
  facet normal -1 0 0
    outer loop
      vertex -12 -10.255171923333833 -1.1014111098048458
      vertex -12 -10.24009190010855 -1.0516989354505568
      vertex -12 -10.009607359798384 -1.0975451610080642
    endloop
  endfacet
  facet normal -1 0 0
    outer loop
      vertex -12 -10.24009190010855 -1.0516989354505568
      vertex -12 -10.234999999403954 -1
      vertex -12 -10 -1
    endloop
  endfacet
  facet normal -1 0 0
    outer loop
      vertex -12 -10.234999999403954 -1
      vertex -12 -10.24009190010855 -0.9483010645494431
      vertex -12 -10.009607359798384 -0.9024548389919359
    endloop
  endfacet
  facet normal -1 0 0
    outer loop
      vertex -12 -10.255171923333833 -0.8985888901951541
      vertex -12 -10.27966055224423 -0.8527738879186597
      vertex -12 -10.084265193848728 -0.7222148834901989
    endloop
  endfacet
  facet normal -1 0 0
    outer loop
      vertex -12 -10.255171923333833 -0.8985888901951541
      vertex -12 -10.038060233744357 -0.8086582838174551
      vertex -12 -10.24009190010855 -0.9483010645494431
    endloop
  endfacet
  facet normal -1 0 0
    outer loop
      vertex -12 -10.255171923333833 -0.8985888901951541
      vertex -12 -10.084265193848728 -0.7222148834901989
      vertex -12 -10.038060233744357 -0.8086582838174551
    endloop
  endfacet
  facet normal -1 0 0
    outer loop
      vertex -12 -10.27966055224423 -0.8527738879186597
      vertex -12 -10.146446609406727 -0.6464466094067263
      vertex -12 -10.084265193848728 -0.7222148834901989
    endloop
  endfacet
  facet normal -1 0 0
    outer loop
      vertex -12 -10.5 -0.7349999994039536
      vertex -12 -10.5 -0.5
      vertex -12 -10.448301064549444 -0.7400919001085504
    endloop
  endfacet
  facet normal -1 0 0
    outer loop
      vertex -12 -10.448301064549444 -0.7400919001085504
      vertex -12 -10.402454838991936 -0.5096073597983848
      vertex -12 -10.398588890195153 -0.7551719233338339
    endloop
  endfacet
  facet normal -1 0 0
    outer loop
      vertex -12 -10.448301064549444 -0.7400919001085504
      vertex -12 -10.5 -0.5
      vertex -12 -10.402454838991936 -0.5096073597983848
    endloop
  endfacet
  facet normal -1 0 0
    outer loop
      vertex -12 -10.398588890195153 -0.7551719233338339
      vertex -12 -10.402454838991936 -0.5096073597983848
      vertex -12 -10.308658283817454 -0.5380602337443566
    endloop
  endfacet
  facet normal -1 0 0
    outer loop
      vertex -12 -10.35277388791866 -0.779660552244231
      vertex -12 -10.308658283817454 -0.5380602337443566
      vertex -12 -10.2222148834902 -0.5842651938487273
    endloop
  endfacet
  facet normal -1 0 0
    outer loop
      vertex -12 -10.312616702564096 -0.8126167025640965
      vertex -12 -10.2222148834902 -0.5842651938487273
      vertex -12 -10.146446609406727 -0.6464466094067263
    endloop
  endfacet
  facet normal -1 0 0
    outer loop
      vertex -12 -10.255171923333833 -1.1014111098048458
      vertex -12 -10.009607359798384 -1.0975451610080642
      vertex -12 -10.038060233744357 -1.1913417161825448
    endloop
  endfacet
  facet normal -1 0 0
    outer loop
      vertex -12 -10.24009190010855 -1.0516989354505568
      vertex -12 -10 -1
      vertex -12 -10.009607359798384 -1.0975451610080642
    endloop
  endfacet
  facet normal -1 0 0
    outer loop
      vertex -12 -10.234999999403954 -1
      vertex -12 -10.009607359798384 -0.9024548389919359
      vertex -12 -10 -1
    endloop
  endfacet
  facet normal -1 0 0
    outer loop
      vertex -12 -10.24009190010855 -0.9483010645494431
      vertex -12 -10.038060233744357 -0.8086582838174551
      vertex -12 -10.009607359798384 -0.9024548389919359
    endloop
  endfacet
  facet normal 0 -0.9569403357322053 -0.2902846772544742
    outer loop
      vertex -12 -10.990392640201616 -1.0975451610080642
      vertex -12 -10.961939766255643 -1.1913417161825448
      vertex 12 -10.961939766255643 -1.1913417161825448
    endloop
  endfacet
  facet normal 0 -0.8819212643483559 -0.47139673682599603
    outer loop
      vertex -12 -10.961939766255643 -1.1913417161825448
      vertex -12 -10.915734806151272 -1.277785116509801
      vertex 12 -10.915734806151272 -1.277785116509801
    endloop
  endfacet
  facet normal 0 -0.9951847266721978 -0.09801714032955165
    outer loop
      vertex -12 -10.990392640201616 -1.0975451610080642
      vertex 12 -10.990392640201616 -1.0975451610080642
      vertex -12 -11 -1
    endloop
  endfacet
  facet normal 0 -0.9951847266721978 0.09801714032955176
    outer loop
      vertex -12 -11 -1
      vertex 12 -11 -1
      vertex -12 -10.990392640201616 -0.9024548389919359
    endloop
  endfacet
  facet normal 0 -0.9569403357322056 0.2902846772544736
    outer loop
      vertex -12 -10.990392640201616 -0.9024548389919359
      vertex 12 -10.990392640201616 -0.9024548389919359
      vertex -12 -10.961939766255643 -0.8086582838174551
    endloop
  endfacet
  facet normal 0 -0.8819212643483556 0.4713967368259965
    outer loop
      vertex -12 -10.961939766255643 -0.8086582838174551
      vertex 12 -10.961939766255643 -0.8086582838174551
      vertex -12 -10.915734806151272 -0.7222148834901989
    endloop
  endfacet
  facet normal 0 -0.7730104533627342 0.6343932841636487
    outer loop
      vertex -12 -10.915734806151272 -0.7222148834901989
      vertex 12 -10.915734806151272 -0.7222148834901989
      vertex -12 -10.853553390593273 -0.6464466094067263
    endloop
  endfacet
  facet normal 0 -0.7730104533627342 -0.6343932841636487
    outer loop
      vertex -12 -10.915734806151272 -1.277785116509801
      vertex -12 -10.853553390593273 -1.3535533905932737
      vertex 12 -10.853553390593273 -1.3535533905932737
    endloop
  endfacet
  facet normal 0 -0.6343932841636472 -0.7730104533627357
    outer loop
      vertex -12 -10.853553390593273 -1.3535533905932737
      vertex -12 -10.7777851165098 -1.4157348061512727
      vertex 12 -10.7777851165098 -1.4157348061512727
    endloop
  endfacet
  facet normal 0 -0.47139673682600347 -0.8819212643483519
    outer loop
      vertex -12 -10.7777851165098 -1.4157348061512727
      vertex -12 -10.691341716182546 -1.4619397662556435
      vertex 12 -10.691341716182546 -1.4619397662556435
    endloop
  endfacet
  facet normal 0 -0.2902846772544586 -0.9569403357322099
    outer loop
      vertex -12 -10.691341716182546 -1.4619397662556435
      vertex -12 -10.597545161008064 -1.4903926402016152
      vertex 12 -10.597545161008064 -1.4903926402016152
    endloop
  endfacet
  facet normal 0 -0.09801714032956084 -0.9951847266721968
    outer loop
      vertex -12 -10.597545161008064 -1.4903926402016152
      vertex -12 -10.5 -1.5
      vertex 12 -10.5 -1.5
    endloop
  endfacet
  facet normal 0 -0.6343932841636472 0.7730104533627357
    outer loop
      vertex -12 -10.853553390593273 -0.6464466094067263
      vertex 12 -10.853553390593273 -0.6464466094067263
      vertex -12 -10.7777851165098 -0.5842651938487273
    endloop
  endfacet
  facet normal 0 -0.4713967368260026 0.8819212643483525
    outer loop
      vertex -12 -10.7777851165098 -0.5842651938487273
      vertex 12 -10.7777851165098 -0.5842651938487273
      vertex -12 -10.691341716182546 -0.5380602337443566
    endloop
  endfacet
  facet normal 0 -0.29028467725445967 0.9569403357322098
    outer loop
      vertex -12 -10.691341716182546 -0.5380602337443566
      vertex 12 -10.691341716182546 -0.5380602337443566
      vertex -12 -10.597545161008064 -0.5096073597983848
    endloop
  endfacet
  facet normal 0 -0.09801714032956084 0.9951847266721968
    outer loop
      vertex -12 -10.597545161008064 -0.5096073597983848
      vertex 12 -10.597545161008064 -0.5096073597983848
      vertex -12 -10.5 -0.5
    endloop
  endfacet
  facet normal 0 0.09801714032956084 -0.9951847266721968
    outer loop
      vertex -12 -10.5 -1.5
      vertex -12 -10.402454838991936 -1.4903926402016152
      vertex 12 -10.402454838991936 -1.4903926402016152
    endloop
  endfacet
  facet normal 0 0.2902846772544586 -0.9569403357322099
    outer loop
      vertex -12 -10.402454838991936 -1.4903926402016152
      vertex -12 -10.308658283817454 -1.4619397662556435
      vertex 12 -10.308658283817454 -1.4619397662556435
    endloop
  endfacet
  facet normal 0 0.47139673682600347 -0.8819212643483519
    outer loop
      vertex -12 -10.308658283817454 -1.4619397662556435
      vertex -12 -10.2222148834902 -1.4157348061512727
      vertex 12 -10.2222148834902 -1.4157348061512727
    endloop
  endfacet
  facet normal 0 0.6343932841636472 -0.7730104533627357
    outer loop
      vertex -12 -10.2222148834902 -1.4157348061512727
      vertex -12 -10.146446609406727 -1.3535533905932737
      vertex 12 -10.146446609406727 -1.3535533905932737
    endloop
  endfacet
  facet normal 0 0.09801714032956084 0.9951847266721968
    outer loop
      vertex -12 -10.5 -0.5
      vertex 12 -10.5 -0.5
      vertex -12 -10.402454838991936 -0.5096073597983848
    endloop
  endfacet
  facet normal 0 0.29028467725445967 0.9569403357322098
    outer loop
      vertex -12 -10.402454838991936 -0.5096073597983848
      vertex 12 -10.402454838991936 -0.5096073597983848
      vertex -12 -10.308658283817454 -0.5380602337443566
    endloop
  endfacet
  facet normal 0 0.4713967368260026 0.8819212643483525
    outer loop
      vertex -12 -10.308658283817454 -0.5380602337443566
      vertex 12 -10.308658283817454 -0.5380602337443566
      vertex -12 -10.2222148834902 -0.5842651938487273
    endloop
  endfacet
  facet normal 0 0.6343932841636472 0.7730104533627357
    outer loop
      vertex -12 -10.2222148834902 -0.5842651938487273
      vertex 12 -10.2222148834902 -0.5842651938487273
      vertex -12 -10.146446609406727 -0.6464466094067263
    endloop
  endfacet
  facet normal 0 0.7730104533627342 0.6343932841636487
    outer loop
      vertex -12 -10.146446609406727 -0.6464466094067263
      vertex 12 -10.146446609406727 -0.6464466094067263
      vertex -12 -10.084265193848728 -0.7222148834901989
    endloop
  endfacet
  facet normal 0 0.7730104533627342 -0.6343932841636487
    outer loop
      vertex -12 -10.146446609406727 -1.3535533905932737
      vertex -12 -10.084265193848728 -1.277785116509801
      vertex 12 -10.084265193848728 -1.277785116509801
    endloop
  endfacet
  facet normal 0 0.8819212643483559 -0.47139673682599603
    outer loop
      vertex -12 -10.084265193848728 -1.277785116509801
      vertex -12 -10.038060233744357 -1.1913417161825448
      vertex 12 -10.038060233744357 -1.1913417161825448
    endloop
  endfacet
  facet normal 0 0.9569403357322053 -0.2902846772544742
    outer loop
      vertex -12 -10.038060233744357 -1.1913417161825448
      vertex -12 -10.009607359798384 -1.0975451610080642
      vertex 12 -10.009607359798384 -1.0975451610080642
    endloop
  endfacet
  facet normal 0 0.8819212643483556 0.4713967368259965
    outer loop
      vertex -12 -10.084265193848728 -0.7222148834901989
      vertex 12 -10.084265193848728 -0.7222148834901989
      vertex -12 -10.038060233744357 -0.8086582838174551
    endloop
  endfacet
  facet normal 0 0.9951847266721978 -0.09801714032955165
    outer loop
      vertex -12 -10.009607359798384 -1.0975451610080642
      vertex -12 -10 -1
      vertex 12 -10 -1
    endloop
  endfacet
  facet normal 0 0.9951847266721978 0.09801714032955176
    outer loop
      vertex -12 -10 -1
      vertex -12 -10.009607359798384 -0.9024548389919359
      vertex 12 -10.009607359798384 -0.9024548389919359
    endloop
  endfacet
  facet normal 0 0.9569403357322056 0.2902846772544736
    outer loop
      vertex -12 -10.038060233744357 -0.8086582838174551
      vertex 12 -10.038060233744357 -0.8086582838174551
      vertex -12 -10.009607359798384 -0.9024548389919359
    endloop
  endfacet
  facet normal 0 -0.9569403357322053 -0.2902846772544742
    outer loop
      vertex -12 -10.990392640201616 -1.0975451610080642
      vertex 12 -10.961939766255643 -1.1913417161825448
      vertex 12 -10.990392640201616 -1.0975451610080642
    endloop
  endfacet
  facet normal 0 -0.7730104533627342 -0.6343932841636487
    outer loop
      vertex -12 -10.915734806151272 -1.277785116509801
      vertex 12 -10.853553390593273 -1.3535533905932737
      vertex 12 -10.915734806151272 -1.277785116509801
    endloop
  endfacet
  facet normal 0 -0.8819212643483559 -0.47139673682599603
    outer loop
      vertex -12 -10.961939766255643 -1.1913417161825448
      vertex 12 -10.915734806151272 -1.277785116509801
      vertex 12 -10.961939766255643 -1.1913417161825448
    endloop
  endfacet
  facet normal 0 -0.9951847266721978 -0.09801714032955165
    outer loop
      vertex -12 -11 -1
      vertex 12 -10.990392640201616 -1.0975451610080642
      vertex 12 -11 -1
    endloop
  endfacet
  facet normal 0 -0.9951847266721978 0.09801714032955176
    outer loop
      vertex -12 -10.990392640201616 -0.9024548389919359
      vertex 12 -11 -1
      vertex 12 -10.990392640201616 -0.9024548389919359
    endloop
  endfacet
  facet normal 0 -0.9569403357322056 0.2902846772544736
    outer loop
      vertex -12 -10.961939766255643 -0.8086582838174551
      vertex 12 -10.990392640201616 -0.9024548389919359
      vertex 12 -10.961939766255643 -0.8086582838174551
    endloop
  endfacet
  facet normal 0 -0.8819212643483556 0.4713967368259965
    outer loop
      vertex -12 -10.915734806151272 -0.7222148834901989
      vertex 12 -10.961939766255643 -0.8086582838174551
      vertex 12 -10.915734806151272 -0.7222148834901989
    endloop
  endfacet
  facet normal 0 -0.6343932841636472 -0.7730104533627357
    outer loop
      vertex -12 -10.853553390593273 -1.3535533905932737
      vertex 12 -10.7777851165098 -1.4157348061512727
      vertex 12 -10.853553390593273 -1.3535533905932737
    endloop
  endfacet
  facet normal 0 -0.47139673682600347 -0.8819212643483519
    outer loop
      vertex -12 -10.7777851165098 -1.4157348061512727
      vertex 12 -10.691341716182546 -1.4619397662556435
      vertex 12 -10.7777851165098 -1.4157348061512727
    endloop
  endfacet
  facet normal 0 -0.2902846772544586 -0.9569403357322099
    outer loop
      vertex -12 -10.691341716182546 -1.4619397662556435
      vertex 12 -10.597545161008064 -1.4903926402016152
      vertex 12 -10.691341716182546 -1.4619397662556435
    endloop
  endfacet
  facet normal 0 -0.09801714032956084 -0.9951847266721968
    outer loop
      vertex -12 -10.597545161008064 -1.4903926402016152
      vertex 12 -10.5 -1.5
      vertex 12 -10.597545161008064 -1.4903926402016152
    endloop
  endfacet
  facet normal 0 -0.7730104533627342 0.6343932841636487
    outer loop
      vertex -12 -10.853553390593273 -0.6464466094067263
      vertex 12 -10.915734806151272 -0.7222148834901989
      vertex 12 -10.853553390593273 -0.6464466094067263
    endloop
  endfacet
  facet normal 0 -0.6343932841636472 0.7730104533627357
    outer loop
      vertex -12 -10.7777851165098 -0.5842651938487273
      vertex 12 -10.853553390593273 -0.6464466094067263
      vertex 12 -10.7777851165098 -0.5842651938487273
    endloop
  endfacet
  facet normal 0 -0.4713967368260026 0.8819212643483525
    outer loop
      vertex -12 -10.691341716182546 -0.5380602337443566
      vertex 12 -10.7777851165098 -0.5842651938487273
      vertex 12 -10.691341716182546 -0.5380602337443566
    endloop
  endfacet
  facet normal 0 -0.29028467725445967 0.9569403357322098
    outer loop
      vertex -12 -10.597545161008064 -0.5096073597983848
      vertex 12 -10.691341716182546 -0.5380602337443566
      vertex 12 -10.597545161008064 -0.5096073597983848
    endloop
  endfacet
  facet normal 0 -0.09801714032956084 0.9951847266721968
    outer loop
      vertex -12 -10.5 -0.5
      vertex 12 -10.597545161008064 -0.5096073597983848
      vertex 12 -10.5 -0.5
    endloop
  endfacet
  facet normal 0 0.09801714032956084 -0.9951847266721968
    outer loop
      vertex -12 -10.5 -1.5
      vertex 12 -10.402454838991936 -1.4903926402016152
      vertex 12 -10.5 -1.5
    endloop
  endfacet
  facet normal 0 0.2902846772544586 -0.9569403357322099
    outer loop
      vertex -12 -10.402454838991936 -1.4903926402016152
      vertex 12 -10.308658283817454 -1.4619397662556435
      vertex 12 -10.402454838991936 -1.4903926402016152
    endloop
  endfacet
  facet normal 0 0.47139673682600347 -0.8819212643483519
    outer loop
      vertex -12 -10.308658283817454 -1.4619397662556435
      vertex 12 -10.2222148834902 -1.4157348061512727
      vertex 12 -10.308658283817454 -1.4619397662556435
    endloop
  endfacet
  facet normal 0 0.6343932841636472 -0.7730104533627357
    outer loop
      vertex -12 -10.2222148834902 -1.4157348061512727
      vertex 12 -10.146446609406727 -1.3535533905932737
      vertex 12 -10.2222148834902 -1.4157348061512727
    endloop
  endfacet
  facet normal 0 0.7730104533627342 -0.6343932841636487
    outer loop
      vertex -12 -10.146446609406727 -1.3535533905932737
      vertex 12 -10.084265193848728 -1.277785116509801
      vertex 12 -10.146446609406727 -1.3535533905932737
    endloop
  endfacet
  facet normal 0 0.09801714032956084 0.9951847266721968
    outer loop
      vertex -12 -10.402454838991936 -0.5096073597983848
      vertex 12 -10.5 -0.5
      vertex 12 -10.402454838991936 -0.5096073597983848
    endloop
  endfacet
  facet normal 0 0.29028467725445967 0.9569403357322098
    outer loop
      vertex -12 -10.308658283817454 -0.5380602337443566
      vertex 12 -10.402454838991936 -0.5096073597983848
      vertex 12 -10.308658283817454 -0.5380602337443566
    endloop
  endfacet
  facet normal 0 0.4713967368260026 0.8819212643483525
    outer loop
      vertex -12 -10.2222148834902 -0.5842651938487273
      vertex 12 -10.308658283817454 -0.5380602337443566
      vertex 12 -10.2222148834902 -0.5842651938487273
    endloop
  endfacet
  facet normal 0 0.6343932841636472 0.7730104533627357
    outer loop
      vertex -12 -10.146446609406727 -0.6464466094067263
      vertex 12 -10.2222148834902 -0.5842651938487273
      vertex 12 -10.146446609406727 -0.6464466094067263
    endloop
  endfacet
  facet normal 0 0.8819212643483559 -0.47139673682599603
    outer loop
      vertex -12 -10.084265193848728 -1.277785116509801
      vertex 12 -10.038060233744357 -1.1913417161825448
      vertex 12 -10.084265193848728 -1.277785116509801
    endloop
  endfacet
  facet normal 0 0.9569403357322053 -0.2902846772544742
    outer loop
      vertex -12 -10.038060233744357 -1.1913417161825448
      vertex 12 -10.009607359798384 -1.0975451610080642
      vertex 12 -10.038060233744357 -1.1913417161825448
    endloop
  endfacet
  facet normal 0 0.7730104533627342 0.6343932841636487
    outer loop
      vertex -12 -10.084265193848728 -0.7222148834901989
      vertex 12 -10.146446609406727 -0.6464466094067263
      vertex 12 -10.084265193848728 -0.7222148834901989
    endloop
  endfacet
  facet normal 0 0.8819212643483556 0.4713967368259965
    outer loop
      vertex -12 -10.038060233744357 -0.8086582838174551
      vertex 12 -10.084265193848728 -0.7222148834901989
      vertex 12 -10.038060233744357 -0.8086582838174551
    endloop
  endfacet
  facet normal 0 0.9951847266721978 -0.09801714032955165
    outer loop
      vertex -12 -10.009607359798384 -1.0975451610080642
      vertex 12 -10 -1
      vertex 12 -10.009607359798384 -1.0975451610080642
    endloop
  endfacet
  facet normal 0 0.9951847266721978 0.09801714032955176
    outer loop
      vertex -12 -10 -1
      vertex 12 -10.009607359798384 -0.9024548389919359
      vertex 12 -10 -1
    endloop
  endfacet
  facet normal 0 0.9569403357322056 0.2902846772544736
    outer loop
      vertex -12 -10.009607359798384 -0.9024548389919359
      vertex 12 -10.038060233744357 -0.8086582838174551
      vertex 12 -10.009607359798384 -0.9024548389919359
    endloop
  endfacet
  facet normal 1 0 0
    outer loop
      vertex 12 -10.990392640201616 -1.0975451610080642
      vertex 12 -10.961939766255643 -1.1913417161825448
      vertex 12 -10.744828076666167 -1.1014111098048458
    endloop
  endfacet
  facet normal 1 0 0
    outer loop
      vertex 12 -10.990392640201616 -1.0975451610080642
      vertex 12 -10.75990809989145 -1.0516989354505568
      vertex 12 -11 -1
    endloop
  endfacet
  facet normal 1 0 0
    outer loop
      vertex 12 -11 -1
      vertex 12 -10.765000000596046 -1
      vertex 12 -10.990392640201616 -0.9024548389919359
    endloop
  endfacet
  facet normal 1 0 0
    outer loop
      vertex 12 -10.990392640201616 -0.9024548389919359
      vertex 12 -10.75990809989145 -0.9483010645494431
      vertex 12 -10.961939766255643 -0.8086582838174551
    endloop
  endfacet
  facet normal 1 0 0
    outer loop
      vertex 12 -10.961939766255643 -1.1913417161825448
      vertex 12 -10.915734806151272 -1.277785116509801
      vertex 12 -10.72033944775577 -1.1472261120813403
    endloop
  endfacet
  facet normal 1 0 0
    outer loop
      vertex 12 -10.915734806151272 -1.277785116509801
      vertex 12 -10.853553390593273 -1.3535533905932737
      vertex 12 -10.687383297435904 -1.1873832974359035
    endloop
  endfacet
  facet normal 1 0 0
    outer loop
      vertex 12 -10.961939766255643 -1.1913417161825448
      vertex 12 -10.72033944775577 -1.1472261120813403
      vertex 12 -10.744828076666167 -1.1014111098048458
    endloop
  endfacet
  facet normal 1 0 0
    outer loop
      vertex 12 -10.853553390593273 -1.3535533905932737
      vertex 12 -10.7777851165098 -1.4157348061512727
      vertex 12 -10.64722611208134 -1.220339447755769
    endloop
  endfacet
  facet normal 1 0 0
    outer loop
      vertex 12 -10.7777851165098 -1.4157348061512727
      vertex 12 -10.691341716182546 -1.4619397662556435
      vertex 12 -10.601411109804847 -1.2448280766661661
    endloop
  endfacet
  facet normal 1 0 0
    outer loop
      vertex 12 -10.915734806151272 -1.277785116509801
      vertex 12 -10.687383297435904 -1.1873832974359035
      vertex 12 -10.72033944775577 -1.1472261120813403
    endloop
  endfacet
  facet normal 1 0 0
    outer loop
      vertex 12 -10.853553390593273 -1.3535533905932737
      vertex 12 -10.64722611208134 -1.220339447755769
      vertex 12 -10.687383297435904 -1.1873832974359035
    endloop
  endfacet
  facet normal 1 0 0
    outer loop
      vertex 12 -10.990392640201616 -1.0975451610080642
      vertex 12 -10.744828076666167 -1.1014111098048458
      vertex 12 -10.75990809989145 -1.0516989354505568
    endloop
  endfacet
  facet normal 1 0 0
    outer loop
      vertex 12 -11 -1
      vertex 12 -10.75990809989145 -1.0516989354505568
      vertex 12 -10.765000000596046 -1
    endloop
  endfacet
  facet normal 1 0 0
    outer loop
      vertex 12 -10.990392640201616 -0.9024548389919359
      vertex 12 -10.765000000596046 -1
      vertex 12 -10.75990809989145 -0.9483010645494431
    endloop
  endfacet
  facet normal 1 0 0
    outer loop
      vertex 12 -10.961939766255643 -0.8086582838174551
      vertex 12 -10.744828076666167 -0.8985888901951541
      vertex 12 -10.915734806151272 -0.7222148834901989
    endloop
  endfacet
  facet normal 1 0 0
    outer loop
      vertex 12 -10.915734806151272 -0.7222148834901989
      vertex 12 -10.72033944775577 -0.8527738879186597
      vertex 12 -10.853553390593273 -0.6464466094067263
    endloop
  endfacet
  facet normal 1 0 0
    outer loop
      vertex 12 -10.961939766255643 -0.8086582838174551
      vertex 12 -10.75990809989145 -0.9483010645494431
      vertex 12 -10.744828076666167 -0.8985888901951541
    endloop
  endfacet
  facet normal 1 0 0
    outer loop
      vertex 12 -10.915734806151272 -0.7222148834901989
      vertex 12 -10.744828076666167 -0.8985888901951541
      vertex 12 -10.72033944775577 -0.8527738879186597
    endloop
  endfacet
  facet normal 1 0 0
    outer loop
      vertex 12 -10.72033944775577 -0.8527738879186597
      vertex 12 -10.687383297435904 -0.8126167025640965
      vertex 12 -10.853553390593273 -0.6464466094067263
    endloop
  endfacet
  facet normal 1 0 0
    outer loop
      vertex 12 -10.687383297435904 -0.8126167025640965
      vertex 12 -10.64722611208134 -0.779660552244231
      vertex 12 -10.7777851165098 -0.5842651938487273
    endloop
  endfacet
  facet normal 1 0 0
    outer loop
      vertex 12 -10.691341716182546 -1.4619397662556435
      vertex 12 -10.597545161008064 -1.4903926402016152
      vertex 12 -10.551698935450556 -1.2599080998914496
    endloop
  endfacet
  facet normal 1 0 0
    outer loop
      vertex 12 -10.691341716182546 -1.4619397662556435
      vertex 12 -10.551698935450556 -1.2599080998914496
      vertex 12 -10.601411109804847 -1.2448280766661661
    endloop
  endfacet
  facet normal 1 0 0
    outer loop
      vertex 12 -10.7777851165098 -1.4157348061512727
      vertex 12 -10.601411109804847 -1.2448280766661661
      vertex 12 -10.64722611208134 -1.220339447755769
    endloop
  endfacet
  facet normal 1 0 0
    outer loop
      vertex 12 -10.597545161008064 -1.4903926402016152
      vertex 12 -10.5 -1.2650000005960464
      vertex 12 -10.551698935450556 -1.2599080998914496
    endloop
  endfacet
  facet normal 1 0 0
    outer loop
      vertex 12 -10.597545161008064 -1.4903926402016152
      vertex 12 -10.5 -1.5
      vertex 12 -10.5 -1.2650000005960464
    endloop
  endfacet
  facet normal 1 0 0
    outer loop
      vertex 12 -10.64722611208134 -0.779660552244231
      vertex 12 -10.601411109804847 -0.7551719233338339
      vertex 12 -10.691341716182546 -0.5380602337443566
    endloop
  endfacet
  facet normal 1 0 0
    outer loop
      vertex 12 -10.687383297435904 -0.8126167025640965
      vertex 12 -10.7777851165098 -0.5842651938487273
      vertex 12 -10.853553390593273 -0.6464466094067263
    endloop
  endfacet
  facet normal 1 0 0
    outer loop
      vertex 12 -10.64722611208134 -0.779660552244231
      vertex 12 -10.691341716182546 -0.5380602337443566
      vertex 12 -10.7777851165098 -0.5842651938487273
    endloop
  endfacet
  facet normal 1 0 0
    outer loop
      vertex 12 -10.601411109804847 -0.7551719233338339
      vertex 12 -10.597545161008064 -0.5096073597983848
      vertex 12 -10.691341716182546 -0.5380602337443566
    endloop
  endfacet
  facet normal 1 0 0
    outer loop
      vertex 12 -10.601411109804847 -0.7551719233338339
      vertex 12 -10.551698935450556 -0.7400919001085504
      vertex 12 -10.597545161008064 -0.5096073597983848
    endloop
  endfacet
  facet normal 1 0 0
    outer loop
      vertex 12 -10.551698935450556 -0.7400919001085504
      vertex 12 -10.5 -0.5
      vertex 12 -10.597545161008064 -0.5096073597983848
    endloop
  endfacet
  facet normal 1 0 0
    outer loop
      vertex 12 -10.551698935450556 -0.7400919001085504
      vertex 12 -10.5 -0.7349999994039536
      vertex 12 -10.5 -0.5
    endloop
  endfacet
  facet normal 1 0 0
    outer loop
      vertex 12 -10.5 -1.5
      vertex 12 -10.448301064549444 -1.2599080998914496
      vertex 12 -10.5 -1.2650000005960464
    endloop
  endfacet
  facet normal 1 0 0
    outer loop
      vertex 12 -10.5 -1.5
      vertex 12 -10.402454838991936 -1.4903926402016152
      vertex 12 -10.448301064549444 -1.2599080998914496
    endloop
  endfacet
  facet normal 1 0 0
    outer loop
      vertex 12 -10.448301064549444 -1.2599080998914496
      vertex 12 -10.402454838991936 -1.4903926402016152
      vertex 12 -10.398588890195153 -1.2448280766661661
    endloop
  endfacet
  facet normal 1 0 0
    outer loop
      vertex 12 -10.402454838991936 -1.4903926402016152
      vertex 12 -10.308658283817454 -1.4619397662556435
      vertex 12 -10.398588890195153 -1.2448280766661661
    endloop
  endfacet
  facet normal 1 0 0
    outer loop
      vertex 12 -10.398588890195153 -1.2448280766661661
      vertex 12 -10.308658283817454 -1.4619397662556435
      vertex 12 -10.35277388791866 -1.220339447755769
    endloop
  endfacet
  facet normal 1 0 0
    outer loop
      vertex 12 -10.398588890195153 -0.7551719233338339
      vertex 12 -10.35277388791866 -0.779660552244231
      vertex 12 -10.2222148834902 -0.5842651938487273
    endloop
  endfacet
  facet normal 1 0 0
    outer loop
      vertex 12 -10.35277388791866 -1.220339447755769
      vertex 12 -10.308658283817454 -1.4619397662556435
      vertex 12 -10.2222148834902 -1.4157348061512727
    endloop
  endfacet
  facet normal 1 0 0
    outer loop
      vertex 12 -10.312616702564096 -1.1873832974359035
      vertex 12 -10.2222148834902 -1.4157348061512727
      vertex 12 -10.146446609406727 -1.3535533905932737
    endloop
  endfacet
  facet normal 1 0 0
    outer loop
      vertex 12 -10.35277388791866 -1.220339447755769
      vertex 12 -10.2222148834902 -1.4157348061512727
      vertex 12 -10.312616702564096 -1.1873832974359035
    endloop
  endfacet
  facet normal 1 0 0
    outer loop
      vertex 12 -10.312616702564096 -1.1873832974359035
      vertex 12 -10.146446609406727 -1.3535533905932737
      vertex 12 -10.27966055224423 -1.1472261120813403
    endloop
  endfacet
  facet normal 1 0 0
    outer loop
      vertex 12 -10.27966055224423 -1.1472261120813403
      vertex 12 -10.084265193848728 -1.277785116509801
      vertex 12 -10.255171923333833 -1.1014111098048458
    endloop
  endfacet
  facet normal 1 0 0
    outer loop
      vertex 12 -10.255171923333833 -1.1014111098048458
      vertex 12 -10.038060233744357 -1.1913417161825448
      vertex 12 -10.24009190010855 -1.0516989354505568
    endloop
  endfacet
  facet normal 1 0 0
    outer loop
      vertex 12 -10.27966055224423 -1.1472261120813403
      vertex 12 -10.146446609406727 -1.3535533905932737
      vertex 12 -10.084265193848728 -1.277785116509801
    endloop
  endfacet
  facet normal 1 0 0
    outer loop
      vertex 12 -10.255171923333833 -1.1014111098048458
      vertex 12 -10.084265193848728 -1.277785116509801
      vertex 12 -10.038060233744357 -1.1913417161825448
    endloop
  endfacet
  facet normal 1 0 0
    outer loop
      vertex 12 -10.312616702564096 -0.8126167025640965
      vertex 12 -10.146446609406727 -0.6464466094067263
      vertex 12 -10.35277388791866 -0.779660552244231
    endloop
  endfacet
  facet normal 1 0 0
    outer loop
      vertex 12 -10.312616702564096 -0.8126167025640965
      vertex 12 -10.27966055224423 -0.8527738879186597
      vertex 12 -10.084265193848728 -0.7222148834901989
    endloop
  endfacet
  facet normal 1 0 0
    outer loop
      vertex 12 -10.24009190010855 -1.0516989354505568
      vertex 12 -10.009607359798384 -1.0975451610080642
      vertex 12 -10.234999999403954 -1
    endloop
  endfacet
  facet normal 1 0 0
    outer loop
      vertex 12 -10.234999999403954 -1
      vertex 12 -10 -1
      vertex 12 -10.24009190010855 -0.9483010645494431
    endloop
  endfacet
  facet normal 1 0 0
    outer loop
      vertex 12 -10.255171923333833 -0.8985888901951541
      vertex 12 -10.24009190010855 -0.9483010645494431
      vertex 12 -10.009607359798384 -0.9024548389919359
    endloop
  endfacet
  facet normal 1 0 0
    outer loop
      vertex 12 -10.255171923333833 -0.8985888901951541
      vertex 12 -10.038060233744357 -0.8086582838174551
      vertex 12 -10.27966055224423 -0.8527738879186597
    endloop
  endfacet
  facet normal 1 0 0
    outer loop
      vertex 12 -10.312616702564096 -0.8126167025640965
      vertex 12 -10.084265193848728 -0.7222148834901989
      vertex 12 -10.146446609406727 -0.6464466094067263
    endloop
  endfacet
  facet normal 1 0 0
    outer loop
      vertex 12 -10.27966055224423 -0.8527738879186597
      vertex 12 -10.038060233744357 -0.8086582838174551
      vertex 12 -10.084265193848728 -0.7222148834901989
    endloop
  endfacet
  facet normal 1 0 0
    outer loop
      vertex 12 -10.5 -0.7349999994039536
      vertex 12 -10.402454838991936 -0.5096073597983848
      vertex 12 -10.5 -0.5
    endloop
  endfacet
  facet normal 1 0 0
    outer loop
      vertex 12 -10.5 -0.7349999994039536
      vertex 12 -10.448301064549444 -0.7400919001085504
      vertex 12 -10.402454838991936 -0.5096073597983848
    endloop
  endfacet
  facet normal 1 0 0
    outer loop
      vertex 12 -10.448301064549444 -0.7400919001085504
      vertex 12 -10.398588890195153 -0.7551719233338339
      vertex 12 -10.308658283817454 -0.5380602337443566
    endloop
  endfacet
  facet normal 1 0 0
    outer loop
      vertex 12 -10.448301064549444 -0.7400919001085504
      vertex 12 -10.308658283817454 -0.5380602337443566
      vertex 12 -10.402454838991936 -0.5096073597983848
    endloop
  endfacet
  facet normal 1 0 0
    outer loop
      vertex 12 -10.398588890195153 -0.7551719233338339
      vertex 12 -10.2222148834902 -0.5842651938487273
      vertex 12 -10.308658283817454 -0.5380602337443566
    endloop
  endfacet
  facet normal 1 0 0
    outer loop
      vertex 12 -10.35277388791866 -0.779660552244231
      vertex 12 -10.146446609406727 -0.6464466094067263
      vertex 12 -10.2222148834902 -0.5842651938487273
    endloop
  endfacet
  facet normal 1 0 0
    outer loop
      vertex 12 -10.24009190010855 -1.0516989354505568
      vertex 12 -10.038060233744357 -1.1913417161825448
      vertex 12 -10.009607359798384 -1.0975451610080642
    endloop
  endfacet
  facet normal 1 0 0
    outer loop
      vertex 12 -10.234999999403954 -1
      vertex 12 -10.009607359798384 -1.0975451610080642
      vertex 12 -10 -1
    endloop
  endfacet
  facet normal 1 0 0
    outer loop
      vertex 12 -10.24009190010855 -0.9483010645494431
      vertex 12 -10 -1
      vertex 12 -10.009607359798384 -0.9024548389919359
    endloop
  endfacet
  facet normal 1 0 0
    outer loop
      vertex 12 -10.255171923333833 -0.8985888901951541
      vertex 12 -10.009607359798384 -0.9024548389919359
      vertex 12 -10.038060233744357 -0.8086582838174551
    endloop
  endfacet
  facet normal -1 0 0
    outer loop
      vertex -12 10.009607359798384 -1.0975451610080642
      vertex -12 10.24009190010855 -1.0516989354505568
      vertex -12 10.038060233744357 -1.1913417161825448
    endloop
  endfacet
  facet normal -1 0 0
    outer loop
      vertex -12 10.009607359798384 -1.0975451610080642
      vertex -12 10 -1
      vertex -12 10.234999999403954 -1
    endloop
  endfacet
  facet normal -1 0 0
    outer loop
      vertex -12 10 -1
      vertex -12 10.009607359798384 -0.9024548389919359
      vertex -12 10.24009190010855 -0.9483010645494431
    endloop
  endfacet
  facet normal -1 0 0
    outer loop
      vertex -12 10.009607359798384 -0.9024548389919359
      vertex -12 10.038060233744357 -0.8086582838174551
      vertex -12 10.255171923333833 -0.8985888901951541
    endloop
  endfacet
  facet normal -1 0 0
    outer loop
      vertex -12 10.084265193848728 -1.277785116509801
      vertex -12 10.27966055224423 -1.1472261120813403
      vertex -12 10.146446609406727 -1.3535533905932737
    endloop
  endfacet
  facet normal -1 0 0
    outer loop
      vertex -12 10.038060233744357 -1.1913417161825448
      vertex -12 10.255171923333833 -1.1014111098048458
      vertex -12 10.084265193848728 -1.277785116509801
    endloop
  endfacet
  facet normal -1 0 0
    outer loop
      vertex -12 10.038060233744357 -1.1913417161825448
      vertex -12 10.24009190010855 -1.0516989354505568
      vertex -12 10.255171923333833 -1.1014111098048458
    endloop
  endfacet
  facet normal -1 0 0
    outer loop
      vertex -12 10.084265193848728 -1.277785116509801
      vertex -12 10.255171923333833 -1.1014111098048458
      vertex -12 10.27966055224423 -1.1472261120813403
    endloop
  endfacet
  facet normal -1 0 0
    outer loop
      vertex -12 10.146446609406727 -1.3535533905932737
      vertex -12 10.312616702564096 -1.1873832974359035
      vertex -12 10.2222148834902 -1.4157348061512727
    endloop
  endfacet
  facet normal -1 0 0
    outer loop
      vertex -12 10.2222148834902 -1.4157348061512727
      vertex -12 10.35277388791866 -1.220339447755769
      vertex -12 10.308658283817454 -1.4619397662556435
    endloop
  endfacet
  facet normal -1 0 0
    outer loop
      vertex -12 10.146446609406727 -1.3535533905932737
      vertex -12 10.27966055224423 -1.1472261120813403
      vertex -12 10.312616702564096 -1.1873832974359035
    endloop
  endfacet
  facet normal -1 0 0
    outer loop
      vertex -12 10.2222148834902 -1.4157348061512727
      vertex -12 10.312616702564096 -1.1873832974359035
      vertex -12 10.35277388791866 -1.220339447755769
    endloop
  endfacet
  facet normal -1 0 0
    outer loop
      vertex -12 10.009607359798384 -1.0975451610080642
      vertex -12 10.234999999403954 -1
      vertex -12 10.24009190010855 -1.0516989354505568
    endloop
  endfacet
  facet normal -1 0 0
    outer loop
      vertex -12 10 -1
      vertex -12 10.24009190010855 -0.9483010645494431
      vertex -12 10.234999999403954 -1
    endloop
  endfacet
  facet normal -1 0 0
    outer loop
      vertex -12 10.009607359798384 -0.9024548389919359
      vertex -12 10.255171923333833 -0.8985888901951541
      vertex -12 10.24009190010855 -0.9483010645494431
    endloop
  endfacet
  facet normal -1 0 0
    outer loop
      vertex -12 10.038060233744357 -0.8086582838174551
      vertex -12 10.084265193848728 -0.7222148834901989
      vertex -12 10.27966055224423 -0.8527738879186597
    endloop
  endfacet
  facet normal -1 0 0
    outer loop
      vertex -12 10.038060233744357 -0.8086582838174551
      vertex -12 10.27966055224423 -0.8527738879186597
      vertex -12 10.255171923333833 -0.8985888901951541
    endloop
  endfacet
  facet normal -1 0 0
    outer loop
      vertex -12 10.084265193848728 -0.7222148834901989
      vertex -12 10.146446609406727 -0.6464466094067263
      vertex -12 10.312616702564096 -0.8126167025640965
    endloop
  endfacet
  facet normal -1 0 0
    outer loop
      vertex -12 10.084265193848728 -0.7222148834901989
      vertex -12 10.312616702564096 -0.8126167025640965
      vertex -12 10.27966055224423 -0.8527738879186597
    endloop
  endfacet
  facet normal -1 0 0
    outer loop
      vertex -12 10.312616702564096 -0.8126167025640965
      vertex -12 10.146446609406727 -0.6464466094067263
      vertex -12 10.35277388791866 -0.779660552244231
    endloop
  endfacet
  facet normal -1 0 0
    outer loop
      vertex -12 10.308658283817454 -1.4619397662556435
      vertex -12 10.35277388791866 -1.220339447755769
      vertex -12 10.398588890195153 -1.2448280766661661
    endloop
  endfacet
  facet normal -1 0 0
    outer loop
      vertex -12 10.308658283817454 -1.4619397662556435
      vertex -12 10.398588890195153 -1.2448280766661661
      vertex -12 10.402454838991936 -1.4903926402016152
    endloop
  endfacet
  facet normal -1 0 0
    outer loop
      vertex -12 10.402454838991936 -1.4903926402016152
      vertex -12 10.448301064549444 -1.2599080998914496
      vertex -12 10.5 -1.5
    endloop
  endfacet
  facet normal -1 0 0
    outer loop
      vertex -12 10.402454838991936 -1.4903926402016152
      vertex -12 10.398588890195153 -1.2448280766661661
      vertex -12 10.448301064549444 -1.2599080998914496
    endloop
  endfacet
  facet normal -1 0 0
    outer loop
      vertex -12 10.448301064549444 -1.2599080998914496
      vertex -12 10.5 -1.2650000005960464
      vertex -12 10.5 -1.5
    endloop
  endfacet
  facet normal -1 0 0
    outer loop
      vertex -12 10.35277388791866 -0.779660552244231
      vertex -12 10.2222148834902 -0.5842651938487273
      vertex -12 10.398588890195153 -0.7551719233338339
    endloop
  endfacet
  facet normal -1 0 0
    outer loop
      vertex -12 10.35277388791866 -0.779660552244231
      vertex -12 10.146446609406727 -0.6464466094067263
      vertex -12 10.2222148834902 -0.5842651938487273
    endloop
  endfacet
  facet normal -1 0 0
    outer loop
      vertex -12 10.398588890195153 -0.7551719233338339
      vertex -12 10.2222148834902 -0.5842651938487273
      vertex -12 10.308658283817454 -0.5380602337443566
    endloop
  endfacet
  facet normal -1 0 0
    outer loop
      vertex -12 10.398588890195153 -0.7551719233338339
      vertex -12 10.308658283817454 -0.5380602337443566
      vertex -12 10.448301064549444 -0.7400919001085504
    endloop
  endfacet
  facet normal -1 0 0
    outer loop
      vertex -12 10.448301064549444 -0.7400919001085504
      vertex -12 10.308658283817454 -0.5380602337443566
      vertex -12 10.402454838991936 -0.5096073597983848
    endloop
  endfacet
  facet normal -1 0 0
    outer loop
      vertex -12 10.448301064549444 -0.7400919001085504
      vertex -12 10.402454838991936 -0.5096073597983848
      vertex -12 10.5 -0.7349999994039536
    endloop
  endfacet
  facet normal -1 0 0
    outer loop
      vertex -12 10.402454838991936 -0.5096073597983848
      vertex -12 10.5 -0.5
      vertex -12 10.5 -0.7349999994039536
    endloop
  endfacet
  facet normal -1 0 0
    outer loop
      vertex -12 10.5 -1.5
      vertex -12 10.5 -1.2650000005960464
      vertex -12 10.597545161008064 -1.4903926402016152
    endloop
  endfacet
  facet normal -1 0 0
    outer loop
      vertex -12 10.5 -1.2650000005960464
      vertex -12 10.551698935450556 -1.2599080998914496
      vertex -12 10.597545161008064 -1.4903926402016152
    endloop
  endfacet
  facet normal -1 0 0
    outer loop
      vertex -12 10.551698935450556 -1.2599080998914496
      vertex -12 10.691341716182546 -1.4619397662556435
      vertex -12 10.597545161008064 -1.4903926402016152
    endloop
  endfacet
  facet normal -1 0 0
    outer loop
      vertex -12 10.551698935450556 -1.2599080998914496
      vertex -12 10.601411109804847 -1.2448280766661661
      vertex -12 10.691341716182546 -1.4619397662556435
    endloop
  endfacet
  facet normal -1 0 0
    outer loop
      vertex -12 10.601411109804847 -1.2448280766661661
      vertex -12 10.64722611208134 -1.220339447755769
      vertex -12 10.7777851165098 -1.4157348061512727
    endloop
  endfacet
  facet normal -1 0 0
    outer loop
      vertex -12 10.601411109804847 -0.7551719233338339
      vertex -12 10.691341716182546 -0.5380602337443566
      vertex -12 10.64722611208134 -0.779660552244231
    endloop
  endfacet
  facet normal -1 0 0
    outer loop
      vertex -12 10.601411109804847 -1.2448280766661661
      vertex -12 10.7777851165098 -1.4157348061512727
      vertex -12 10.691341716182546 -1.4619397662556435
    endloop
  endfacet
  facet normal -1 0 0
    outer loop
      vertex -12 10.64722611208134 -1.220339447755769
      vertex -12 10.853553390593273 -1.3535533905932737
      vertex -12 10.7777851165098 -1.4157348061512727
    endloop
  endfacet
  facet normal -1 0 0
    outer loop
      vertex -12 10.64722611208134 -1.220339447755769
      vertex -12 10.687383297435904 -1.1873832974359035
      vertex -12 10.853553390593273 -1.3535533905932737
    endloop
  endfacet
  facet normal -1 0 0
    outer loop
      vertex -12 10.687383297435904 -1.1873832974359035
      vertex -12 10.72033944775577 -1.1472261120813403
      vertex -12 10.915734806151272 -1.277785116509801
    endloop
  endfacet
  facet normal -1 0 0
    outer loop
      vertex -12 10.687383297435904 -1.1873832974359035
      vertex -12 10.915734806151272 -1.277785116509801
      vertex -12 10.853553390593273 -1.3535533905932737
    endloop
  endfacet
  facet normal -1 0 0
    outer loop
      vertex -12 10.72033944775577 -1.1472261120813403
      vertex -12 10.744828076666167 -1.1014111098048458
      vertex -12 10.961939766255643 -1.1913417161825448
    endloop
  endfacet
  facet normal -1 0 0
    outer loop
      vertex -12 10.72033944775577 -1.1472261120813403
      vertex -12 10.961939766255643 -1.1913417161825448
      vertex -12 10.915734806151272 -1.277785116509801
    endloop
  endfacet
  facet normal -1 0 0
    outer loop
      vertex -12 10.687383297435904 -0.8126167025640965
      vertex -12 10.64722611208134 -0.779660552244231
      vertex -12 10.7777851165098 -0.5842651938487273
    endloop
  endfacet
  facet normal -1 0 0
    outer loop
      vertex -12 10.687383297435904 -0.8126167025640965
      vertex -12 10.853553390593273 -0.6464466094067263
      vertex -12 10.72033944775577 -0.8527738879186597
    endloop
  endfacet
  facet normal -1 0 0
    outer loop
      vertex -12 10.744828076666167 -1.1014111098048458
      vertex -12 10.75990809989145 -1.0516989354505568
      vertex -12 10.990392640201616 -1.0975451610080642
    endloop
  endfacet
  facet normal -1 0 0
    outer loop
      vertex -12 10.75990809989145 -1.0516989354505568
      vertex -12 10.765000000596046 -1
      vertex -12 11 -1
    endloop
  endfacet
  facet normal -1 0 0
    outer loop
      vertex -12 10.765000000596046 -1
      vertex -12 10.75990809989145 -0.9483010645494431
      vertex -12 10.990392640201616 -0.9024548389919359
    endloop
  endfacet
  facet normal -1 0 0
    outer loop
      vertex -12 10.744828076666167 -0.8985888901951541
      vertex -12 10.72033944775577 -0.8527738879186597
      vertex -12 10.915734806151272 -0.7222148834901989
    endloop
  endfacet
  facet normal -1 0 0
    outer loop
      vertex -12 10.744828076666167 -0.8985888901951541
      vertex -12 10.961939766255643 -0.8086582838174551
      vertex -12 10.75990809989145 -0.9483010645494431
    endloop
  endfacet
  facet normal -1 0 0
    outer loop
      vertex -12 10.744828076666167 -0.8985888901951541
      vertex -12 10.915734806151272 -0.7222148834901989
      vertex -12 10.961939766255643 -0.8086582838174551
    endloop
  endfacet
  facet normal -1 0 0
    outer loop
      vertex -12 10.72033944775577 -0.8527738879186597
      vertex -12 10.853553390593273 -0.6464466094067263
      vertex -12 10.915734806151272 -0.7222148834901989
    endloop
  endfacet
  facet normal -1 0 0
    outer loop
      vertex -12 10.5 -0.7349999994039536
      vertex -12 10.5 -0.5
      vertex -12 10.551698935450556 -0.7400919001085504
    endloop
  endfacet
  facet normal -1 0 0
    outer loop
      vertex -12 10.551698935450556 -0.7400919001085504
      vertex -12 10.597545161008064 -0.5096073597983848
      vertex -12 10.601411109804847 -0.7551719233338339
    endloop
  endfacet
  facet normal -1 0 0
    outer loop
      vertex -12 10.551698935450556 -0.7400919001085504
      vertex -12 10.5 -0.5
      vertex -12 10.597545161008064 -0.5096073597983848
    endloop
  endfacet
  facet normal -1 0 0
    outer loop
      vertex -12 10.601411109804847 -0.7551719233338339
      vertex -12 10.597545161008064 -0.5096073597983848
      vertex -12 10.691341716182546 -0.5380602337443566
    endloop
  endfacet
  facet normal -1 0 0
    outer loop
      vertex -12 10.64722611208134 -0.779660552244231
      vertex -12 10.691341716182546 -0.5380602337443566
      vertex -12 10.7777851165098 -0.5842651938487273
    endloop
  endfacet
  facet normal -1 0 0
    outer loop
      vertex -12 10.687383297435904 -0.8126167025640965
      vertex -12 10.7777851165098 -0.5842651938487273
      vertex -12 10.853553390593273 -0.6464466094067263
    endloop
  endfacet
  facet normal -1 0 0
    outer loop
      vertex -12 10.744828076666167 -1.1014111098048458
      vertex -12 10.990392640201616 -1.0975451610080642
      vertex -12 10.961939766255643 -1.1913417161825448
    endloop
  endfacet
  facet normal -1 0 0
    outer loop
      vertex -12 10.75990809989145 -1.0516989354505568
      vertex -12 11 -1
      vertex -12 10.990392640201616 -1.0975451610080642
    endloop
  endfacet
  facet normal -1 0 0
    outer loop
      vertex -12 10.765000000596046 -1
      vertex -12 10.990392640201616 -0.9024548389919359
      vertex -12 11 -1
    endloop
  endfacet
  facet normal -1 0 0
    outer loop
      vertex -12 10.75990809989145 -0.9483010645494431
      vertex -12 10.961939766255643 -0.8086582838174551
      vertex -12 10.990392640201616 -0.9024548389919359
    endloop
  endfacet
  facet normal 0 -0.9569403357322053 -0.2902846772544742
    outer loop
      vertex -12 10.009607359798384 -1.0975451610080642
      vertex -12 10.038060233744357 -1.1913417161825448
      vertex 12 10.038060233744357 -1.1913417161825448
    endloop
  endfacet
  facet normal 0 -0.8819212643483559 -0.47139673682599603
    outer loop
      vertex -12 10.038060233744357 -1.1913417161825448
      vertex -12 10.084265193848728 -1.277785116509801
      vertex 12 10.084265193848728 -1.277785116509801
    endloop
  endfacet
  facet normal 0 -0.9951847266721978 -0.09801714032955165
    outer loop
      vertex -12 10.009607359798384 -1.0975451610080642
      vertex 12 10.009607359798384 -1.0975451610080642
      vertex -12 10 -1
    endloop
  endfacet
  facet normal 0 -0.9951847266721978 0.09801714032955176
    outer loop
      vertex -12 10 -1
      vertex 12 10 -1
      vertex -12 10.009607359798384 -0.9024548389919359
    endloop
  endfacet
  facet normal 0 -0.9569403357322056 0.2902846772544736
    outer loop
      vertex -12 10.009607359798384 -0.9024548389919359
      vertex 12 10.009607359798384 -0.9024548389919359
      vertex -12 10.038060233744357 -0.8086582838174551
    endloop
  endfacet
  facet normal 0 -0.8819212643483556 0.4713967368259965
    outer loop
      vertex -12 10.038060233744357 -0.8086582838174551
      vertex 12 10.038060233744357 -0.8086582838174551
      vertex -12 10.084265193848728 -0.7222148834901989
    endloop
  endfacet
  facet normal 0 -0.7730104533627342 0.6343932841636487
    outer loop
      vertex -12 10.084265193848728 -0.7222148834901989
      vertex 12 10.084265193848728 -0.7222148834901989
      vertex -12 10.146446609406727 -0.6464466094067263
    endloop
  endfacet
  facet normal 0 -0.7730104533627342 -0.6343932841636487
    outer loop
      vertex -12 10.084265193848728 -1.277785116509801
      vertex -12 10.146446609406727 -1.3535533905932737
      vertex 12 10.146446609406727 -1.3535533905932737
    endloop
  endfacet
  facet normal 0 -0.6343932841636472 -0.7730104533627357
    outer loop
      vertex -12 10.146446609406727 -1.3535533905932737
      vertex -12 10.2222148834902 -1.4157348061512727
      vertex 12 10.2222148834902 -1.4157348061512727
    endloop
  endfacet
  facet normal 0 -0.47139673682600347 -0.8819212643483519
    outer loop
      vertex -12 10.2222148834902 -1.4157348061512727
      vertex -12 10.308658283817454 -1.4619397662556435
      vertex 12 10.308658283817454 -1.4619397662556435
    endloop
  endfacet
  facet normal 0 -0.2902846772544586 -0.9569403357322099
    outer loop
      vertex -12 10.308658283817454 -1.4619397662556435
      vertex -12 10.402454838991936 -1.4903926402016152
      vertex 12 10.402454838991936 -1.4903926402016152
    endloop
  endfacet
  facet normal 0 -0.09801714032956084 -0.9951847266721968
    outer loop
      vertex -12 10.402454838991936 -1.4903926402016152
      vertex -12 10.5 -1.5
      vertex 12 10.5 -1.5
    endloop
  endfacet
  facet normal 0 -0.6343932841636472 0.7730104533627357
    outer loop
      vertex -12 10.146446609406727 -0.6464466094067263
      vertex 12 10.146446609406727 -0.6464466094067263
      vertex -12 10.2222148834902 -0.5842651938487273
    endloop
  endfacet
  facet normal 0 -0.4713967368260026 0.8819212643483525
    outer loop
      vertex -12 10.2222148834902 -0.5842651938487273
      vertex 12 10.2222148834902 -0.5842651938487273
      vertex -12 10.308658283817454 -0.5380602337443566
    endloop
  endfacet
  facet normal 0 -0.29028467725445967 0.9569403357322098
    outer loop
      vertex -12 10.308658283817454 -0.5380602337443566
      vertex 12 10.308658283817454 -0.5380602337443566
      vertex -12 10.402454838991936 -0.5096073597983848
    endloop
  endfacet
  facet normal 0 -0.09801714032956084 0.9951847266721968
    outer loop
      vertex -12 10.402454838991936 -0.5096073597983848
      vertex 12 10.402454838991936 -0.5096073597983848
      vertex -12 10.5 -0.5
    endloop
  endfacet
  facet normal 0 0.09801714032956084 -0.9951847266721968
    outer loop
      vertex -12 10.5 -1.5
      vertex -12 10.597545161008064 -1.4903926402016152
      vertex 12 10.597545161008064 -1.4903926402016152
    endloop
  endfacet
  facet normal 0 0.2902846772544586 -0.9569403357322099
    outer loop
      vertex -12 10.597545161008064 -1.4903926402016152
      vertex -12 10.691341716182546 -1.4619397662556435
      vertex 12 10.691341716182546 -1.4619397662556435
    endloop
  endfacet
  facet normal 0 0.47139673682600347 -0.8819212643483519
    outer loop
      vertex -12 10.691341716182546 -1.4619397662556435
      vertex -12 10.7777851165098 -1.4157348061512727
      vertex 12 10.7777851165098 -1.4157348061512727
    endloop
  endfacet
  facet normal 0 0.6343932841636472 -0.7730104533627357
    outer loop
      vertex -12 10.7777851165098 -1.4157348061512727
      vertex -12 10.853553390593273 -1.3535533905932737
      vertex 12 10.853553390593273 -1.3535533905932737
    endloop
  endfacet
  facet normal 0 0.09801714032956084 0.9951847266721968
    outer loop
      vertex -12 10.5 -0.5
      vertex 12 10.5 -0.5
      vertex -12 10.597545161008064 -0.5096073597983848
    endloop
  endfacet
  facet normal 0 0.29028467725445967 0.9569403357322098
    outer loop
      vertex -12 10.597545161008064 -0.5096073597983848
      vertex 12 10.597545161008064 -0.5096073597983848
      vertex -12 10.691341716182546 -0.5380602337443566
    endloop
  endfacet
  facet normal 0 0.4713967368260026 0.8819212643483525
    outer loop
      vertex -12 10.691341716182546 -0.5380602337443566
      vertex 12 10.691341716182546 -0.5380602337443566
      vertex -12 10.7777851165098 -0.5842651938487273
    endloop
  endfacet
  facet normal 0 0.6343932841636472 0.7730104533627357
    outer loop
      vertex -12 10.7777851165098 -0.5842651938487273
      vertex 12 10.7777851165098 -0.5842651938487273
      vertex -12 10.853553390593273 -0.6464466094067263
    endloop
  endfacet
  facet normal 0 0.7730104533627342 0.6343932841636487
    outer loop
      vertex -12 10.853553390593273 -0.6464466094067263
      vertex 12 10.853553390593273 -0.6464466094067263
      vertex -12 10.915734806151272 -0.7222148834901989
    endloop
  endfacet
  facet normal 0 0.7730104533627342 -0.6343932841636487
    outer loop
      vertex -12 10.853553390593273 -1.3535533905932737
      vertex -12 10.915734806151272 -1.277785116509801
      vertex 12 10.915734806151272 -1.277785116509801
    endloop
  endfacet
  facet normal 0 0.8819212643483559 -0.47139673682599603
    outer loop
      vertex -12 10.915734806151272 -1.277785116509801
      vertex -12 10.961939766255643 -1.1913417161825448
      vertex 12 10.961939766255643 -1.1913417161825448
    endloop
  endfacet
  facet normal 0 0.9569403357322053 -0.2902846772544742
    outer loop
      vertex -12 10.961939766255643 -1.1913417161825448
      vertex -12 10.990392640201616 -1.0975451610080642
      vertex 12 10.990392640201616 -1.0975451610080642
    endloop
  endfacet
  facet normal 0 0.8819212643483556 0.4713967368259965
    outer loop
      vertex -12 10.915734806151272 -0.7222148834901989
      vertex 12 10.915734806151272 -0.7222148834901989
      vertex -12 10.961939766255643 -0.8086582838174551
    endloop
  endfacet
  facet normal 0 0.9951847266721978 -0.09801714032955165
    outer loop
      vertex -12 10.990392640201616 -1.0975451610080642
      vertex -12 11 -1
      vertex 12 11 -1
    endloop
  endfacet
  facet normal 0 0.9951847266721978 0.09801714032955176
    outer loop
      vertex -12 11 -1
      vertex -12 10.990392640201616 -0.9024548389919359
      vertex 12 10.990392640201616 -0.9024548389919359
    endloop
  endfacet
  facet normal 0 0.9569403357322056 0.2902846772544736
    outer loop
      vertex -12 10.961939766255643 -0.8086582838174551
      vertex 12 10.961939766255643 -0.8086582838174551
      vertex -12 10.990392640201616 -0.9024548389919359
    endloop
  endfacet
  facet normal 0 -0.9569403357322053 -0.2902846772544742
    outer loop
      vertex -12 10.009607359798384 -1.0975451610080642
      vertex 12 10.038060233744357 -1.1913417161825448
      vertex 12 10.009607359798384 -1.0975451610080642
    endloop
  endfacet
  facet normal 0 -0.7730104533627342 -0.6343932841636487
    outer loop
      vertex -12 10.084265193848728 -1.277785116509801
      vertex 12 10.146446609406727 -1.3535533905932737
      vertex 12 10.084265193848728 -1.277785116509801
    endloop
  endfacet
  facet normal 0 -0.8819212643483559 -0.47139673682599603
    outer loop
      vertex -12 10.038060233744357 -1.1913417161825448
      vertex 12 10.084265193848728 -1.277785116509801
      vertex 12 10.038060233744357 -1.1913417161825448
    endloop
  endfacet
  facet normal 0 -0.9951847266721978 -0.09801714032955165
    outer loop
      vertex -12 10 -1
      vertex 12 10.009607359798384 -1.0975451610080642
      vertex 12 10 -1
    endloop
  endfacet
  facet normal 0 -0.9951847266721978 0.09801714032955176
    outer loop
      vertex -12 10.009607359798384 -0.9024548389919359
      vertex 12 10 -1
      vertex 12 10.009607359798384 -0.9024548389919359
    endloop
  endfacet
  facet normal 0 -0.9569403357322056 0.2902846772544736
    outer loop
      vertex -12 10.038060233744357 -0.8086582838174551
      vertex 12 10.009607359798384 -0.9024548389919359
      vertex 12 10.038060233744357 -0.8086582838174551
    endloop
  endfacet
  facet normal 0 -0.8819212643483556 0.4713967368259965
    outer loop
      vertex -12 10.084265193848728 -0.7222148834901989
      vertex 12 10.038060233744357 -0.8086582838174551
      vertex 12 10.084265193848728 -0.7222148834901989
    endloop
  endfacet
  facet normal 0 -0.6343932841636472 -0.7730104533627357
    outer loop
      vertex -12 10.146446609406727 -1.3535533905932737
      vertex 12 10.2222148834902 -1.4157348061512727
      vertex 12 10.146446609406727 -1.3535533905932737
    endloop
  endfacet
  facet normal 0 -0.47139673682600347 -0.8819212643483519
    outer loop
      vertex -12 10.2222148834902 -1.4157348061512727
      vertex 12 10.308658283817454 -1.4619397662556435
      vertex 12 10.2222148834902 -1.4157348061512727
    endloop
  endfacet
  facet normal 0 -0.2902846772544586 -0.9569403357322099
    outer loop
      vertex -12 10.308658283817454 -1.4619397662556435
      vertex 12 10.402454838991936 -1.4903926402016152
      vertex 12 10.308658283817454 -1.4619397662556435
    endloop
  endfacet
  facet normal 0 -0.09801714032956084 -0.9951847266721968
    outer loop
      vertex -12 10.402454838991936 -1.4903926402016152
      vertex 12 10.5 -1.5
      vertex 12 10.402454838991936 -1.4903926402016152
    endloop
  endfacet
  facet normal 0 -0.7730104533627342 0.6343932841636487
    outer loop
      vertex -12 10.146446609406727 -0.6464466094067263
      vertex 12 10.084265193848728 -0.7222148834901989
      vertex 12 10.146446609406727 -0.6464466094067263
    endloop
  endfacet
  facet normal 0 -0.6343932841636472 0.7730104533627357
    outer loop
      vertex -12 10.2222148834902 -0.5842651938487273
      vertex 12 10.146446609406727 -0.6464466094067263
      vertex 12 10.2222148834902 -0.5842651938487273
    endloop
  endfacet
  facet normal 0 -0.4713967368260026 0.8819212643483525
    outer loop
      vertex -12 10.308658283817454 -0.5380602337443566
      vertex 12 10.2222148834902 -0.5842651938487273
      vertex 12 10.308658283817454 -0.5380602337443566
    endloop
  endfacet
  facet normal 0 -0.29028467725445967 0.9569403357322098
    outer loop
      vertex -12 10.402454838991936 -0.5096073597983848
      vertex 12 10.308658283817454 -0.5380602337443566
      vertex 12 10.402454838991936 -0.5096073597983848
    endloop
  endfacet
  facet normal 0 -0.09801714032956084 0.9951847266721968
    outer loop
      vertex -12 10.5 -0.5
      vertex 12 10.402454838991936 -0.5096073597983848
      vertex 12 10.5 -0.5
    endloop
  endfacet
  facet normal 0 0.09801714032956084 -0.9951847266721968
    outer loop
      vertex -12 10.5 -1.5
      vertex 12 10.597545161008064 -1.4903926402016152
      vertex 12 10.5 -1.5
    endloop
  endfacet
  facet normal 0 0.2902846772544586 -0.9569403357322099
    outer loop
      vertex -12 10.597545161008064 -1.4903926402016152
      vertex 12 10.691341716182546 -1.4619397662556435
      vertex 12 10.597545161008064 -1.4903926402016152
    endloop
  endfacet
  facet normal 0 0.47139673682600347 -0.8819212643483519
    outer loop
      vertex -12 10.691341716182546 -1.4619397662556435
      vertex 12 10.7777851165098 -1.4157348061512727
      vertex 12 10.691341716182546 -1.4619397662556435
    endloop
  endfacet
  facet normal 0 0.6343932841636472 -0.7730104533627357
    outer loop
      vertex -12 10.7777851165098 -1.4157348061512727
      vertex 12 10.853553390593273 -1.3535533905932737
      vertex 12 10.7777851165098 -1.4157348061512727
    endloop
  endfacet
  facet normal 0 0.7730104533627342 -0.6343932841636487
    outer loop
      vertex -12 10.853553390593273 -1.3535533905932737
      vertex 12 10.915734806151272 -1.277785116509801
      vertex 12 10.853553390593273 -1.3535533905932737
    endloop
  endfacet
  facet normal 0 0.09801714032956084 0.9951847266721968
    outer loop
      vertex -12 10.597545161008064 -0.5096073597983848
      vertex 12 10.5 -0.5
      vertex 12 10.597545161008064 -0.5096073597983848
    endloop
  endfacet
  facet normal 0 0.29028467725445967 0.9569403357322098
    outer loop
      vertex -12 10.691341716182546 -0.5380602337443566
      vertex 12 10.597545161008064 -0.5096073597983848
      vertex 12 10.691341716182546 -0.5380602337443566
    endloop
  endfacet
  facet normal 0 0.4713967368260026 0.8819212643483525
    outer loop
      vertex -12 10.7777851165098 -0.5842651938487273
      vertex 12 10.691341716182546 -0.5380602337443566
      vertex 12 10.7777851165098 -0.5842651938487273
    endloop
  endfacet
  facet normal 0 0.6343932841636472 0.7730104533627357
    outer loop
      vertex -12 10.853553390593273 -0.6464466094067263
      vertex 12 10.7777851165098 -0.5842651938487273
      vertex 12 10.853553390593273 -0.6464466094067263
    endloop
  endfacet
  facet normal 0 0.8819212643483559 -0.47139673682599603
    outer loop
      vertex -12 10.915734806151272 -1.277785116509801
      vertex 12 10.961939766255643 -1.1913417161825448
      vertex 12 10.915734806151272 -1.277785116509801
    endloop
  endfacet
  facet normal 0 0.9569403357322053 -0.2902846772544742
    outer loop
      vertex -12 10.961939766255643 -1.1913417161825448
      vertex 12 10.990392640201616 -1.0975451610080642
      vertex 12 10.961939766255643 -1.1913417161825448
    endloop
  endfacet
  facet normal 0 0.7730104533627342 0.6343932841636487
    outer loop
      vertex -12 10.915734806151272 -0.7222148834901989
      vertex 12 10.853553390593273 -0.6464466094067263
      vertex 12 10.915734806151272 -0.7222148834901989
    endloop
  endfacet
  facet normal 0 0.8819212643483556 0.4713967368259965
    outer loop
      vertex -12 10.961939766255643 -0.8086582838174551
      vertex 12 10.915734806151272 -0.7222148834901989
      vertex 12 10.961939766255643 -0.8086582838174551
    endloop
  endfacet
  facet normal 0 0.9951847266721978 -0.09801714032955165
    outer loop
      vertex -12 10.990392640201616 -1.0975451610080642
      vertex 12 11 -1
      vertex 12 10.990392640201616 -1.0975451610080642
    endloop
  endfacet
  facet normal 0 0.9951847266721978 0.09801714032955176
    outer loop
      vertex -12 11 -1
      vertex 12 10.990392640201616 -0.9024548389919359
      vertex 12 11 -1
    endloop
  endfacet
  facet normal 0 0.9569403357322056 0.2902846772544736
    outer loop
      vertex -12 10.990392640201616 -0.9024548389919359
      vertex 12 10.961939766255643 -0.8086582838174551
      vertex 12 10.990392640201616 -0.9024548389919359
    endloop
  endfacet
  facet normal 1 0 0
    outer loop
      vertex 12 10.009607359798384 -1.0975451610080642
      vertex 12 10.038060233744357 -1.1913417161825448
      vertex 12 10.255171923333833 -1.1014111098048458
    endloop
  endfacet
  facet normal 1 0 0
    outer loop
      vertex 12 10.009607359798384 -1.0975451610080642
      vertex 12 10.24009190010855 -1.0516989354505568
      vertex 12 10 -1
    endloop
  endfacet
  facet normal 1 0 0
    outer loop
      vertex 12 10 -1
      vertex 12 10.234999999403954 -1
      vertex 12 10.009607359798384 -0.9024548389919359
    endloop
  endfacet
  facet normal 1 0 0
    outer loop
      vertex 12 10.009607359798384 -0.9024548389919359
      vertex 12 10.24009190010855 -0.9483010645494431
      vertex 12 10.038060233744357 -0.8086582838174551
    endloop
  endfacet
  facet normal 1 0 0
    outer loop
      vertex 12 10.038060233744357 -1.1913417161825448
      vertex 12 10.084265193848728 -1.277785116509801
      vertex 12 10.27966055224423 -1.1472261120813403
    endloop
  endfacet
  facet normal 1 0 0
    outer loop
      vertex 12 10.084265193848728 -1.277785116509801
      vertex 12 10.146446609406727 -1.3535533905932737
      vertex 12 10.312616702564096 -1.1873832974359035
    endloop
  endfacet
  facet normal 1 0 0
    outer loop
      vertex 12 10.038060233744357 -1.1913417161825448
      vertex 12 10.27966055224423 -1.1472261120813403
      vertex 12 10.255171923333833 -1.1014111098048458
    endloop
  endfacet
  facet normal 1 0 0
    outer loop
      vertex 12 10.146446609406727 -1.3535533905932737
      vertex 12 10.2222148834902 -1.4157348061512727
      vertex 12 10.35277388791866 -1.220339447755769
    endloop
  endfacet
  facet normal 1 0 0
    outer loop
      vertex 12 10.2222148834902 -1.4157348061512727
      vertex 12 10.308658283817454 -1.4619397662556435
      vertex 12 10.398588890195153 -1.2448280766661661
    endloop
  endfacet
  facet normal 1 0 0
    outer loop
      vertex 12 10.084265193848728 -1.277785116509801
      vertex 12 10.312616702564096 -1.1873832974359035
      vertex 12 10.27966055224423 -1.1472261120813403
    endloop
  endfacet
  facet normal 1 0 0
    outer loop
      vertex 12 10.146446609406727 -1.3535533905932737
      vertex 12 10.35277388791866 -1.220339447755769
      vertex 12 10.312616702564096 -1.1873832974359035
    endloop
  endfacet
  facet normal 1 0 0
    outer loop
      vertex 12 10.009607359798384 -1.0975451610080642
      vertex 12 10.255171923333833 -1.1014111098048458
      vertex 12 10.24009190010855 -1.0516989354505568
    endloop
  endfacet
  facet normal 1 0 0
    outer loop
      vertex 12 10 -1
      vertex 12 10.24009190010855 -1.0516989354505568
      vertex 12 10.234999999403954 -1
    endloop
  endfacet
  facet normal 1 0 0
    outer loop
      vertex 12 10.009607359798384 -0.9024548389919359
      vertex 12 10.234999999403954 -1
      vertex 12 10.24009190010855 -0.9483010645494431
    endloop
  endfacet
  facet normal 1 0 0
    outer loop
      vertex 12 10.038060233744357 -0.8086582838174551
      vertex 12 10.255171923333833 -0.8985888901951541
      vertex 12 10.084265193848728 -0.7222148834901989
    endloop
  endfacet
  facet normal 1 0 0
    outer loop
      vertex 12 10.084265193848728 -0.7222148834901989
      vertex 12 10.27966055224423 -0.8527738879186597
      vertex 12 10.146446609406727 -0.6464466094067263
    endloop
  endfacet
  facet normal 1 0 0
    outer loop
      vertex 12 10.038060233744357 -0.8086582838174551
      vertex 12 10.24009190010855 -0.9483010645494431
      vertex 12 10.255171923333833 -0.8985888901951541
    endloop
  endfacet
  facet normal 1 0 0
    outer loop
      vertex 12 10.084265193848728 -0.7222148834901989
      vertex 12 10.255171923333833 -0.8985888901951541
      vertex 12 10.27966055224423 -0.8527738879186597
    endloop
  endfacet
  facet normal 1 0 0
    outer loop
      vertex 12 10.27966055224423 -0.8527738879186597
      vertex 12 10.312616702564096 -0.8126167025640965
      vertex 12 10.146446609406727 -0.6464466094067263
    endloop
  endfacet
  facet normal 1 0 0
    outer loop
      vertex 12 10.312616702564096 -0.8126167025640965
      vertex 12 10.35277388791866 -0.779660552244231
      vertex 12 10.2222148834902 -0.5842651938487273
    endloop
  endfacet
  facet normal 1 0 0
    outer loop
      vertex 12 10.308658283817454 -1.4619397662556435
      vertex 12 10.402454838991936 -1.4903926402016152
      vertex 12 10.448301064549444 -1.2599080998914496
    endloop
  endfacet
  facet normal 1 0 0
    outer loop
      vertex 12 10.308658283817454 -1.4619397662556435
      vertex 12 10.448301064549444 -1.2599080998914496
      vertex 12 10.398588890195153 -1.2448280766661661
    endloop
  endfacet
  facet normal 1 0 0
    outer loop
      vertex 12 10.2222148834902 -1.4157348061512727
      vertex 12 10.398588890195153 -1.2448280766661661
      vertex 12 10.35277388791866 -1.220339447755769
    endloop
  endfacet
  facet normal 1 0 0
    outer loop
      vertex 12 10.402454838991936 -1.4903926402016152
      vertex 12 10.5 -1.2650000005960464
      vertex 12 10.448301064549444 -1.2599080998914496
    endloop
  endfacet
  facet normal 1 0 0
    outer loop
      vertex 12 10.402454838991936 -1.4903926402016152
      vertex 12 10.5 -1.5
      vertex 12 10.5 -1.2650000005960464
    endloop
  endfacet
  facet normal 1 0 0
    outer loop
      vertex 12 10.35277388791866 -0.779660552244231
      vertex 12 10.398588890195153 -0.7551719233338339
      vertex 12 10.308658283817454 -0.5380602337443566
    endloop
  endfacet
  facet normal 1 0 0
    outer loop
      vertex 12 10.312616702564096 -0.8126167025640965
      vertex 12 10.2222148834902 -0.5842651938487273
      vertex 12 10.146446609406727 -0.6464466094067263
    endloop
  endfacet
  facet normal 1 0 0
    outer loop
      vertex 12 10.35277388791866 -0.779660552244231
      vertex 12 10.308658283817454 -0.5380602337443566
      vertex 12 10.2222148834902 -0.5842651938487273
    endloop
  endfacet
  facet normal 1 0 0
    outer loop
      vertex 12 10.398588890195153 -0.7551719233338339
      vertex 12 10.402454838991936 -0.5096073597983848
      vertex 12 10.308658283817454 -0.5380602337443566
    endloop
  endfacet
  facet normal 1 0 0
    outer loop
      vertex 12 10.398588890195153 -0.7551719233338339
      vertex 12 10.448301064549444 -0.7400919001085504
      vertex 12 10.402454838991936 -0.5096073597983848
    endloop
  endfacet
  facet normal 1 0 0
    outer loop
      vertex 12 10.448301064549444 -0.7400919001085504
      vertex 12 10.5 -0.5
      vertex 12 10.402454838991936 -0.5096073597983848
    endloop
  endfacet
  facet normal 1 0 0
    outer loop
      vertex 12 10.448301064549444 -0.7400919001085504
      vertex 12 10.5 -0.7349999994039536
      vertex 12 10.5 -0.5
    endloop
  endfacet
  facet normal 1 0 0
    outer loop
      vertex 12 10.5 -1.5
      vertex 12 10.551698935450556 -1.2599080998914496
      vertex 12 10.5 -1.2650000005960464
    endloop
  endfacet
  facet normal 1 0 0
    outer loop
      vertex 12 10.5 -1.5
      vertex 12 10.597545161008064 -1.4903926402016152
      vertex 12 10.551698935450556 -1.2599080998914496
    endloop
  endfacet
  facet normal 1 0 0
    outer loop
      vertex 12 10.551698935450556 -1.2599080998914496
      vertex 12 10.597545161008064 -1.4903926402016152
      vertex 12 10.601411109804847 -1.2448280766661661
    endloop
  endfacet
  facet normal 1 0 0
    outer loop
      vertex 12 10.597545161008064 -1.4903926402016152
      vertex 12 10.691341716182546 -1.4619397662556435
      vertex 12 10.601411109804847 -1.2448280766661661
    endloop
  endfacet
  facet normal 1 0 0
    outer loop
      vertex 12 10.601411109804847 -1.2448280766661661
      vertex 12 10.691341716182546 -1.4619397662556435
      vertex 12 10.64722611208134 -1.220339447755769
    endloop
  endfacet
  facet normal 1 0 0
    outer loop
      vertex 12 10.601411109804847 -0.7551719233338339
      vertex 12 10.64722611208134 -0.779660552244231
      vertex 12 10.7777851165098 -0.5842651938487273
    endloop
  endfacet
  facet normal 1 0 0
    outer loop
      vertex 12 10.64722611208134 -1.220339447755769
      vertex 12 10.691341716182546 -1.4619397662556435
      vertex 12 10.7777851165098 -1.4157348061512727
    endloop
  endfacet
  facet normal 1 0 0
    outer loop
      vertex 12 10.687383297435904 -1.1873832974359035
      vertex 12 10.7777851165098 -1.4157348061512727
      vertex 12 10.853553390593273 -1.3535533905932737
    endloop
  endfacet
  facet normal 1 0 0
    outer loop
      vertex 12 10.64722611208134 -1.220339447755769
      vertex 12 10.7777851165098 -1.4157348061512727
      vertex 12 10.687383297435904 -1.1873832974359035
    endloop
  endfacet
  facet normal 1 0 0
    outer loop
      vertex 12 10.687383297435904 -1.1873832974359035
      vertex 12 10.853553390593273 -1.3535533905932737
      vertex 12 10.72033944775577 -1.1472261120813403
    endloop
  endfacet
  facet normal 1 0 0
    outer loop
      vertex 12 10.72033944775577 -1.1472261120813403
      vertex 12 10.915734806151272 -1.277785116509801
      vertex 12 10.744828076666167 -1.1014111098048458
    endloop
  endfacet
  facet normal 1 0 0
    outer loop
      vertex 12 10.744828076666167 -1.1014111098048458
      vertex 12 10.961939766255643 -1.1913417161825448
      vertex 12 10.75990809989145 -1.0516989354505568
    endloop
  endfacet
  facet normal 1 0 0
    outer loop
      vertex 12 10.72033944775577 -1.1472261120813403
      vertex 12 10.853553390593273 -1.3535533905932737
      vertex 12 10.915734806151272 -1.277785116509801
    endloop
  endfacet
  facet normal 1 0 0
    outer loop
      vertex 12 10.744828076666167 -1.1014111098048458
      vertex 12 10.915734806151272 -1.277785116509801
      vertex 12 10.961939766255643 -1.1913417161825448
    endloop
  endfacet
  facet normal 1 0 0
    outer loop
      vertex 12 10.687383297435904 -0.8126167025640965
      vertex 12 10.853553390593273 -0.6464466094067263
      vertex 12 10.64722611208134 -0.779660552244231
    endloop
  endfacet
  facet normal 1 0 0
    outer loop
      vertex 12 10.687383297435904 -0.8126167025640965
      vertex 12 10.72033944775577 -0.8527738879186597
      vertex 12 10.915734806151272 -0.7222148834901989
    endloop
  endfacet
  facet normal 1 0 0
    outer loop
      vertex 12 10.75990809989145 -1.0516989354505568
      vertex 12 10.990392640201616 -1.0975451610080642
      vertex 12 10.765000000596046 -1
    endloop
  endfacet
  facet normal 1 0 0
    outer loop
      vertex 12 10.765000000596046 -1
      vertex 12 11 -1
      vertex 12 10.75990809989145 -0.9483010645494431
    endloop
  endfacet
  facet normal 1 0 0
    outer loop
      vertex 12 10.744828076666167 -0.8985888901951541
      vertex 12 10.75990809989145 -0.9483010645494431
      vertex 12 10.990392640201616 -0.9024548389919359
    endloop
  endfacet
  facet normal 1 0 0
    outer loop
      vertex 12 10.744828076666167 -0.8985888901951541
      vertex 12 10.961939766255643 -0.8086582838174551
      vertex 12 10.72033944775577 -0.8527738879186597
    endloop
  endfacet
  facet normal 1 0 0
    outer loop
      vertex 12 10.687383297435904 -0.8126167025640965
      vertex 12 10.915734806151272 -0.7222148834901989
      vertex 12 10.853553390593273 -0.6464466094067263
    endloop
  endfacet
  facet normal 1 0 0
    outer loop
      vertex 12 10.72033944775577 -0.8527738879186597
      vertex 12 10.961939766255643 -0.8086582838174551
      vertex 12 10.915734806151272 -0.7222148834901989
    endloop
  endfacet
  facet normal 1 0 0
    outer loop
      vertex 12 10.5 -0.7349999994039536
      vertex 12 10.597545161008064 -0.5096073597983848
      vertex 12 10.5 -0.5
    endloop
  endfacet
  facet normal 1 0 0
    outer loop
      vertex 12 10.5 -0.7349999994039536
      vertex 12 10.551698935450556 -0.7400919001085504
      vertex 12 10.597545161008064 -0.5096073597983848
    endloop
  endfacet
  facet normal 1 0 0
    outer loop
      vertex 12 10.551698935450556 -0.7400919001085504
      vertex 12 10.601411109804847 -0.7551719233338339
      vertex 12 10.691341716182546 -0.5380602337443566
    endloop
  endfacet
  facet normal 1 0 0
    outer loop
      vertex 12 10.551698935450556 -0.7400919001085504
      vertex 12 10.691341716182546 -0.5380602337443566
      vertex 12 10.597545161008064 -0.5096073597983848
    endloop
  endfacet
  facet normal 1 0 0
    outer loop
      vertex 12 10.601411109804847 -0.7551719233338339
      vertex 12 10.7777851165098 -0.5842651938487273
      vertex 12 10.691341716182546 -0.5380602337443566
    endloop
  endfacet
  facet normal 1 0 0
    outer loop
      vertex 12 10.64722611208134 -0.779660552244231
      vertex 12 10.853553390593273 -0.6464466094067263
      vertex 12 10.7777851165098 -0.5842651938487273
    endloop
  endfacet
  facet normal 1 0 0
    outer loop
      vertex 12 10.75990809989145 -1.0516989354505568
      vertex 12 10.961939766255643 -1.1913417161825448
      vertex 12 10.990392640201616 -1.0975451610080642
    endloop
  endfacet
  facet normal 1 0 0
    outer loop
      vertex 12 10.765000000596046 -1
      vertex 12 10.990392640201616 -1.0975451610080642
      vertex 12 11 -1
    endloop
  endfacet
  facet normal 1 0 0
    outer loop
      vertex 12 10.75990809989145 -0.9483010645494431
      vertex 12 11 -1
      vertex 12 10.990392640201616 -0.9024548389919359
    endloop
  endfacet
  facet normal 1 0 0
    outer loop
      vertex 12 10.744828076666167 -0.8985888901951541
      vertex 12 10.990392640201616 -0.9024548389919359
      vertex 12 10.961939766255643 -0.8086582838174551
    endloop
  endfacet
  facet normal 0 -1 0
    outer loop
      vertex 10.009607359798384 -12 24.902454838991936
      vertex 10.038060233744357 -12 24.808658283817454
      vertex 10.255171923333833 -12 24.898588890195153
    endloop
  endfacet
  facet normal 0 -1 0
    outer loop
      vertex 10.009607359798384 -12 24.902454838991936
      vertex 10.24009190010855 -12 24.948301064549444
      vertex 10 -12 25
    endloop
  endfacet
  facet normal 0 -1 0
    outer loop
      vertex 10 -12 25
      vertex 10.234999999403954 -12 25
      vertex 10.009607359798384 -12 25.097545161008064
    endloop
  endfacet
  facet normal 0 -1 0
    outer loop
      vertex 10.009607359798384 -12 25.097545161008064
      vertex 10.24009190010855 -12 25.051698935450556
      vertex 10.038060233744357 -12 25.191341716182546
    endloop
  endfacet
  facet normal 0 -1 0
    outer loop
      vertex 10.038060233744357 -12 24.808658283817454
      vertex 10.084265193848728 -12 24.7222148834902
      vertex 10.27966055224423 -12 24.85277388791866
    endloop
  endfacet
  facet normal 0 -1 0
    outer loop
      vertex 10.084265193848728 -12 24.7222148834902
      vertex 10.146446609406727 -12 24.646446609406727
      vertex 10.312616702564096 -12 24.812616702564096
    endloop
  endfacet
  facet normal 0 -1 0
    outer loop
      vertex 10.038060233744357 -12 24.808658283817454
      vertex 10.27966055224423 -12 24.85277388791866
      vertex 10.255171923333833 -12 24.898588890195153
    endloop
  endfacet
  facet normal 0 -1 0
    outer loop
      vertex 10.146446609406727 -12 24.646446609406727
      vertex 10.2222148834902 -12 24.584265193848726
      vertex 10.35277388791866 -12 24.77966055224423
    endloop
  endfacet
  facet normal 0 -1 0
    outer loop
      vertex 10.2222148834902 -12 24.584265193848726
      vertex 10.308658283817454 -12 24.538060233744357
      vertex 10.398588890195153 -12 24.755171923333833
    endloop
  endfacet
  facet normal 0 -1 0
    outer loop
      vertex 10.084265193848728 -12 24.7222148834902
      vertex 10.312616702564096 -12 24.812616702564096
      vertex 10.27966055224423 -12 24.85277388791866
    endloop
  endfacet
  facet normal 0 -1 0
    outer loop
      vertex 10.146446609406727 -12 24.646446609406727
      vertex 10.35277388791866 -12 24.77966055224423
      vertex 10.312616702564096 -12 24.812616702564096
    endloop
  endfacet
  facet normal 0 -1 0
    outer loop
      vertex 10.009607359798384 -12 24.902454838991936
      vertex 10.255171923333833 -12 24.898588890195153
      vertex 10.24009190010855 -12 24.948301064549444
    endloop
  endfacet
  facet normal 0 -1 0
    outer loop
      vertex 10 -12 25
      vertex 10.24009190010855 -12 24.948301064549444
      vertex 10.234999999403954 -12 25
    endloop
  endfacet
  facet normal 0 -1 0
    outer loop
      vertex 10.009607359798384 -12 25.097545161008064
      vertex 10.234999999403954 -12 25
      vertex 10.24009190010855 -12 25.051698935450556
    endloop
  endfacet
  facet normal 0 -1 0
    outer loop
      vertex 10.038060233744357 -12 25.191341716182546
      vertex 10.255171923333833 -12 25.101411109804847
      vertex 10.084265193848728 -12 25.2777851165098
    endloop
  endfacet
  facet normal 0 -1 0
    outer loop
      vertex 10.084265193848728 -12 25.2777851165098
      vertex 10.27966055224423 -12 25.14722611208134
      vertex 10.146446609406727 -12 25.353553390593273
    endloop
  endfacet
  facet normal 0 -1 0
    outer loop
      vertex 10.038060233744357 -12 25.191341716182546
      vertex 10.24009190010855 -12 25.051698935450556
      vertex 10.255171923333833 -12 25.101411109804847
    endloop
  endfacet
  facet normal 0 -1 0
    outer loop
      vertex 10.084265193848728 -12 25.2777851165098
      vertex 10.255171923333833 -12 25.101411109804847
      vertex 10.27966055224423 -12 25.14722611208134
    endloop
  endfacet
  facet normal 0 -1 0
    outer loop
      vertex 10.27966055224423 -12 25.14722611208134
      vertex 10.312616702564096 -12 25.187383297435904
      vertex 10.146446609406727 -12 25.353553390593273
    endloop
  endfacet
  facet normal 0 -1 0
    outer loop
      vertex 10.312616702564096 -12 25.187383297435904
      vertex 10.35277388791866 -12 25.22033944775577
      vertex 10.2222148834902 -12 25.415734806151274
    endloop
  endfacet
  facet normal 0 -1 0
    outer loop
      vertex 10.308658283817454 -12 24.538060233744357
      vertex 10.402454838991936 -12 24.509607359798384
      vertex 10.448301064549444 -12 24.74009190010855
    endloop
  endfacet
  facet normal 0 -1 0
    outer loop
      vertex 10.308658283817454 -12 24.538060233744357
      vertex 10.448301064549444 -12 24.74009190010855
      vertex 10.398588890195153 -12 24.755171923333833
    endloop
  endfacet
  facet normal 0 -1 0
    outer loop
      vertex 10.2222148834902 -12 24.584265193848726
      vertex 10.398588890195153 -12 24.755171923333833
      vertex 10.35277388791866 -12 24.77966055224423
    endloop
  endfacet
  facet normal 0 -1 0
    outer loop
      vertex 10.402454838991936 -12 24.509607359798384
      vertex 10.5 -12 24.734999999403954
      vertex 10.448301064549444 -12 24.74009190010855
    endloop
  endfacet
  facet normal 0 -1 0
    outer loop
      vertex 10.402454838991936 -12 24.509607359798384
      vertex 10.5 -12 24.5
      vertex 10.5 -12 24.734999999403954
    endloop
  endfacet
  facet normal 0 -1 0
    outer loop
      vertex 10.35277388791866 -12 25.22033944775577
      vertex 10.398588890195153 -12 25.244828076666167
      vertex 10.308658283817454 -12 25.461939766255643
    endloop
  endfacet
  facet normal 0 -1 0
    outer loop
      vertex 10.312616702564096 -12 25.187383297435904
      vertex 10.2222148834902 -12 25.415734806151274
      vertex 10.146446609406727 -12 25.353553390593273
    endloop
  endfacet
  facet normal 0 -1 0
    outer loop
      vertex 10.35277388791866 -12 25.22033944775577
      vertex 10.308658283817454 -12 25.461939766255643
      vertex 10.2222148834902 -12 25.415734806151274
    endloop
  endfacet
  facet normal 0 -1 0
    outer loop
      vertex 10.398588890195153 -12 25.244828076666167
      vertex 10.402454838991936 -12 25.490392640201616
      vertex 10.308658283817454 -12 25.461939766255643
    endloop
  endfacet
  facet normal 0 -1 0
    outer loop
      vertex 10.398588890195153 -12 25.244828076666167
      vertex 10.448301064549444 -12 25.25990809989145
      vertex 10.402454838991936 -12 25.490392640201616
    endloop
  endfacet
  facet normal 0 -1 0
    outer loop
      vertex 10.448301064549444 -12 25.25990809989145
      vertex 10.5 -12 25.5
      vertex 10.402454838991936 -12 25.490392640201616
    endloop
  endfacet
  facet normal 0 -1 0
    outer loop
      vertex 10.448301064549444 -12 25.25990809989145
      vertex 10.5 -12 25.265000000596046
      vertex 10.5 -12 25.5
    endloop
  endfacet
  facet normal 0 -1 0
    outer loop
      vertex 10.5 -12 24.5
      vertex 10.551698935450556 -12 24.74009190010855
      vertex 10.5 -12 24.734999999403954
    endloop
  endfacet
  facet normal 0 -1 0
    outer loop
      vertex 10.5 -12 24.5
      vertex 10.597545161008064 -12 24.509607359798384
      vertex 10.551698935450556 -12 24.74009190010855
    endloop
  endfacet
  facet normal 0 -1 0
    outer loop
      vertex 10.551698935450556 -12 24.74009190010855
      vertex 10.597545161008064 -12 24.509607359798384
      vertex 10.601411109804847 -12 24.755171923333833
    endloop
  endfacet
  facet normal 0 -1 0
    outer loop
      vertex 10.597545161008064 -12 24.509607359798384
      vertex 10.691341716182546 -12 24.538060233744357
      vertex 10.601411109804847 -12 24.755171923333833
    endloop
  endfacet
  facet normal 0 -1 0
    outer loop
      vertex 10.601411109804847 -12 24.755171923333833
      vertex 10.691341716182546 -12 24.538060233744357
      vertex 10.64722611208134 -12 24.77966055224423
    endloop
  endfacet
  facet normal 0 -1 0
    outer loop
      vertex 10.601411109804847 -12 25.244828076666167
      vertex 10.64722611208134 -12 25.22033944775577
      vertex 10.7777851165098 -12 25.415734806151274
    endloop
  endfacet
  facet normal 0 -1 0
    outer loop
      vertex 10.64722611208134 -12 24.77966055224423
      vertex 10.691341716182546 -12 24.538060233744357
      vertex 10.7777851165098 -12 24.584265193848726
    endloop
  endfacet
  facet normal 0 -1 0
    outer loop
      vertex 10.687383297435904 -12 24.812616702564096
      vertex 10.7777851165098 -12 24.584265193848726
      vertex 10.853553390593273 -12 24.646446609406727
    endloop
  endfacet
  facet normal 0 -1 0
    outer loop
      vertex 10.64722611208134 -12 24.77966055224423
      vertex 10.7777851165098 -12 24.584265193848726
      vertex 10.687383297435904 -12 24.812616702564096
    endloop
  endfacet
  facet normal 0 -1 0
    outer loop
      vertex 10.687383297435904 -12 24.812616702564096
      vertex 10.853553390593273 -12 24.646446609406727
      vertex 10.72033944775577 -12 24.85277388791866
    endloop
  endfacet
  facet normal 0 -1 0
    outer loop
      vertex 10.72033944775577 -12 24.85277388791866
      vertex 10.915734806151272 -12 24.7222148834902
      vertex 10.744828076666167 -12 24.898588890195153
    endloop
  endfacet
  facet normal 0 -1 0
    outer loop
      vertex 10.744828076666167 -12 24.898588890195153
      vertex 10.961939766255643 -12 24.808658283817454
      vertex 10.75990809989145 -12 24.948301064549444
    endloop
  endfacet
  facet normal 0 -1 0
    outer loop
      vertex 10.72033944775577 -12 24.85277388791866
      vertex 10.853553390593273 -12 24.646446609406727
      vertex 10.915734806151272 -12 24.7222148834902
    endloop
  endfacet
  facet normal 0 -1 0
    outer loop
      vertex 10.744828076666167 -12 24.898588890195153
      vertex 10.915734806151272 -12 24.7222148834902
      vertex 10.961939766255643 -12 24.808658283817454
    endloop
  endfacet
  facet normal 0 -1 0
    outer loop
      vertex 10.687383297435904 -12 25.187383297435904
      vertex 10.853553390593273 -12 25.353553390593273
      vertex 10.64722611208134 -12 25.22033944775577
    endloop
  endfacet
  facet normal 0 -1 0
    outer loop
      vertex 10.687383297435904 -12 25.187383297435904
      vertex 10.72033944775577 -12 25.14722611208134
      vertex 10.915734806151272 -12 25.2777851165098
    endloop
  endfacet
  facet normal 0 -1 0
    outer loop
      vertex 10.75990809989145 -12 24.948301064549444
      vertex 10.990392640201616 -12 24.902454838991936
      vertex 10.765000000596046 -12 25
    endloop
  endfacet
  facet normal 0 -1 0
    outer loop
      vertex 10.765000000596046 -12 25
      vertex 11 -12 25
      vertex 10.75990809989145 -12 25.051698935450556
    endloop
  endfacet
  facet normal 0 -1 0
    outer loop
      vertex 10.744828076666167 -12 25.101411109804847
      vertex 10.75990809989145 -12 25.051698935450556
      vertex 10.990392640201616 -12 25.097545161008064
    endloop
  endfacet
  facet normal 0 -1 0
    outer loop
      vertex 10.744828076666167 -12 25.101411109804847
      vertex 10.961939766255643 -12 25.191341716182546
      vertex 10.72033944775577 -12 25.14722611208134
    endloop
  endfacet
  facet normal 0 -1 0
    outer loop
      vertex 10.687383297435904 -12 25.187383297435904
      vertex 10.915734806151272 -12 25.2777851165098
      vertex 10.853553390593273 -12 25.353553390593273
    endloop
  endfacet
  facet normal 0 -1 0
    outer loop
      vertex 10.72033944775577 -12 25.14722611208134
      vertex 10.961939766255643 -12 25.191341716182546
      vertex 10.915734806151272 -12 25.2777851165098
    endloop
  endfacet
  facet normal 0 -1 0
    outer loop
      vertex 10.5 -12 25.265000000596046
      vertex 10.597545161008064 -12 25.490392640201616
      vertex 10.5 -12 25.5
    endloop
  endfacet
  facet normal 0 -1 0
    outer loop
      vertex 10.5 -12 25.265000000596046
      vertex 10.551698935450556 -12 25.25990809989145
      vertex 10.597545161008064 -12 25.490392640201616
    endloop
  endfacet
  facet normal 0 -1 0
    outer loop
      vertex 10.551698935450556 -12 25.25990809989145
      vertex 10.601411109804847 -12 25.244828076666167
      vertex 10.691341716182546 -12 25.461939766255643
    endloop
  endfacet
  facet normal 0 -1 0
    outer loop
      vertex 10.551698935450556 -12 25.25990809989145
      vertex 10.691341716182546 -12 25.461939766255643
      vertex 10.597545161008064 -12 25.490392640201616
    endloop
  endfacet
  facet normal 0 -1 0
    outer loop
      vertex 10.601411109804847 -12 25.244828076666167
      vertex 10.7777851165098 -12 25.415734806151274
      vertex 10.691341716182546 -12 25.461939766255643
    endloop
  endfacet
  facet normal 0 -1 0
    outer loop
      vertex 10.64722611208134 -12 25.22033944775577
      vertex 10.853553390593273 -12 25.353553390593273
      vertex 10.7777851165098 -12 25.415734806151274
    endloop
  endfacet
  facet normal 0 -1 0
    outer loop
      vertex 10.75990809989145 -12 24.948301064549444
      vertex 10.961939766255643 -12 24.808658283817454
      vertex 10.990392640201616 -12 24.902454838991936
    endloop
  endfacet
  facet normal 0 -1 0
    outer loop
      vertex 10.765000000596046 -12 25
      vertex 10.990392640201616 -12 24.902454838991936
      vertex 11 -12 25
    endloop
  endfacet
  facet normal 0 -1 0
    outer loop
      vertex 10.75990809989145 -12 25.051698935450556
      vertex 11 -12 25
      vertex 10.990392640201616 -12 25.097545161008064
    endloop
  endfacet
  facet normal 0 -1 0
    outer loop
      vertex 10.744828076666167 -12 25.101411109804847
      vertex 10.990392640201616 -12 25.097545161008064
      vertex 10.961939766255643 -12 25.191341716182546
    endloop
  endfacet
  facet normal -0.9569403357322064 0 -0.2902846772544711
    outer loop
      vertex 10.009607359798384 -12 24.902454838991936
      vertex 10.009607359798384 12 24.902454838991936
      vertex 10.038060233744357 -12 24.808658283817454
    endloop
  endfacet
  facet normal -0.7730104533627334 0 -0.6343932841636499
    outer loop
      vertex 10.084265193848728 -12 24.7222148834902
      vertex 10.084265193848728 12 24.7222148834902
      vertex 10.146446609406727 -12 24.646446609406727
    endloop
  endfacet
  facet normal -0.8819212643483528 0 -0.47139673682600164
    outer loop
      vertex 10.038060233744357 -12 24.808658283817454
      vertex 10.038060233744357 12 24.808658283817454
      vertex 10.084265193848728 -12 24.7222148834902
    endloop
  endfacet
  facet normal -0.9951847266721978 0 -0.09801714032955187
    outer loop
      vertex 10.009607359798384 -12 24.902454838991936
      vertex 10 -12 25
      vertex 10 12 25
    endloop
  endfacet
  facet normal -0.9951847266721978 0 0.09801714032955187
    outer loop
      vertex 10 -12 25
      vertex 10.009607359798384 -12 25.097545161008064
      vertex 10.009607359798384 12 25.097545161008064
    endloop
  endfacet
  facet normal -0.9569403357322064 0 0.2902846772544711
    outer loop
      vertex 10.009607359798384 -12 25.097545161008064
      vertex 10.038060233744357 -12 25.191341716182546
      vertex 10.038060233744357 12 25.191341716182546
    endloop
  endfacet
  facet normal -0.8819212643483528 0 0.47139673682600164
    outer loop
      vertex 10.038060233744357 -12 25.191341716182546
      vertex 10.084265193848728 -12 25.2777851165098
      vertex 10.084265193848728 12 25.2777851165098
    endloop
  endfacet
  facet normal -0.6343932841636606 0 -0.7730104533627243
    outer loop
      vertex 10.146446609406727 -12 24.646446609406727
      vertex 10.146446609406727 12 24.646446609406727
      vertex 10.2222148834902 -12 24.584265193848726
    endloop
  endfacet
  facet normal -0.4713967368259876 0 -0.8819212643483605
    outer loop
      vertex 10.2222148834902 -12 24.584265193848726
      vertex 10.2222148834902 12 24.584265193848726
      vertex 10.308658283817454 -12 24.538060233744357
    endloop
  endfacet
  facet normal -0.2902846772544711 0 -0.9569403357322064
    outer loop
      vertex 10.308658283817454 -12 24.538060233744357
      vertex 10.308658283817454 12 24.538060233744357
      vertex 10.402454838991936 -12 24.509607359798384
    endloop
  endfacet
  facet normal -0.09801714032955187 0 -0.9951847266721978
    outer loop
      vertex 10.402454838991936 -12 24.509607359798384
      vertex 10.402454838991936 12 24.509607359798384
      vertex 10.5 -12 24.5
    endloop
  endfacet
  facet normal -0.7730104533627334 0 0.6343932841636499
    outer loop
      vertex 10.084265193848728 -12 25.2777851165098
      vertex 10.146446609406727 -12 25.353553390593273
      vertex 10.146446609406727 12 25.353553390593273
    endloop
  endfacet
  facet normal -0.6343932841636606 0 0.7730104533627243
    outer loop
      vertex 10.146446609406727 -12 25.353553390593273
      vertex 10.2222148834902 -12 25.415734806151274
      vertex 10.2222148834902 12 25.415734806151274
    endloop
  endfacet
  facet normal -0.4713967368259876 0 0.8819212643483605
    outer loop
      vertex 10.2222148834902 -12 25.415734806151274
      vertex 10.308658283817454 -12 25.461939766255643
      vertex 10.308658283817454 12 25.461939766255643
    endloop
  endfacet
  facet normal -0.2902846772544711 0 0.9569403357322064
    outer loop
      vertex 10.308658283817454 -12 25.461939766255643
      vertex 10.402454838991936 -12 25.490392640201616
      vertex 10.402454838991936 12 25.490392640201616
    endloop
  endfacet
  facet normal -0.09801714032955187 0 0.9951847266721978
    outer loop
      vertex 10.402454838991936 -12 25.490392640201616
      vertex 10.5 -12 25.5
      vertex 10.5 12 25.5
    endloop
  endfacet
  facet normal 0.09801714032955187 0 -0.9951847266721978
    outer loop
      vertex 10.5 -12 24.5
      vertex 10.5 12 24.5
      vertex 10.597545161008064 -12 24.509607359798384
    endloop
  endfacet
  facet normal 0.2902846772544711 0 -0.9569403357322064
    outer loop
      vertex 10.597545161008064 -12 24.509607359798384
      vertex 10.597545161008064 12 24.509607359798384
      vertex 10.691341716182546 -12 24.538060233744357
    endloop
  endfacet
  facet normal 0.4713967368259876 0 -0.8819212643483605
    outer loop
      vertex 10.691341716182546 -12 24.538060233744357
      vertex 10.691341716182546 12 24.538060233744357
      vertex 10.7777851165098 -12 24.584265193848726
    endloop
  endfacet
  facet normal 0.6343932841636606 0 -0.7730104533627243
    outer loop
      vertex 10.7777851165098 -12 24.584265193848726
      vertex 10.7777851165098 12 24.584265193848726
      vertex 10.853553390593273 -12 24.646446609406727
    endloop
  endfacet
  facet normal 0.7730104533627334 0 -0.6343932841636499
    outer loop
      vertex 10.853553390593273 -12 24.646446609406727
      vertex 10.853553390593273 12 24.646446609406727
      vertex 10.915734806151272 -12 24.7222148834902
    endloop
  endfacet
  facet normal 0.09801714032955187 0 0.9951847266721978
    outer loop
      vertex 10.5 -12 25.5
      vertex 10.597545161008064 -12 25.490392640201616
      vertex 10.597545161008064 12 25.490392640201616
    endloop
  endfacet
  facet normal 0.2902846772544711 0 0.9569403357322064
    outer loop
      vertex 10.597545161008064 -12 25.490392640201616
      vertex 10.691341716182546 -12 25.461939766255643
      vertex 10.691341716182546 12 25.461939766255643
    endloop
  endfacet
  facet normal 0.4713967368259876 0 0.8819212643483605
    outer loop
      vertex 10.691341716182546 -12 25.461939766255643
      vertex 10.7777851165098 -12 25.415734806151274
      vertex 10.7777851165098 12 25.415734806151274
    endloop
  endfacet
  facet normal 0.6343932841636606 0 0.7730104533627243
    outer loop
      vertex 10.7777851165098 -12 25.415734806151274
      vertex 10.853553390593273 -12 25.353553390593273
      vertex 10.853553390593273 12 25.353553390593273
    endloop
  endfacet
  facet normal 0.8819212643483528 0 -0.47139673682600164
    outer loop
      vertex 10.915734806151272 -12 24.7222148834902
      vertex 10.915734806151272 12 24.7222148834902
      vertex 10.961939766255643 -12 24.808658283817454
    endloop
  endfacet
  facet normal 0.9569403357322064 0 -0.2902846772544711
    outer loop
      vertex 10.961939766255643 -12 24.808658283817454
      vertex 10.961939766255643 12 24.808658283817454
      vertex 10.990392640201616 -12 24.902454838991936
    endloop
  endfacet
  facet normal 0.7730104533627334 0 0.6343932841636499
    outer loop
      vertex 10.853553390593273 -12 25.353553390593273
      vertex 10.915734806151272 -12 25.2777851165098
      vertex 10.915734806151272 12 25.2777851165098
    endloop
  endfacet
  facet normal 0.8819212643483528 0 0.47139673682600164
    outer loop
      vertex 10.915734806151272 -12 25.2777851165098
      vertex 10.961939766255643 -12 25.191341716182546
      vertex 10.961939766255643 12 25.191341716182546
    endloop
  endfacet
  facet normal 0.9951847266721978 0 -0.09801714032955187
    outer loop
      vertex 10.990392640201616 -12 24.902454838991936
      vertex 10.990392640201616 12 24.902454838991936
      vertex 11 -12 25
    endloop
  endfacet
  facet normal 0.9951847266721978 0 0.09801714032955187
    outer loop
      vertex 11 -12 25
      vertex 11 12 25
      vertex 10.990392640201616 -12 25.097545161008064
    endloop
  endfacet
  facet normal 0.9569403357322064 0 0.2902846772544711
    outer loop
      vertex 10.961939766255643 -12 25.191341716182546
      vertex 10.990392640201616 -12 25.097545161008064
      vertex 10.990392640201616 12 25.097545161008064
    endloop
  endfacet
  facet normal -0.9569403357322064 0 -0.2902846772544711
    outer loop
      vertex 10.038060233744357 -12 24.808658283817454
      vertex 10.009607359798384 12 24.902454838991936
      vertex 10.038060233744357 12 24.808658283817454
    endloop
  endfacet
  facet normal -0.8819212643483528 0 -0.47139673682600164
    outer loop
      vertex 10.084265193848728 -12 24.7222148834902
      vertex 10.038060233744357 12 24.808658283817454
      vertex 10.084265193848728 12 24.7222148834902
    endloop
  endfacet
  facet normal -0.9951847266721978 0 -0.09801714032955187
    outer loop
      vertex 10.009607359798384 -12 24.902454838991936
      vertex 10 12 25
      vertex 10.009607359798384 12 24.902454838991936
    endloop
  endfacet
  facet normal -0.9951847266721978 0 0.09801714032955187
    outer loop
      vertex 10 -12 25
      vertex 10.009607359798384 12 25.097545161008064
      vertex 10 12 25
    endloop
  endfacet
  facet normal -0.9569403357322064 0 0.2902846772544711
    outer loop
      vertex 10.009607359798384 -12 25.097545161008064
      vertex 10.038060233744357 12 25.191341716182546
      vertex 10.009607359798384 12 25.097545161008064
    endloop
  endfacet
  facet normal -0.8819212643483528 0 0.47139673682600164
    outer loop
      vertex 10.038060233744357 -12 25.191341716182546
      vertex 10.084265193848728 12 25.2777851165098
      vertex 10.038060233744357 12 25.191341716182546
    endloop
  endfacet
  facet normal -0.7730104533627334 0 0.6343932841636499
    outer loop
      vertex 10.084265193848728 -12 25.2777851165098
      vertex 10.146446609406727 12 25.353553390593273
      vertex 10.084265193848728 12 25.2777851165098
    endloop
  endfacet
  facet normal -0.7730104533627334 0 -0.6343932841636499
    outer loop
      vertex 10.146446609406727 -12 24.646446609406727
      vertex 10.084265193848728 12 24.7222148834902
      vertex 10.146446609406727 12 24.646446609406727
    endloop
  endfacet
  facet normal -0.6343932841636606 0 -0.7730104533627243
    outer loop
      vertex 10.2222148834902 -12 24.584265193848726
      vertex 10.146446609406727 12 24.646446609406727
      vertex 10.2222148834902 12 24.584265193848726
    endloop
  endfacet
  facet normal -0.4713967368259876 0 -0.8819212643483605
    outer loop
      vertex 10.308658283817454 -12 24.538060233744357
      vertex 10.2222148834902 12 24.584265193848726
      vertex 10.308658283817454 12 24.538060233744357
    endloop
  endfacet
  facet normal -0.2902846772544711 0 -0.9569403357322064
    outer loop
      vertex 10.402454838991936 -12 24.509607359798384
      vertex 10.308658283817454 12 24.538060233744357
      vertex 10.402454838991936 12 24.509607359798384
    endloop
  endfacet
  facet normal -0.09801714032955187 0 -0.9951847266721978
    outer loop
      vertex 10.5 -12 24.5
      vertex 10.402454838991936 12 24.509607359798384
      vertex 10.5 12 24.5
    endloop
  endfacet
  facet normal -0.6343932841636606 0 0.7730104533627243
    outer loop
      vertex 10.146446609406727 -12 25.353553390593273
      vertex 10.2222148834902 12 25.415734806151274
      vertex 10.146446609406727 12 25.353553390593273
    endloop
  endfacet
  facet normal -0.4713967368259876 0 0.8819212643483605
    outer loop
      vertex 10.2222148834902 -12 25.415734806151274
      vertex 10.308658283817454 12 25.461939766255643
      vertex 10.2222148834902 12 25.415734806151274
    endloop
  endfacet
  facet normal -0.2902846772544711 0 0.9569403357322064
    outer loop
      vertex 10.308658283817454 -12 25.461939766255643
      vertex 10.402454838991936 12 25.490392640201616
      vertex 10.308658283817454 12 25.461939766255643
    endloop
  endfacet
  facet normal -0.09801714032955187 0 0.9951847266721978
    outer loop
      vertex 10.402454838991936 -12 25.490392640201616
      vertex 10.5 12 25.5
      vertex 10.402454838991936 12 25.490392640201616
    endloop
  endfacet
  facet normal 0.09801714032955187 0 -0.9951847266721978
    outer loop
      vertex 10.597545161008064 -12 24.509607359798384
      vertex 10.5 12 24.5
      vertex 10.597545161008064 12 24.509607359798384
    endloop
  endfacet
  facet normal 0.2902846772544711 0 -0.9569403357322064
    outer loop
      vertex 10.691341716182546 -12 24.538060233744357
      vertex 10.597545161008064 12 24.509607359798384
      vertex 10.691341716182546 12 24.538060233744357
    endloop
  endfacet
  facet normal 0.4713967368259876 0 -0.8819212643483605
    outer loop
      vertex 10.7777851165098 -12 24.584265193848726
      vertex 10.691341716182546 12 24.538060233744357
      vertex 10.7777851165098 12 24.584265193848726
    endloop
  endfacet
  facet normal 0.6343932841636606 0 -0.7730104533627243
    outer loop
      vertex 10.853553390593273 -12 24.646446609406727
      vertex 10.7777851165098 12 24.584265193848726
      vertex 10.853553390593273 12 24.646446609406727
    endloop
  endfacet
  facet normal 0.09801714032955187 0 0.9951847266721978
    outer loop
      vertex 10.5 -12 25.5
      vertex 10.597545161008064 12 25.490392640201616
      vertex 10.5 12 25.5
    endloop
  endfacet
  facet normal 0.2902846772544711 0 0.9569403357322064
    outer loop
      vertex 10.597545161008064 -12 25.490392640201616
      vertex 10.691341716182546 12 25.461939766255643
      vertex 10.597545161008064 12 25.490392640201616
    endloop
  endfacet
  facet normal 0.4713967368259876 0 0.8819212643483605
    outer loop
      vertex 10.691341716182546 -12 25.461939766255643
      vertex 10.7777851165098 12 25.415734806151274
      vertex 10.691341716182546 12 25.461939766255643
    endloop
  endfacet
  facet normal 0.6343932841636606 0 0.7730104533627243
    outer loop
      vertex 10.7777851165098 -12 25.415734806151274
      vertex 10.853553390593273 12 25.353553390593273
      vertex 10.7777851165098 12 25.415734806151274
    endloop
  endfacet
  facet normal 0.7730104533627334 0 0.6343932841636499
    outer loop
      vertex 10.853553390593273 -12 25.353553390593273
      vertex 10.915734806151272 12 25.2777851165098
      vertex 10.853553390593273 12 25.353553390593273
    endloop
  endfacet
  facet normal 0.7730104533627334 0 -0.6343932841636499
    outer loop
      vertex 10.915734806151272 -12 24.7222148834902
      vertex 10.853553390593273 12 24.646446609406727
      vertex 10.915734806151272 12 24.7222148834902
    endloop
  endfacet
  facet normal 0.8819212643483528 0 -0.47139673682600164
    outer loop
      vertex 10.961939766255643 -12 24.808658283817454
      vertex 10.915734806151272 12 24.7222148834902
      vertex 10.961939766255643 12 24.808658283817454
    endloop
  endfacet
  facet normal 0.9569403357322064 0 -0.2902846772544711
    outer loop
      vertex 10.990392640201616 -12 24.902454838991936
      vertex 10.961939766255643 12 24.808658283817454
      vertex 10.990392640201616 12 24.902454838991936
    endloop
  endfacet
  facet normal 0.8819212643483528 0 0.47139673682600164
    outer loop
      vertex 10.915734806151272 -12 25.2777851165098
      vertex 10.961939766255643 12 25.191341716182546
      vertex 10.915734806151272 12 25.2777851165098
    endloop
  endfacet
  facet normal 0.9951847266721978 0 -0.09801714032955187
    outer loop
      vertex 11 -12 25
      vertex 10.990392640201616 12 24.902454838991936
      vertex 11 12 25
    endloop
  endfacet
  facet normal 0.9951847266721978 0 0.09801714032955187
    outer loop
      vertex 10.990392640201616 -12 25.097545161008064
      vertex 11 12 25
      vertex 10.990392640201616 12 25.097545161008064
    endloop
  endfacet
  facet normal 0.9569403357322064 0 0.2902846772544711
    outer loop
      vertex 10.961939766255643 -12 25.191341716182546
      vertex 10.990392640201616 12 25.097545161008064
      vertex 10.961939766255643 12 25.191341716182546
    endloop
  endfacet
  facet normal 0 1 0
    outer loop
      vertex 10.009607359798384 12 24.902454838991936
      vertex 10.24009190010855 12 24.948301064549444
      vertex 10.038060233744357 12 24.808658283817454
    endloop
  endfacet
  facet normal 0 1 0
    outer loop
      vertex 10.009607359798384 12 24.902454838991936
      vertex 10 12 25
      vertex 10.234999999403954 12 25
    endloop
  endfacet
  facet normal 0 1 0
    outer loop
      vertex 10 12 25
      vertex 10.009607359798384 12 25.097545161008064
      vertex 10.24009190010855 12 25.051698935450556
    endloop
  endfacet
  facet normal 0 1 0
    outer loop
      vertex 10.009607359798384 12 25.097545161008064
      vertex 10.038060233744357 12 25.191341716182546
      vertex 10.255171923333833 12 25.101411109804847
    endloop
  endfacet
  facet normal 0 1 0
    outer loop
      vertex 10.084265193848728 12 24.7222148834902
      vertex 10.27966055224423 12 24.85277388791866
      vertex 10.146446609406727 12 24.646446609406727
    endloop
  endfacet
  facet normal 0 1 0
    outer loop
      vertex 10.038060233744357 12 24.808658283817454
      vertex 10.255171923333833 12 24.898588890195153
      vertex 10.084265193848728 12 24.7222148834902
    endloop
  endfacet
  facet normal 0 1 0
    outer loop
      vertex 10.038060233744357 12 24.808658283817454
      vertex 10.24009190010855 12 24.948301064549444
      vertex 10.255171923333833 12 24.898588890195153
    endloop
  endfacet
  facet normal 0 1 0
    outer loop
      vertex 10.084265193848728 12 24.7222148834902
      vertex 10.255171923333833 12 24.898588890195153
      vertex 10.27966055224423 12 24.85277388791866
    endloop
  endfacet
  facet normal 0 1 0
    outer loop
      vertex 10.146446609406727 12 24.646446609406727
      vertex 10.312616702564096 12 24.812616702564096
      vertex 10.2222148834902 12 24.584265193848726
    endloop
  endfacet
  facet normal 0 1 0
    outer loop
      vertex 10.2222148834902 12 24.584265193848726
      vertex 10.35277388791866 12 24.77966055224423
      vertex 10.308658283817454 12 24.538060233744357
    endloop
  endfacet
  facet normal 0 1 0
    outer loop
      vertex 10.146446609406727 12 24.646446609406727
      vertex 10.27966055224423 12 24.85277388791866
      vertex 10.312616702564096 12 24.812616702564096
    endloop
  endfacet
  facet normal 0 1 0
    outer loop
      vertex 10.2222148834902 12 24.584265193848726
      vertex 10.312616702564096 12 24.812616702564096
      vertex 10.35277388791866 12 24.77966055224423
    endloop
  endfacet
  facet normal 0 1 0
    outer loop
      vertex 10.009607359798384 12 24.902454838991936
      vertex 10.234999999403954 12 25
      vertex 10.24009190010855 12 24.948301064549444
    endloop
  endfacet
  facet normal 0 1 0
    outer loop
      vertex 10 12 25
      vertex 10.24009190010855 12 25.051698935450556
      vertex 10.234999999403954 12 25
    endloop
  endfacet
  facet normal 0 1 0
    outer loop
      vertex 10.009607359798384 12 25.097545161008064
      vertex 10.255171923333833 12 25.101411109804847
      vertex 10.24009190010855 12 25.051698935450556
    endloop
  endfacet
  facet normal 0 1 0
    outer loop
      vertex 10.038060233744357 12 25.191341716182546
      vertex 10.084265193848728 12 25.2777851165098
      vertex 10.27966055224423 12 25.14722611208134
    endloop
  endfacet
  facet normal 0 1 0
    outer loop
      vertex 10.038060233744357 12 25.191341716182546
      vertex 10.27966055224423 12 25.14722611208134
      vertex 10.255171923333833 12 25.101411109804847
    endloop
  endfacet
  facet normal 0 1 0
    outer loop
      vertex 10.084265193848728 12 25.2777851165098
      vertex 10.146446609406727 12 25.353553390593273
      vertex 10.312616702564096 12 25.187383297435904
    endloop
  endfacet
  facet normal 0 1 0
    outer loop
      vertex 10.084265193848728 12 25.2777851165098
      vertex 10.312616702564096 12 25.187383297435904
      vertex 10.27966055224423 12 25.14722611208134
    endloop
  endfacet
  facet normal 0 1 0
    outer loop
      vertex 10.312616702564096 12 25.187383297435904
      vertex 10.146446609406727 12 25.353553390593273
      vertex 10.35277388791866 12 25.22033944775577
    endloop
  endfacet
  facet normal 0 1 0
    outer loop
      vertex 10.308658283817454 12 24.538060233744357
      vertex 10.35277388791866 12 24.77966055224423
      vertex 10.398588890195153 12 24.755171923333833
    endloop
  endfacet
  facet normal 0 1 0
    outer loop
      vertex 10.308658283817454 12 24.538060233744357
      vertex 10.398588890195153 12 24.755171923333833
      vertex 10.402454838991936 12 24.509607359798384
    endloop
  endfacet
  facet normal 0 1 0
    outer loop
      vertex 10.402454838991936 12 24.509607359798384
      vertex 10.448301064549444 12 24.74009190010855
      vertex 10.5 12 24.5
    endloop
  endfacet
  facet normal 0 1 0
    outer loop
      vertex 10.402454838991936 12 24.509607359798384
      vertex 10.398588890195153 12 24.755171923333833
      vertex 10.448301064549444 12 24.74009190010855
    endloop
  endfacet
  facet normal 0 1 0
    outer loop
      vertex 10.448301064549444 12 24.74009190010855
      vertex 10.5 12 24.734999999403954
      vertex 10.5 12 24.5
    endloop
  endfacet
  facet normal 0 1 0
    outer loop
      vertex 10.35277388791866 12 25.22033944775577
      vertex 10.2222148834902 12 25.415734806151274
      vertex 10.398588890195153 12 25.244828076666167
    endloop
  endfacet
  facet normal 0 1 0
    outer loop
      vertex 10.35277388791866 12 25.22033944775577
      vertex 10.146446609406727 12 25.353553390593273
      vertex 10.2222148834902 12 25.415734806151274
    endloop
  endfacet
  facet normal 0 1 0
    outer loop
      vertex 10.398588890195153 12 25.244828076666167
      vertex 10.2222148834902 12 25.415734806151274
      vertex 10.308658283817454 12 25.461939766255643
    endloop
  endfacet
  facet normal 0 1 0
    outer loop
      vertex 10.398588890195153 12 25.244828076666167
      vertex 10.308658283817454 12 25.461939766255643
      vertex 10.448301064549444 12 25.25990809989145
    endloop
  endfacet
  facet normal 0 1 0
    outer loop
      vertex 10.448301064549444 12 25.25990809989145
      vertex 10.308658283817454 12 25.461939766255643
      vertex 10.402454838991936 12 25.490392640201616
    endloop
  endfacet
  facet normal 0 1 0
    outer loop
      vertex 10.448301064549444 12 25.25990809989145
      vertex 10.402454838991936 12 25.490392640201616
      vertex 10.5 12 25.265000000596046
    endloop
  endfacet
  facet normal 0 1 0
    outer loop
      vertex 10.402454838991936 12 25.490392640201616
      vertex 10.5 12 25.5
      vertex 10.5 12 25.265000000596046
    endloop
  endfacet
  facet normal 0 1 0
    outer loop
      vertex 10.5 12 24.5
      vertex 10.5 12 24.734999999403954
      vertex 10.597545161008064 12 24.509607359798384
    endloop
  endfacet
  facet normal 0 1 0
    outer loop
      vertex 10.5 12 24.734999999403954
      vertex 10.551698935450556 12 24.74009190010855
      vertex 10.597545161008064 12 24.509607359798384
    endloop
  endfacet
  facet normal 0 1 0
    outer loop
      vertex 10.551698935450556 12 24.74009190010855
      vertex 10.691341716182546 12 24.538060233744357
      vertex 10.597545161008064 12 24.509607359798384
    endloop
  endfacet
  facet normal 0 1 0
    outer loop
      vertex 10.551698935450556 12 24.74009190010855
      vertex 10.601411109804847 12 24.755171923333833
      vertex 10.691341716182546 12 24.538060233744357
    endloop
  endfacet
  facet normal 0 1 0
    outer loop
      vertex 10.601411109804847 12 24.755171923333833
      vertex 10.64722611208134 12 24.77966055224423
      vertex 10.7777851165098 12 24.584265193848726
    endloop
  endfacet
  facet normal 0 1 0
    outer loop
      vertex 10.601411109804847 12 25.244828076666167
      vertex 10.691341716182546 12 25.461939766255643
      vertex 10.64722611208134 12 25.22033944775577
    endloop
  endfacet
  facet normal 0 1 0
    outer loop
      vertex 10.601411109804847 12 24.755171923333833
      vertex 10.7777851165098 12 24.584265193848726
      vertex 10.691341716182546 12 24.538060233744357
    endloop
  endfacet
  facet normal 0 1 0
    outer loop
      vertex 10.64722611208134 12 24.77966055224423
      vertex 10.853553390593273 12 24.646446609406727
      vertex 10.7777851165098 12 24.584265193848726
    endloop
  endfacet
  facet normal 0 1 0
    outer loop
      vertex 10.64722611208134 12 24.77966055224423
      vertex 10.687383297435904 12 24.812616702564096
      vertex 10.853553390593273 12 24.646446609406727
    endloop
  endfacet
  facet normal 0 1 0
    outer loop
      vertex 10.687383297435904 12 24.812616702564096
      vertex 10.72033944775577 12 24.85277388791866
      vertex 10.915734806151272 12 24.7222148834902
    endloop
  endfacet
  facet normal 0 1 0
    outer loop
      vertex 10.687383297435904 12 24.812616702564096
      vertex 10.915734806151272 12 24.7222148834902
      vertex 10.853553390593273 12 24.646446609406727
    endloop
  endfacet
  facet normal 0 1 0
    outer loop
      vertex 10.72033944775577 12 24.85277388791866
      vertex 10.744828076666167 12 24.898588890195153
      vertex 10.961939766255643 12 24.808658283817454
    endloop
  endfacet
  facet normal 0 1 0
    outer loop
      vertex 10.72033944775577 12 24.85277388791866
      vertex 10.961939766255643 12 24.808658283817454
      vertex 10.915734806151272 12 24.7222148834902
    endloop
  endfacet
  facet normal 0 1 0
    outer loop
      vertex 10.687383297435904 12 25.187383297435904
      vertex 10.64722611208134 12 25.22033944775577
      vertex 10.7777851165098 12 25.415734806151274
    endloop
  endfacet
  facet normal 0 1 0
    outer loop
      vertex 10.687383297435904 12 25.187383297435904
      vertex 10.853553390593273 12 25.353553390593273
      vertex 10.72033944775577 12 25.14722611208134
    endloop
  endfacet
  facet normal 0 1 0
    outer loop
      vertex 10.744828076666167 12 24.898588890195153
      vertex 10.75990809989145 12 24.948301064549444
      vertex 10.990392640201616 12 24.902454838991936
    endloop
  endfacet
  facet normal 0 1 0
    outer loop
      vertex 10.75990809989145 12 24.948301064549444
      vertex 10.765000000596046 12 25
      vertex 11 12 25
    endloop
  endfacet
  facet normal 0 1 0
    outer loop
      vertex 10.765000000596046 12 25
      vertex 10.75990809989145 12 25.051698935450556
      vertex 10.990392640201616 12 25.097545161008064
    endloop
  endfacet
  facet normal 0 1 0
    outer loop
      vertex 10.744828076666167 12 25.101411109804847
      vertex 10.72033944775577 12 25.14722611208134
      vertex 10.915734806151272 12 25.2777851165098
    endloop
  endfacet
  facet normal 0 1 0
    outer loop
      vertex 10.744828076666167 12 25.101411109804847
      vertex 10.961939766255643 12 25.191341716182546
      vertex 10.75990809989145 12 25.051698935450556
    endloop
  endfacet
  facet normal 0 1 0
    outer loop
      vertex 10.744828076666167 12 25.101411109804847
      vertex 10.915734806151272 12 25.2777851165098
      vertex 10.961939766255643 12 25.191341716182546
    endloop
  endfacet
  facet normal 0 1 0
    outer loop
      vertex 10.72033944775577 12 25.14722611208134
      vertex 10.853553390593273 12 25.353553390593273
      vertex 10.915734806151272 12 25.2777851165098
    endloop
  endfacet
  facet normal 0 1 0
    outer loop
      vertex 10.5 12 25.265000000596046
      vertex 10.5 12 25.5
      vertex 10.551698935450556 12 25.25990809989145
    endloop
  endfacet
  facet normal 0 1 0
    outer loop
      vertex 10.551698935450556 12 25.25990809989145
      vertex 10.597545161008064 12 25.490392640201616
      vertex 10.601411109804847 12 25.244828076666167
    endloop
  endfacet
  facet normal 0 1 0
    outer loop
      vertex 10.551698935450556 12 25.25990809989145
      vertex 10.5 12 25.5
      vertex 10.597545161008064 12 25.490392640201616
    endloop
  endfacet
  facet normal 0 1 0
    outer loop
      vertex 10.601411109804847 12 25.244828076666167
      vertex 10.597545161008064 12 25.490392640201616
      vertex 10.691341716182546 12 25.461939766255643
    endloop
  endfacet
  facet normal 0 1 0
    outer loop
      vertex 10.64722611208134 12 25.22033944775577
      vertex 10.691341716182546 12 25.461939766255643
      vertex 10.7777851165098 12 25.415734806151274
    endloop
  endfacet
  facet normal 0 1 0
    outer loop
      vertex 10.687383297435904 12 25.187383297435904
      vertex 10.7777851165098 12 25.415734806151274
      vertex 10.853553390593273 12 25.353553390593273
    endloop
  endfacet
  facet normal 0 1 0
    outer loop
      vertex 10.744828076666167 12 24.898588890195153
      vertex 10.990392640201616 12 24.902454838991936
      vertex 10.961939766255643 12 24.808658283817454
    endloop
  endfacet
  facet normal 0 1 0
    outer loop
      vertex 10.75990809989145 12 24.948301064549444
      vertex 11 12 25
      vertex 10.990392640201616 12 24.902454838991936
    endloop
  endfacet
  facet normal 0 1 0
    outer loop
      vertex 10.765000000596046 12 25
      vertex 10.990392640201616 12 25.097545161008064
      vertex 11 12 25
    endloop
  endfacet
  facet normal 0 1 0
    outer loop
      vertex 10.75990809989145 12 25.051698935450556
      vertex 10.961939766255643 12 25.191341716182546
      vertex 10.990392640201616 12 25.097545161008064
    endloop
  endfacet
  facet normal 0 -1 0
    outer loop
      vertex -10.990392640201616 -12 24.902454838991936
      vertex -10.961939766255643 -12 24.808658283817454
      vertex -10.744828076666167 -12 24.898588890195153
    endloop
  endfacet
  facet normal 0 -1 0
    outer loop
      vertex -10.990392640201616 -12 24.902454838991936
      vertex -10.75990809989145 -12 24.948301064549444
      vertex -11 -12 25
    endloop
  endfacet
  facet normal 0 -1 0
    outer loop
      vertex -11 -12 25
      vertex -10.765000000596046 -12 25
      vertex -10.990392640201616 -12 25.097545161008064
    endloop
  endfacet
  facet normal 0 -1 0
    outer loop
      vertex -10.990392640201616 -12 25.097545161008064
      vertex -10.75990809989145 -12 25.051698935450556
      vertex -10.961939766255643 -12 25.191341716182546
    endloop
  endfacet
  facet normal 0 -1 0
    outer loop
      vertex -10.961939766255643 -12 24.808658283817454
      vertex -10.915734806151272 -12 24.7222148834902
      vertex -10.72033944775577 -12 24.85277388791866
    endloop
  endfacet
  facet normal 0 -1 0
    outer loop
      vertex -10.915734806151272 -12 24.7222148834902
      vertex -10.853553390593273 -12 24.646446609406727
      vertex -10.687383297435904 -12 24.812616702564096
    endloop
  endfacet
  facet normal 0 -1 0
    outer loop
      vertex -10.961939766255643 -12 24.808658283817454
      vertex -10.72033944775577 -12 24.85277388791866
      vertex -10.744828076666167 -12 24.898588890195153
    endloop
  endfacet
  facet normal 0 -1 0
    outer loop
      vertex -10.853553390593273 -12 24.646446609406727
      vertex -10.7777851165098 -12 24.584265193848726
      vertex -10.64722611208134 -12 24.77966055224423
    endloop
  endfacet
  facet normal 0 -1 0
    outer loop
      vertex -10.7777851165098 -12 24.584265193848726
      vertex -10.691341716182546 -12 24.538060233744357
      vertex -10.601411109804847 -12 24.755171923333833
    endloop
  endfacet
  facet normal 0 -1 0
    outer loop
      vertex -10.915734806151272 -12 24.7222148834902
      vertex -10.687383297435904 -12 24.812616702564096
      vertex -10.72033944775577 -12 24.85277388791866
    endloop
  endfacet
  facet normal 0 -1 0
    outer loop
      vertex -10.853553390593273 -12 24.646446609406727
      vertex -10.64722611208134 -12 24.77966055224423
      vertex -10.687383297435904 -12 24.812616702564096
    endloop
  endfacet
  facet normal 0 -1 0
    outer loop
      vertex -10.990392640201616 -12 24.902454838991936
      vertex -10.744828076666167 -12 24.898588890195153
      vertex -10.75990809989145 -12 24.948301064549444
    endloop
  endfacet
  facet normal 0 -1 0
    outer loop
      vertex -11 -12 25
      vertex -10.75990809989145 -12 24.948301064549444
      vertex -10.765000000596046 -12 25
    endloop
  endfacet
  facet normal 0 -1 0
    outer loop
      vertex -10.990392640201616 -12 25.097545161008064
      vertex -10.765000000596046 -12 25
      vertex -10.75990809989145 -12 25.051698935450556
    endloop
  endfacet
  facet normal 0 -1 0
    outer loop
      vertex -10.961939766255643 -12 25.191341716182546
      vertex -10.744828076666167 -12 25.101411109804847
      vertex -10.915734806151272 -12 25.2777851165098
    endloop
  endfacet
  facet normal 0 -1 0
    outer loop
      vertex -10.915734806151272 -12 25.2777851165098
      vertex -10.72033944775577 -12 25.14722611208134
      vertex -10.853553390593273 -12 25.353553390593273
    endloop
  endfacet
  facet normal 0 -1 0
    outer loop
      vertex -10.961939766255643 -12 25.191341716182546
      vertex -10.75990809989145 -12 25.051698935450556
      vertex -10.744828076666167 -12 25.101411109804847
    endloop
  endfacet
  facet normal 0 -1 0
    outer loop
      vertex -10.915734806151272 -12 25.2777851165098
      vertex -10.744828076666167 -12 25.101411109804847
      vertex -10.72033944775577 -12 25.14722611208134
    endloop
  endfacet
  facet normal 0 -1 0
    outer loop
      vertex -10.72033944775577 -12 25.14722611208134
      vertex -10.687383297435904 -12 25.187383297435904
      vertex -10.853553390593273 -12 25.353553390593273
    endloop
  endfacet
  facet normal 0 -1 0
    outer loop
      vertex -10.687383297435904 -12 25.187383297435904
      vertex -10.64722611208134 -12 25.22033944775577
      vertex -10.7777851165098 -12 25.415734806151274
    endloop
  endfacet
  facet normal 0 -1 0
    outer loop
      vertex -10.691341716182546 -12 24.538060233744357
      vertex -10.597545161008064 -12 24.509607359798384
      vertex -10.551698935450556 -12 24.74009190010855
    endloop
  endfacet
  facet normal 0 -1 0
    outer loop
      vertex -10.691341716182546 -12 24.538060233744357
      vertex -10.551698935450556 -12 24.74009190010855
      vertex -10.601411109804847 -12 24.755171923333833
    endloop
  endfacet
  facet normal 0 -1 0
    outer loop
      vertex -10.7777851165098 -12 24.584265193848726
      vertex -10.601411109804847 -12 24.755171923333833
      vertex -10.64722611208134 -12 24.77966055224423
    endloop
  endfacet
  facet normal 0 -1 0
    outer loop
      vertex -10.597545161008064 -12 24.509607359798384
      vertex -10.5 -12 24.734999999403954
      vertex -10.551698935450556 -12 24.74009190010855
    endloop
  endfacet
  facet normal 0 -1 0
    outer loop
      vertex -10.597545161008064 -12 24.509607359798384
      vertex -10.5 -12 24.5
      vertex -10.5 -12 24.734999999403954
    endloop
  endfacet
  facet normal 0 -1 0
    outer loop
      vertex -10.64722611208134 -12 25.22033944775577
      vertex -10.601411109804847 -12 25.244828076666167
      vertex -10.691341716182546 -12 25.461939766255643
    endloop
  endfacet
  facet normal 0 -1 0
    outer loop
      vertex -10.687383297435904 -12 25.187383297435904
      vertex -10.7777851165098 -12 25.415734806151274
      vertex -10.853553390593273 -12 25.353553390593273
    endloop
  endfacet
  facet normal 0 -1 0
    outer loop
      vertex -10.64722611208134 -12 25.22033944775577
      vertex -10.691341716182546 -12 25.461939766255643
      vertex -10.7777851165098 -12 25.415734806151274
    endloop
  endfacet
  facet normal 0 -1 0
    outer loop
      vertex -10.601411109804847 -12 25.244828076666167
      vertex -10.597545161008064 -12 25.490392640201616
      vertex -10.691341716182546 -12 25.461939766255643
    endloop
  endfacet
  facet normal 0 -1 0
    outer loop
      vertex -10.601411109804847 -12 25.244828076666167
      vertex -10.551698935450556 -12 25.25990809989145
      vertex -10.597545161008064 -12 25.490392640201616
    endloop
  endfacet
  facet normal 0 -1 0
    outer loop
      vertex -10.551698935450556 -12 25.25990809989145
      vertex -10.5 -12 25.5
      vertex -10.597545161008064 -12 25.490392640201616
    endloop
  endfacet
  facet normal 0 -1 0
    outer loop
      vertex -10.551698935450556 -12 25.25990809989145
      vertex -10.5 -12 25.265000000596046
      vertex -10.5 -12 25.5
    endloop
  endfacet
  facet normal 0 -1 0
    outer loop
      vertex -10.5 -12 24.5
      vertex -10.448301064549444 -12 24.74009190010855
      vertex -10.5 -12 24.734999999403954
    endloop
  endfacet
  facet normal 0 -1 0
    outer loop
      vertex -10.5 -12 24.5
      vertex -10.402454838991936 -12 24.509607359798384
      vertex -10.448301064549444 -12 24.74009190010855
    endloop
  endfacet
  facet normal 0 -1 0
    outer loop
      vertex -10.448301064549444 -12 24.74009190010855
      vertex -10.402454838991936 -12 24.509607359798384
      vertex -10.398588890195153 -12 24.755171923333833
    endloop
  endfacet
  facet normal 0 -1 0
    outer loop
      vertex -10.402454838991936 -12 24.509607359798384
      vertex -10.308658283817454 -12 24.538060233744357
      vertex -10.398588890195153 -12 24.755171923333833
    endloop
  endfacet
  facet normal 0 -1 0
    outer loop
      vertex -10.398588890195153 -12 24.755171923333833
      vertex -10.308658283817454 -12 24.538060233744357
      vertex -10.35277388791866 -12 24.77966055224423
    endloop
  endfacet
  facet normal 0 -1 0
    outer loop
      vertex -10.398588890195153 -12 25.244828076666167
      vertex -10.35277388791866 -12 25.22033944775577
      vertex -10.2222148834902 -12 25.415734806151274
    endloop
  endfacet
  facet normal 0 -1 0
    outer loop
      vertex -10.35277388791866 -12 24.77966055224423
      vertex -10.308658283817454 -12 24.538060233744357
      vertex -10.2222148834902 -12 24.584265193848726
    endloop
  endfacet
  facet normal 0 -1 0
    outer loop
      vertex -10.312616702564096 -12 24.812616702564096
      vertex -10.2222148834902 -12 24.584265193848726
      vertex -10.146446609406727 -12 24.646446609406727
    endloop
  endfacet
  facet normal 0 -1 0
    outer loop
      vertex -10.35277388791866 -12 24.77966055224423
      vertex -10.2222148834902 -12 24.584265193848726
      vertex -10.312616702564096 -12 24.812616702564096
    endloop
  endfacet
  facet normal 0 -1 0
    outer loop
      vertex -10.312616702564096 -12 24.812616702564096
      vertex -10.146446609406727 -12 24.646446609406727
      vertex -10.27966055224423 -12 24.85277388791866
    endloop
  endfacet
  facet normal 0 -1 0
    outer loop
      vertex -10.27966055224423 -12 24.85277388791866
      vertex -10.084265193848728 -12 24.7222148834902
      vertex -10.255171923333833 -12 24.898588890195153
    endloop
  endfacet
  facet normal 0 -1 0
    outer loop
      vertex -10.255171923333833 -12 24.898588890195153
      vertex -10.038060233744357 -12 24.808658283817454
      vertex -10.24009190010855 -12 24.948301064549444
    endloop
  endfacet
  facet normal 0 -1 0
    outer loop
      vertex -10.27966055224423 -12 24.85277388791866
      vertex -10.146446609406727 -12 24.646446609406727
      vertex -10.084265193848728 -12 24.7222148834902
    endloop
  endfacet
  facet normal 0 -1 0
    outer loop
      vertex -10.255171923333833 -12 24.898588890195153
      vertex -10.084265193848728 -12 24.7222148834902
      vertex -10.038060233744357 -12 24.808658283817454
    endloop
  endfacet
  facet normal 0 -1 0
    outer loop
      vertex -10.312616702564096 -12 25.187383297435904
      vertex -10.146446609406727 -12 25.353553390593273
      vertex -10.35277388791866 -12 25.22033944775577
    endloop
  endfacet
  facet normal 0 -1 0
    outer loop
      vertex -10.312616702564096 -12 25.187383297435904
      vertex -10.27966055224423 -12 25.14722611208134
      vertex -10.084265193848728 -12 25.2777851165098
    endloop
  endfacet
  facet normal 0 -1 0
    outer loop
      vertex -10.24009190010855 -12 24.948301064549444
      vertex -10.009607359798384 -12 24.902454838991936
      vertex -10.234999999403954 -12 25
    endloop
  endfacet
  facet normal 0 -1 0
    outer loop
      vertex -10.234999999403954 -12 25
      vertex -10 -12 25
      vertex -10.24009190010855 -12 25.051698935450556
    endloop
  endfacet
  facet normal 0 -1 0
    outer loop
      vertex -10.255171923333833 -12 25.101411109804847
      vertex -10.24009190010855 -12 25.051698935450556
      vertex -10.009607359798384 -12 25.097545161008064
    endloop
  endfacet
  facet normal 0 -1 0
    outer loop
      vertex -10.255171923333833 -12 25.101411109804847
      vertex -10.038060233744357 -12 25.191341716182546
      vertex -10.27966055224423 -12 25.14722611208134
    endloop
  endfacet
  facet normal 0 -1 0
    outer loop
      vertex -10.312616702564096 -12 25.187383297435904
      vertex -10.084265193848728 -12 25.2777851165098
      vertex -10.146446609406727 -12 25.353553390593273
    endloop
  endfacet
  facet normal 0 -1 0
    outer loop
      vertex -10.27966055224423 -12 25.14722611208134
      vertex -10.038060233744357 -12 25.191341716182546
      vertex -10.084265193848728 -12 25.2777851165098
    endloop
  endfacet
  facet normal 0 -1 0
    outer loop
      vertex -10.5 -12 25.265000000596046
      vertex -10.402454838991936 -12 25.490392640201616
      vertex -10.5 -12 25.5
    endloop
  endfacet
  facet normal 0 -1 0
    outer loop
      vertex -10.5 -12 25.265000000596046
      vertex -10.448301064549444 -12 25.25990809989145
      vertex -10.402454838991936 -12 25.490392640201616
    endloop
  endfacet
  facet normal 0 -1 0
    outer loop
      vertex -10.448301064549444 -12 25.25990809989145
      vertex -10.398588890195153 -12 25.244828076666167
      vertex -10.308658283817454 -12 25.461939766255643
    endloop
  endfacet
  facet normal 0 -1 0
    outer loop
      vertex -10.448301064549444 -12 25.25990809989145
      vertex -10.308658283817454 -12 25.461939766255643
      vertex -10.402454838991936 -12 25.490392640201616
    endloop
  endfacet
  facet normal 0 -1 0
    outer loop
      vertex -10.398588890195153 -12 25.244828076666167
      vertex -10.2222148834902 -12 25.415734806151274
      vertex -10.308658283817454 -12 25.461939766255643
    endloop
  endfacet
  facet normal 0 -1 0
    outer loop
      vertex -10.35277388791866 -12 25.22033944775577
      vertex -10.146446609406727 -12 25.353553390593273
      vertex -10.2222148834902 -12 25.415734806151274
    endloop
  endfacet
  facet normal 0 -1 0
    outer loop
      vertex -10.24009190010855 -12 24.948301064549444
      vertex -10.038060233744357 -12 24.808658283817454
      vertex -10.009607359798384 -12 24.902454838991936
    endloop
  endfacet
  facet normal 0 -1 0
    outer loop
      vertex -10.234999999403954 -12 25
      vertex -10.009607359798384 -12 24.902454838991936
      vertex -10 -12 25
    endloop
  endfacet
  facet normal 0 -1 0
    outer loop
      vertex -10.24009190010855 -12 25.051698935450556
      vertex -10 -12 25
      vertex -10.009607359798384 -12 25.097545161008064
    endloop
  endfacet
  facet normal 0 -1 0
    outer loop
      vertex -10.255171923333833 -12 25.101411109804847
      vertex -10.009607359798384 -12 25.097545161008064
      vertex -10.038060233744357 -12 25.191341716182546
    endloop
  endfacet
  facet normal -0.9569403357322064 0 -0.2902846772544711
    outer loop
      vertex -10.990392640201616 -12 24.902454838991936
      vertex -10.990392640201616 12 24.902454838991936
      vertex -10.961939766255643 -12 24.808658283817454
    endloop
  endfacet
  facet normal -0.7730104533627334 0 -0.6343932841636499
    outer loop
      vertex -10.915734806151272 -12 24.7222148834902
      vertex -10.915734806151272 12 24.7222148834902
      vertex -10.853553390593273 -12 24.646446609406727
    endloop
  endfacet
  facet normal -0.8819212643483528 0 -0.47139673682600164
    outer loop
      vertex -10.961939766255643 -12 24.808658283817454
      vertex -10.961939766255643 12 24.808658283817454
      vertex -10.915734806151272 -12 24.7222148834902
    endloop
  endfacet
  facet normal -0.9951847266721978 0 -0.09801714032955187
    outer loop
      vertex -10.990392640201616 -12 24.902454838991936
      vertex -11 -12 25
      vertex -11 12 25
    endloop
  endfacet
  facet normal -0.9951847266721978 0 0.09801714032955187
    outer loop
      vertex -11 -12 25
      vertex -10.990392640201616 -12 25.097545161008064
      vertex -10.990392640201616 12 25.097545161008064
    endloop
  endfacet
  facet normal -0.9569403357322064 0 0.2902846772544711
    outer loop
      vertex -10.990392640201616 -12 25.097545161008064
      vertex -10.961939766255643 -12 25.191341716182546
      vertex -10.961939766255643 12 25.191341716182546
    endloop
  endfacet
  facet normal -0.8819212643483528 0 0.47139673682600164
    outer loop
      vertex -10.961939766255643 -12 25.191341716182546
      vertex -10.915734806151272 -12 25.2777851165098
      vertex -10.915734806151272 12 25.2777851165098
    endloop
  endfacet
  facet normal -0.6343932841636606 0 -0.7730104533627243
    outer loop
      vertex -10.853553390593273 -12 24.646446609406727
      vertex -10.853553390593273 12 24.646446609406727
      vertex -10.7777851165098 -12 24.584265193848726
    endloop
  endfacet
  facet normal -0.4713967368259876 0 -0.8819212643483605
    outer loop
      vertex -10.7777851165098 -12 24.584265193848726
      vertex -10.7777851165098 12 24.584265193848726
      vertex -10.691341716182546 -12 24.538060233744357
    endloop
  endfacet
  facet normal -0.2902846772544711 0 -0.9569403357322064
    outer loop
      vertex -10.691341716182546 -12 24.538060233744357
      vertex -10.691341716182546 12 24.538060233744357
      vertex -10.597545161008064 -12 24.509607359798384
    endloop
  endfacet
  facet normal -0.09801714032955187 0 -0.9951847266721978
    outer loop
      vertex -10.597545161008064 -12 24.509607359798384
      vertex -10.597545161008064 12 24.509607359798384
      vertex -10.5 -12 24.5
    endloop
  endfacet
  facet normal -0.7730104533627334 0 0.6343932841636499
    outer loop
      vertex -10.915734806151272 -12 25.2777851165098
      vertex -10.853553390593273 -12 25.353553390593273
      vertex -10.853553390593273 12 25.353553390593273
    endloop
  endfacet
  facet normal -0.6343932841636606 0 0.7730104533627243
    outer loop
      vertex -10.853553390593273 -12 25.353553390593273
      vertex -10.7777851165098 -12 25.415734806151274
      vertex -10.7777851165098 12 25.415734806151274
    endloop
  endfacet
  facet normal -0.4713967368259876 0 0.8819212643483605
    outer loop
      vertex -10.7777851165098 -12 25.415734806151274
      vertex -10.691341716182546 -12 25.461939766255643
      vertex -10.691341716182546 12 25.461939766255643
    endloop
  endfacet
  facet normal -0.2902846772544711 0 0.9569403357322064
    outer loop
      vertex -10.691341716182546 -12 25.461939766255643
      vertex -10.597545161008064 -12 25.490392640201616
      vertex -10.597545161008064 12 25.490392640201616
    endloop
  endfacet
  facet normal -0.09801714032955187 0 0.9951847266721978
    outer loop
      vertex -10.597545161008064 -12 25.490392640201616
      vertex -10.5 -12 25.5
      vertex -10.5 12 25.5
    endloop
  endfacet
  facet normal 0.09801714032955187 0 -0.9951847266721978
    outer loop
      vertex -10.5 -12 24.5
      vertex -10.5 12 24.5
      vertex -10.402454838991936 -12 24.509607359798384
    endloop
  endfacet
  facet normal 0.2902846772544711 0 -0.9569403357322064
    outer loop
      vertex -10.402454838991936 -12 24.509607359798384
      vertex -10.402454838991936 12 24.509607359798384
      vertex -10.308658283817454 -12 24.538060233744357
    endloop
  endfacet
  facet normal 0.4713967368259876 0 -0.8819212643483605
    outer loop
      vertex -10.308658283817454 -12 24.538060233744357
      vertex -10.308658283817454 12 24.538060233744357
      vertex -10.2222148834902 -12 24.584265193848726
    endloop
  endfacet
  facet normal 0.6343932841636606 0 -0.7730104533627243
    outer loop
      vertex -10.2222148834902 -12 24.584265193848726
      vertex -10.2222148834902 12 24.584265193848726
      vertex -10.146446609406727 -12 24.646446609406727
    endloop
  endfacet
  facet normal 0.7730104533627334 0 -0.6343932841636499
    outer loop
      vertex -10.146446609406727 -12 24.646446609406727
      vertex -10.146446609406727 12 24.646446609406727
      vertex -10.084265193848728 -12 24.7222148834902
    endloop
  endfacet
  facet normal 0.09801714032955187 0 0.9951847266721978
    outer loop
      vertex -10.5 -12 25.5
      vertex -10.402454838991936 -12 25.490392640201616
      vertex -10.402454838991936 12 25.490392640201616
    endloop
  endfacet
  facet normal 0.2902846772544711 0 0.9569403357322064
    outer loop
      vertex -10.402454838991936 -12 25.490392640201616
      vertex -10.308658283817454 -12 25.461939766255643
      vertex -10.308658283817454 12 25.461939766255643
    endloop
  endfacet
  facet normal 0.4713967368259876 0 0.8819212643483605
    outer loop
      vertex -10.308658283817454 -12 25.461939766255643
      vertex -10.2222148834902 -12 25.415734806151274
      vertex -10.2222148834902 12 25.415734806151274
    endloop
  endfacet
  facet normal 0.6343932841636606 0 0.7730104533627243
    outer loop
      vertex -10.2222148834902 -12 25.415734806151274
      vertex -10.146446609406727 -12 25.353553390593273
      vertex -10.146446609406727 12 25.353553390593273
    endloop
  endfacet
  facet normal 0.8819212643483528 0 -0.47139673682600164
    outer loop
      vertex -10.084265193848728 -12 24.7222148834902
      vertex -10.084265193848728 12 24.7222148834902
      vertex -10.038060233744357 -12 24.808658283817454
    endloop
  endfacet
  facet normal 0.9569403357322064 0 -0.2902846772544711
    outer loop
      vertex -10.038060233744357 -12 24.808658283817454
      vertex -10.038060233744357 12 24.808658283817454
      vertex -10.009607359798384 -12 24.902454838991936
    endloop
  endfacet
  facet normal 0.7730104533627334 0 0.6343932841636499
    outer loop
      vertex -10.146446609406727 -12 25.353553390593273
      vertex -10.084265193848728 -12 25.2777851165098
      vertex -10.084265193848728 12 25.2777851165098
    endloop
  endfacet
  facet normal 0.8819212643483528 0 0.47139673682600164
    outer loop
      vertex -10.084265193848728 -12 25.2777851165098
      vertex -10.038060233744357 -12 25.191341716182546
      vertex -10.038060233744357 12 25.191341716182546
    endloop
  endfacet
  facet normal 0.9951847266721978 0 -0.09801714032955187
    outer loop
      vertex -10.009607359798384 -12 24.902454838991936
      vertex -10.009607359798384 12 24.902454838991936
      vertex -10 -12 25
    endloop
  endfacet
  facet normal 0.9951847266721978 0 0.09801714032955187
    outer loop
      vertex -10 -12 25
      vertex -10 12 25
      vertex -10.009607359798384 -12 25.097545161008064
    endloop
  endfacet
  facet normal 0.9569403357322064 0 0.2902846772544711
    outer loop
      vertex -10.038060233744357 -12 25.191341716182546
      vertex -10.009607359798384 -12 25.097545161008064
      vertex -10.009607359798384 12 25.097545161008064
    endloop
  endfacet
  facet normal -0.9569403357322064 0 -0.2902846772544711
    outer loop
      vertex -10.961939766255643 -12 24.808658283817454
      vertex -10.990392640201616 12 24.902454838991936
      vertex -10.961939766255643 12 24.808658283817454
    endloop
  endfacet
  facet normal -0.8819212643483528 0 -0.47139673682600164
    outer loop
      vertex -10.915734806151272 -12 24.7222148834902
      vertex -10.961939766255643 12 24.808658283817454
      vertex -10.915734806151272 12 24.7222148834902
    endloop
  endfacet
  facet normal -0.9951847266721978 0 -0.09801714032955187
    outer loop
      vertex -10.990392640201616 -12 24.902454838991936
      vertex -11 12 25
      vertex -10.990392640201616 12 24.902454838991936
    endloop
  endfacet
  facet normal -0.9951847266721978 0 0.09801714032955187
    outer loop
      vertex -11 -12 25
      vertex -10.990392640201616 12 25.097545161008064
      vertex -11 12 25
    endloop
  endfacet
  facet normal -0.9569403357322064 0 0.2902846772544711
    outer loop
      vertex -10.990392640201616 -12 25.097545161008064
      vertex -10.961939766255643 12 25.191341716182546
      vertex -10.990392640201616 12 25.097545161008064
    endloop
  endfacet
  facet normal -0.8819212643483528 0 0.47139673682600164
    outer loop
      vertex -10.961939766255643 -12 25.191341716182546
      vertex -10.915734806151272 12 25.2777851165098
      vertex -10.961939766255643 12 25.191341716182546
    endloop
  endfacet
  facet normal -0.7730104533627334 0 0.6343932841636499
    outer loop
      vertex -10.915734806151272 -12 25.2777851165098
      vertex -10.853553390593273 12 25.353553390593273
      vertex -10.915734806151272 12 25.2777851165098
    endloop
  endfacet
  facet normal -0.7730104533627334 0 -0.6343932841636499
    outer loop
      vertex -10.853553390593273 -12 24.646446609406727
      vertex -10.915734806151272 12 24.7222148834902
      vertex -10.853553390593273 12 24.646446609406727
    endloop
  endfacet
  facet normal -0.6343932841636606 0 -0.7730104533627243
    outer loop
      vertex -10.7777851165098 -12 24.584265193848726
      vertex -10.853553390593273 12 24.646446609406727
      vertex -10.7777851165098 12 24.584265193848726
    endloop
  endfacet
  facet normal -0.4713967368259876 0 -0.8819212643483605
    outer loop
      vertex -10.691341716182546 -12 24.538060233744357
      vertex -10.7777851165098 12 24.584265193848726
      vertex -10.691341716182546 12 24.538060233744357
    endloop
  endfacet
  facet normal -0.2902846772544711 0 -0.9569403357322064
    outer loop
      vertex -10.597545161008064 -12 24.509607359798384
      vertex -10.691341716182546 12 24.538060233744357
      vertex -10.597545161008064 12 24.509607359798384
    endloop
  endfacet
  facet normal -0.09801714032955187 0 -0.9951847266721978
    outer loop
      vertex -10.5 -12 24.5
      vertex -10.597545161008064 12 24.509607359798384
      vertex -10.5 12 24.5
    endloop
  endfacet
  facet normal -0.6343932841636606 0 0.7730104533627243
    outer loop
      vertex -10.853553390593273 -12 25.353553390593273
      vertex -10.7777851165098 12 25.415734806151274
      vertex -10.853553390593273 12 25.353553390593273
    endloop
  endfacet
  facet normal -0.4713967368259876 0 0.8819212643483605
    outer loop
      vertex -10.7777851165098 -12 25.415734806151274
      vertex -10.691341716182546 12 25.461939766255643
      vertex -10.7777851165098 12 25.415734806151274
    endloop
  endfacet
  facet normal -0.2902846772544711 0 0.9569403357322064
    outer loop
      vertex -10.691341716182546 -12 25.461939766255643
      vertex -10.597545161008064 12 25.490392640201616
      vertex -10.691341716182546 12 25.461939766255643
    endloop
  endfacet
  facet normal -0.09801714032955187 0 0.9951847266721978
    outer loop
      vertex -10.597545161008064 -12 25.490392640201616
      vertex -10.5 12 25.5
      vertex -10.597545161008064 12 25.490392640201616
    endloop
  endfacet
  facet normal 0.09801714032955187 0 -0.9951847266721978
    outer loop
      vertex -10.402454838991936 -12 24.509607359798384
      vertex -10.5 12 24.5
      vertex -10.402454838991936 12 24.509607359798384
    endloop
  endfacet
  facet normal 0.2902846772544711 0 -0.9569403357322064
    outer loop
      vertex -10.308658283817454 -12 24.538060233744357
      vertex -10.402454838991936 12 24.509607359798384
      vertex -10.308658283817454 12 24.538060233744357
    endloop
  endfacet
  facet normal 0.4713967368259876 0 -0.8819212643483605
    outer loop
      vertex -10.2222148834902 -12 24.584265193848726
      vertex -10.308658283817454 12 24.538060233744357
      vertex -10.2222148834902 12 24.584265193848726
    endloop
  endfacet
  facet normal 0.6343932841636606 0 -0.7730104533627243
    outer loop
      vertex -10.146446609406727 -12 24.646446609406727
      vertex -10.2222148834902 12 24.584265193848726
      vertex -10.146446609406727 12 24.646446609406727
    endloop
  endfacet
  facet normal 0.09801714032955187 0 0.9951847266721978
    outer loop
      vertex -10.5 -12 25.5
      vertex -10.402454838991936 12 25.490392640201616
      vertex -10.5 12 25.5
    endloop
  endfacet
  facet normal 0.2902846772544711 0 0.9569403357322064
    outer loop
      vertex -10.402454838991936 -12 25.490392640201616
      vertex -10.308658283817454 12 25.461939766255643
      vertex -10.402454838991936 12 25.490392640201616
    endloop
  endfacet
  facet normal 0.4713967368259876 0 0.8819212643483605
    outer loop
      vertex -10.308658283817454 -12 25.461939766255643
      vertex -10.2222148834902 12 25.415734806151274
      vertex -10.308658283817454 12 25.461939766255643
    endloop
  endfacet
  facet normal 0.6343932841636606 0 0.7730104533627243
    outer loop
      vertex -10.2222148834902 -12 25.415734806151274
      vertex -10.146446609406727 12 25.353553390593273
      vertex -10.2222148834902 12 25.415734806151274
    endloop
  endfacet
  facet normal 0.7730104533627334 0 0.6343932841636499
    outer loop
      vertex -10.146446609406727 -12 25.353553390593273
      vertex -10.084265193848728 12 25.2777851165098
      vertex -10.146446609406727 12 25.353553390593273
    endloop
  endfacet
  facet normal 0.7730104533627334 0 -0.6343932841636499
    outer loop
      vertex -10.084265193848728 -12 24.7222148834902
      vertex -10.146446609406727 12 24.646446609406727
      vertex -10.084265193848728 12 24.7222148834902
    endloop
  endfacet
  facet normal 0.8819212643483528 0 -0.47139673682600164
    outer loop
      vertex -10.038060233744357 -12 24.808658283817454
      vertex -10.084265193848728 12 24.7222148834902
      vertex -10.038060233744357 12 24.808658283817454
    endloop
  endfacet
  facet normal 0.9569403357322064 0 -0.2902846772544711
    outer loop
      vertex -10.009607359798384 -12 24.902454838991936
      vertex -10.038060233744357 12 24.808658283817454
      vertex -10.009607359798384 12 24.902454838991936
    endloop
  endfacet
  facet normal 0.8819212643483528 0 0.47139673682600164
    outer loop
      vertex -10.084265193848728 -12 25.2777851165098
      vertex -10.038060233744357 12 25.191341716182546
      vertex -10.084265193848728 12 25.2777851165098
    endloop
  endfacet
  facet normal 0.9951847266721978 0 -0.09801714032955187
    outer loop
      vertex -10 -12 25
      vertex -10.009607359798384 12 24.902454838991936
      vertex -10 12 25
    endloop
  endfacet
  facet normal 0.9951847266721978 0 0.09801714032955187
    outer loop
      vertex -10.009607359798384 -12 25.097545161008064
      vertex -10 12 25
      vertex -10.009607359798384 12 25.097545161008064
    endloop
  endfacet
  facet normal 0.9569403357322064 0 0.2902846772544711
    outer loop
      vertex -10.038060233744357 -12 25.191341716182546
      vertex -10.009607359798384 12 25.097545161008064
      vertex -10.038060233744357 12 25.191341716182546
    endloop
  endfacet
  facet normal 0 1 0
    outer loop
      vertex -10.990392640201616 12 24.902454838991936
      vertex -10.75990809989145 12 24.948301064549444
      vertex -10.961939766255643 12 24.808658283817454
    endloop
  endfacet
  facet normal 0 1 0
    outer loop
      vertex -10.990392640201616 12 24.902454838991936
      vertex -11 12 25
      vertex -10.765000000596046 12 25
    endloop
  endfacet
  facet normal 0 1 0
    outer loop
      vertex -11 12 25
      vertex -10.990392640201616 12 25.097545161008064
      vertex -10.75990809989145 12 25.051698935450556
    endloop
  endfacet
  facet normal 0 1 0
    outer loop
      vertex -10.990392640201616 12 25.097545161008064
      vertex -10.961939766255643 12 25.191341716182546
      vertex -10.744828076666167 12 25.101411109804847
    endloop
  endfacet
  facet normal 0 1 0
    outer loop
      vertex -10.915734806151272 12 24.7222148834902
      vertex -10.72033944775577 12 24.85277388791866
      vertex -10.853553390593273 12 24.646446609406727
    endloop
  endfacet
  facet normal 0 1 0
    outer loop
      vertex -10.961939766255643 12 24.808658283817454
      vertex -10.744828076666167 12 24.898588890195153
      vertex -10.915734806151272 12 24.7222148834902
    endloop
  endfacet
  facet normal 0 1 0
    outer loop
      vertex -10.961939766255643 12 24.808658283817454
      vertex -10.75990809989145 12 24.948301064549444
      vertex -10.744828076666167 12 24.898588890195153
    endloop
  endfacet
  facet normal 0 1 0
    outer loop
      vertex -10.915734806151272 12 24.7222148834902
      vertex -10.744828076666167 12 24.898588890195153
      vertex -10.72033944775577 12 24.85277388791866
    endloop
  endfacet
  facet normal 0 1 0
    outer loop
      vertex -10.853553390593273 12 24.646446609406727
      vertex -10.687383297435904 12 24.812616702564096
      vertex -10.7777851165098 12 24.584265193848726
    endloop
  endfacet
  facet normal 0 1 0
    outer loop
      vertex -10.7777851165098 12 24.584265193848726
      vertex -10.64722611208134 12 24.77966055224423
      vertex -10.691341716182546 12 24.538060233744357
    endloop
  endfacet
  facet normal 0 1 0
    outer loop
      vertex -10.853553390593273 12 24.646446609406727
      vertex -10.72033944775577 12 24.85277388791866
      vertex -10.687383297435904 12 24.812616702564096
    endloop
  endfacet
  facet normal 0 1 0
    outer loop
      vertex -10.7777851165098 12 24.584265193848726
      vertex -10.687383297435904 12 24.812616702564096
      vertex -10.64722611208134 12 24.77966055224423
    endloop
  endfacet
  facet normal 0 1 0
    outer loop
      vertex -10.990392640201616 12 24.902454838991936
      vertex -10.765000000596046 12 25
      vertex -10.75990809989145 12 24.948301064549444
    endloop
  endfacet
  facet normal 0 1 0
    outer loop
      vertex -11 12 25
      vertex -10.75990809989145 12 25.051698935450556
      vertex -10.765000000596046 12 25
    endloop
  endfacet
  facet normal 0 1 0
    outer loop
      vertex -10.990392640201616 12 25.097545161008064
      vertex -10.744828076666167 12 25.101411109804847
      vertex -10.75990809989145 12 25.051698935450556
    endloop
  endfacet
  facet normal 0 1 0
    outer loop
      vertex -10.961939766255643 12 25.191341716182546
      vertex -10.915734806151272 12 25.2777851165098
      vertex -10.72033944775577 12 25.14722611208134
    endloop
  endfacet
  facet normal 0 1 0
    outer loop
      vertex -10.961939766255643 12 25.191341716182546
      vertex -10.72033944775577 12 25.14722611208134
      vertex -10.744828076666167 12 25.101411109804847
    endloop
  endfacet
  facet normal 0 1 0
    outer loop
      vertex -10.915734806151272 12 25.2777851165098
      vertex -10.853553390593273 12 25.353553390593273
      vertex -10.687383297435904 12 25.187383297435904
    endloop
  endfacet
  facet normal 0 1 0
    outer loop
      vertex -10.915734806151272 12 25.2777851165098
      vertex -10.687383297435904 12 25.187383297435904
      vertex -10.72033944775577 12 25.14722611208134
    endloop
  endfacet
  facet normal 0 1 0
    outer loop
      vertex -10.687383297435904 12 25.187383297435904
      vertex -10.853553390593273 12 25.353553390593273
      vertex -10.64722611208134 12 25.22033944775577
    endloop
  endfacet
  facet normal 0 1 0
    outer loop
      vertex -10.691341716182546 12 24.538060233744357
      vertex -10.64722611208134 12 24.77966055224423
      vertex -10.601411109804847 12 24.755171923333833
    endloop
  endfacet
  facet normal 0 1 0
    outer loop
      vertex -10.691341716182546 12 24.538060233744357
      vertex -10.601411109804847 12 24.755171923333833
      vertex -10.597545161008064 12 24.509607359798384
    endloop
  endfacet
  facet normal 0 1 0
    outer loop
      vertex -10.597545161008064 12 24.509607359798384
      vertex -10.551698935450556 12 24.74009190010855
      vertex -10.5 12 24.5
    endloop
  endfacet
  facet normal 0 1 0
    outer loop
      vertex -10.597545161008064 12 24.509607359798384
      vertex -10.601411109804847 12 24.755171923333833
      vertex -10.551698935450556 12 24.74009190010855
    endloop
  endfacet
  facet normal 0 1 0
    outer loop
      vertex -10.551698935450556 12 24.74009190010855
      vertex -10.5 12 24.734999999403954
      vertex -10.5 12 24.5
    endloop
  endfacet
  facet normal 0 1 0
    outer loop
      vertex -10.64722611208134 12 25.22033944775577
      vertex -10.7777851165098 12 25.415734806151274
      vertex -10.601411109804847 12 25.244828076666167
    endloop
  endfacet
  facet normal 0 1 0
    outer loop
      vertex -10.64722611208134 12 25.22033944775577
      vertex -10.853553390593273 12 25.353553390593273
      vertex -10.7777851165098 12 25.415734806151274
    endloop
  endfacet
  facet normal 0 1 0
    outer loop
      vertex -10.601411109804847 12 25.244828076666167
      vertex -10.7777851165098 12 25.415734806151274
      vertex -10.691341716182546 12 25.461939766255643
    endloop
  endfacet
  facet normal 0 1 0
    outer loop
      vertex -10.601411109804847 12 25.244828076666167
      vertex -10.691341716182546 12 25.461939766255643
      vertex -10.551698935450556 12 25.25990809989145
    endloop
  endfacet
  facet normal 0 1 0
    outer loop
      vertex -10.551698935450556 12 25.25990809989145
      vertex -10.691341716182546 12 25.461939766255643
      vertex -10.597545161008064 12 25.490392640201616
    endloop
  endfacet
  facet normal 0 1 0
    outer loop
      vertex -10.551698935450556 12 25.25990809989145
      vertex -10.597545161008064 12 25.490392640201616
      vertex -10.5 12 25.265000000596046
    endloop
  endfacet
  facet normal 0 1 0
    outer loop
      vertex -10.597545161008064 12 25.490392640201616
      vertex -10.5 12 25.5
      vertex -10.5 12 25.265000000596046
    endloop
  endfacet
  facet normal 0 1 0
    outer loop
      vertex -10.5 12 24.5
      vertex -10.5 12 24.734999999403954
      vertex -10.402454838991936 12 24.509607359798384
    endloop
  endfacet
  facet normal 0 1 0
    outer loop
      vertex -10.5 12 24.734999999403954
      vertex -10.448301064549444 12 24.74009190010855
      vertex -10.402454838991936 12 24.509607359798384
    endloop
  endfacet
  facet normal 0 1 0
    outer loop
      vertex -10.448301064549444 12 24.74009190010855
      vertex -10.308658283817454 12 24.538060233744357
      vertex -10.402454838991936 12 24.509607359798384
    endloop
  endfacet
  facet normal 0 1 0
    outer loop
      vertex -10.448301064549444 12 24.74009190010855
      vertex -10.398588890195153 12 24.755171923333833
      vertex -10.308658283817454 12 24.538060233744357
    endloop
  endfacet
  facet normal 0 1 0
    outer loop
      vertex -10.398588890195153 12 24.755171923333833
      vertex -10.35277388791866 12 24.77966055224423
      vertex -10.2222148834902 12 24.584265193848726
    endloop
  endfacet
  facet normal 0 1 0
    outer loop
      vertex -10.398588890195153 12 25.244828076666167
      vertex -10.308658283817454 12 25.461939766255643
      vertex -10.35277388791866 12 25.22033944775577
    endloop
  endfacet
  facet normal 0 1 0
    outer loop
      vertex -10.398588890195153 12 24.755171923333833
      vertex -10.2222148834902 12 24.584265193848726
      vertex -10.308658283817454 12 24.538060233744357
    endloop
  endfacet
  facet normal 0 1 0
    outer loop
      vertex -10.35277388791866 12 24.77966055224423
      vertex -10.146446609406727 12 24.646446609406727
      vertex -10.2222148834902 12 24.584265193848726
    endloop
  endfacet
  facet normal 0 1 0
    outer loop
      vertex -10.35277388791866 12 24.77966055224423
      vertex -10.312616702564096 12 24.812616702564096
      vertex -10.146446609406727 12 24.646446609406727
    endloop
  endfacet
  facet normal 0 1 0
    outer loop
      vertex -10.312616702564096 12 24.812616702564096
      vertex -10.27966055224423 12 24.85277388791866
      vertex -10.084265193848728 12 24.7222148834902
    endloop
  endfacet
  facet normal 0 1 0
    outer loop
      vertex -10.312616702564096 12 24.812616702564096
      vertex -10.084265193848728 12 24.7222148834902
      vertex -10.146446609406727 12 24.646446609406727
    endloop
  endfacet
  facet normal 0 1 0
    outer loop
      vertex -10.27966055224423 12 24.85277388791866
      vertex -10.255171923333833 12 24.898588890195153
      vertex -10.038060233744357 12 24.808658283817454
    endloop
  endfacet
  facet normal 0 1 0
    outer loop
      vertex -10.27966055224423 12 24.85277388791866
      vertex -10.038060233744357 12 24.808658283817454
      vertex -10.084265193848728 12 24.7222148834902
    endloop
  endfacet
  facet normal 0 1 0
    outer loop
      vertex -10.312616702564096 12 25.187383297435904
      vertex -10.35277388791866 12 25.22033944775577
      vertex -10.2222148834902 12 25.415734806151274
    endloop
  endfacet
  facet normal 0 1 0
    outer loop
      vertex -10.312616702564096 12 25.187383297435904
      vertex -10.146446609406727 12 25.353553390593273
      vertex -10.27966055224423 12 25.14722611208134
    endloop
  endfacet
  facet normal 0 1 0
    outer loop
      vertex -10.255171923333833 12 24.898588890195153
      vertex -10.24009190010855 12 24.948301064549444
      vertex -10.009607359798384 12 24.902454838991936
    endloop
  endfacet
  facet normal 0 1 0
    outer loop
      vertex -10.24009190010855 12 24.948301064549444
      vertex -10.234999999403954 12 25
      vertex -10 12 25
    endloop
  endfacet
  facet normal 0 1 0
    outer loop
      vertex -10.234999999403954 12 25
      vertex -10.24009190010855 12 25.051698935450556
      vertex -10.009607359798384 12 25.097545161008064
    endloop
  endfacet
  facet normal 0 1 0
    outer loop
      vertex -10.255171923333833 12 25.101411109804847
      vertex -10.27966055224423 12 25.14722611208134
      vertex -10.084265193848728 12 25.2777851165098
    endloop
  endfacet
  facet normal 0 1 0
    outer loop
      vertex -10.255171923333833 12 25.101411109804847
      vertex -10.038060233744357 12 25.191341716182546
      vertex -10.24009190010855 12 25.051698935450556
    endloop
  endfacet
  facet normal 0 1 0
    outer loop
      vertex -10.255171923333833 12 25.101411109804847
      vertex -10.084265193848728 12 25.2777851165098
      vertex -10.038060233744357 12 25.191341716182546
    endloop
  endfacet
  facet normal 0 1 0
    outer loop
      vertex -10.27966055224423 12 25.14722611208134
      vertex -10.146446609406727 12 25.353553390593273
      vertex -10.084265193848728 12 25.2777851165098
    endloop
  endfacet
  facet normal 0 1 0
    outer loop
      vertex -10.5 12 25.265000000596046
      vertex -10.5 12 25.5
      vertex -10.448301064549444 12 25.25990809989145
    endloop
  endfacet
  facet normal 0 1 0
    outer loop
      vertex -10.448301064549444 12 25.25990809989145
      vertex -10.402454838991936 12 25.490392640201616
      vertex -10.398588890195153 12 25.244828076666167
    endloop
  endfacet
  facet normal 0 1 0
    outer loop
      vertex -10.448301064549444 12 25.25990809989145
      vertex -10.5 12 25.5
      vertex -10.402454838991936 12 25.490392640201616
    endloop
  endfacet
  facet normal 0 1 0
    outer loop
      vertex -10.398588890195153 12 25.244828076666167
      vertex -10.402454838991936 12 25.490392640201616
      vertex -10.308658283817454 12 25.461939766255643
    endloop
  endfacet
  facet normal 0 1 0
    outer loop
      vertex -10.35277388791866 12 25.22033944775577
      vertex -10.308658283817454 12 25.461939766255643
      vertex -10.2222148834902 12 25.415734806151274
    endloop
  endfacet
  facet normal 0 1 0
    outer loop
      vertex -10.312616702564096 12 25.187383297435904
      vertex -10.2222148834902 12 25.415734806151274
      vertex -10.146446609406727 12 25.353553390593273
    endloop
  endfacet
  facet normal 0 1 0
    outer loop
      vertex -10.255171923333833 12 24.898588890195153
      vertex -10.009607359798384 12 24.902454838991936
      vertex -10.038060233744357 12 24.808658283817454
    endloop
  endfacet
  facet normal 0 1 0
    outer loop
      vertex -10.24009190010855 12 24.948301064549444
      vertex -10 12 25
      vertex -10.009607359798384 12 24.902454838991936
    endloop
  endfacet
  facet normal 0 1 0
    outer loop
      vertex -10.234999999403954 12 25
      vertex -10.009607359798384 12 25.097545161008064
      vertex -10 12 25
    endloop
  endfacet
  facet normal 0 1 0
    outer loop
      vertex -10.24009190010855 12 25.051698935450556
      vertex -10.038060233744357 12 25.191341716182546
      vertex -10.009607359798384 12 25.097545161008064
    endloop
  endfacet
  facet normal -1 0 0
    outer loop
      vertex -12 -10.990392640201616 23.902454838991936
      vertex -12 -10.75990809989145 23.948301064549444
      vertex -12 -10.961939766255643 23.808658283817454
    endloop
  endfacet
  facet normal -1 0 0
    outer loop
      vertex -12 -10.990392640201616 23.902454838991936
      vertex -12 -11 24
      vertex -12 -10.765000000596046 24
    endloop
  endfacet
  facet normal -1 0 0
    outer loop
      vertex -12 -11 24
      vertex -12 -10.990392640201616 24.097545161008064
      vertex -12 -10.75990809989145 24.051698935450556
    endloop
  endfacet
  facet normal -1 0 0
    outer loop
      vertex -12 -10.990392640201616 24.097545161008064
      vertex -12 -10.961939766255643 24.191341716182546
      vertex -12 -10.744828076666167 24.101411109804847
    endloop
  endfacet
  facet normal -1 0 0
    outer loop
      vertex -12 -10.853553390593273 23.646446609406727
      vertex -12 -10.687383297435904 23.812616702564096
      vertex -12 -10.7777851165098 23.584265193848726
    endloop
  endfacet
  facet normal -1 0 0
    outer loop
      vertex -12 -10.7777851165098 23.584265193848726
      vertex -12 -10.64722611208134 23.77966055224423
      vertex -12 -10.691341716182546 23.538060233744357
    endloop
  endfacet
  facet normal -1 0 0
    outer loop
      vertex -12 -10.691341716182546 23.538060233744357
      vertex -12 -10.601411109804847 23.755171923333833
      vertex -12 -10.597545161008064 23.509607359798384
    endloop
  endfacet
  facet normal -1 0 0
    outer loop
      vertex -12 -10.597545161008064 23.509607359798384
      vertex -12 -10.551698935450556 23.74009190010855
      vertex -12 -10.5 23.5
    endloop
  endfacet
  facet normal -1 0 0
    outer loop
      vertex -12 -10.597545161008064 23.509607359798384
      vertex -12 -10.601411109804847 23.755171923333833
      vertex -12 -10.551698935450556 23.74009190010855
    endloop
  endfacet
  facet normal -1 0 0
    outer loop
      vertex -12 -10.551698935450556 23.74009190010855
      vertex -12 -10.5 23.734999999403954
      vertex -12 -10.5 23.5
    endloop
  endfacet
  facet normal -1 0 0
    outer loop
      vertex -12 -10.915734806151272 23.7222148834902
      vertex -12 -10.72033944775577 23.85277388791866
      vertex -12 -10.853553390593273 23.646446609406727
    endloop
  endfacet
  facet normal -1 0 0
    outer loop
      vertex -12 -10.961939766255643 23.808658283817454
      vertex -12 -10.744828076666167 23.898588890195153
      vertex -12 -10.915734806151272 23.7222148834902
    endloop
  endfacet
  facet normal -1 0 0
    outer loop
      vertex -12 -10.961939766255643 23.808658283817454
      vertex -12 -10.75990809989145 23.948301064549444
      vertex -12 -10.744828076666167 23.898588890195153
    endloop
  endfacet
  facet normal -1 0 0
    outer loop
      vertex -12 -10.915734806151272 23.7222148834902
      vertex -12 -10.744828076666167 23.898588890195153
      vertex -12 -10.72033944775577 23.85277388791866
    endloop
  endfacet
  facet normal -1 0 0
    outer loop
      vertex -12 -10.990392640201616 23.902454838991936
      vertex -12 -10.765000000596046 24
      vertex -12 -10.75990809989145 23.948301064549444
    endloop
  endfacet
  facet normal -1 0 0
    outer loop
      vertex -12 -11 24
      vertex -12 -10.75990809989145 24.051698935450556
      vertex -12 -10.765000000596046 24
    endloop
  endfacet
  facet normal -1 0 0
    outer loop
      vertex -12 -10.990392640201616 24.097545161008064
      vertex -12 -10.744828076666167 24.101411109804847
      vertex -12 -10.75990809989145 24.051698935450556
    endloop
  endfacet
  facet normal -1 0 0
    outer loop
      vertex -12 -10.853553390593273 23.646446609406727
      vertex -12 -10.72033944775577 23.85277388791866
      vertex -12 -10.687383297435904 23.812616702564096
    endloop
  endfacet
  facet normal -1 0 0
    outer loop
      vertex -12 -10.7777851165098 23.584265193848726
      vertex -12 -10.687383297435904 23.812616702564096
      vertex -12 -10.64722611208134 23.77966055224423
    endloop
  endfacet
  facet normal -1 0 0
    outer loop
      vertex -12 -10.961939766255643 24.191341716182546
      vertex -12 -10.915734806151272 24.2777851165098
      vertex -12 -10.72033944775577 24.14722611208134
    endloop
  endfacet
  facet normal -1 0 0
    outer loop
      vertex -12 -10.961939766255643 24.191341716182546
      vertex -12 -10.72033944775577 24.14722611208134
      vertex -12 -10.744828076666167 24.101411109804847
    endloop
  endfacet
  facet normal -1 0 0
    outer loop
      vertex -12 -10.915734806151272 24.2777851165098
      vertex -12 -10.853553390593273 24.353553390593273
      vertex -12 -10.687383297435904 24.187383297435904
    endloop
  endfacet
  facet normal -1 0 0
    outer loop
      vertex -12 -10.915734806151272 24.2777851165098
      vertex -12 -10.687383297435904 24.187383297435904
      vertex -12 -10.72033944775577 24.14722611208134
    endloop
  endfacet
  facet normal -1 0 0
    outer loop
      vertex -12 -10.853553390593273 24.353553390593273
      vertex -12 -10.64722611208134 24.22033944775577
      vertex -12 -10.687383297435904 24.187383297435904
    endloop
  endfacet
  facet normal -1 0 0
    outer loop
      vertex -12 -10.853553390593273 24.353553390593273
      vertex -12 -10.7777851165098 24.415734806151274
      vertex -12 -10.64722611208134 24.22033944775577
    endloop
  endfacet
  facet normal -1 0 0
    outer loop
      vertex -12 -10.7777851165098 24.415734806151274
      vertex -12 -10.691341716182546 24.461939766255643
      vertex -12 -10.601411109804847 24.244828076666167
    endloop
  endfacet
  facet normal -1 0 0
    outer loop
      vertex -12 -10.691341716182546 23.538060233744357
      vertex -12 -10.64722611208134 23.77966055224423
      vertex -12 -10.601411109804847 23.755171923333833
    endloop
  endfacet
  facet normal -1 0 0
    outer loop
      vertex -12 -10.7777851165098 24.415734806151274
      vertex -12 -10.601411109804847 24.244828076666167
      vertex -12 -10.64722611208134 24.22033944775577
    endloop
  endfacet
  facet normal -1 0 0
    outer loop
      vertex -12 -10.691341716182546 24.461939766255643
      vertex -12 -10.551698935450556 24.25990809989145
      vertex -12 -10.601411109804847 24.244828076666167
    endloop
  endfacet
  facet normal -1 0 0
    outer loop
      vertex -12 -10.691341716182546 24.461939766255643
      vertex -12 -10.597545161008064 24.490392640201616
      vertex -12 -10.551698935450556 24.25990809989145
    endloop
  endfacet
  facet normal -1 0 0
    outer loop
      vertex -12 -10.597545161008064 24.490392640201616
      vertex -12 -10.5 24.265000000596046
      vertex -12 -10.551698935450556 24.25990809989145
    endloop
  endfacet
  facet normal -1 0 0
    outer loop
      vertex -12 -10.597545161008064 24.490392640201616
      vertex -12 -10.5 24.5
      vertex -12 -10.5 24.265000000596046
    endloop
  endfacet
  facet normal -1 0 0
    outer loop
      vertex -12 -10.5 23.5
      vertex -12 -10.5 23.734999999403954
      vertex -12 -10.402454838991936 23.509607359798384
    endloop
  endfacet
  facet normal -1 0 0
    outer loop
      vertex -12 -10.402454838991936 23.509607359798384
      vertex -12 -10.5 23.734999999403954
      vertex -12 -10.448301064549444 23.74009190010855
    endloop
  endfacet
  facet normal -1 0 0
    outer loop
      vertex -12 -10.402454838991936 23.509607359798384
      vertex -12 -10.448301064549444 23.74009190010855
      vertex -12 -10.308658283817454 23.538060233744357
    endloop
  endfacet
  facet normal -1 0 0
    outer loop
      vertex -12 -10.308658283817454 23.538060233744357
      vertex -12 -10.448301064549444 23.74009190010855
      vertex -12 -10.398588890195153 23.755171923333833
    endloop
  endfacet
  facet normal -1 0 0
    outer loop
      vertex -12 -10.308658283817454 23.538060233744357
      vertex -12 -10.398588890195153 23.755171923333833
      vertex -12 -10.2222148834902 23.584265193848726
    endloop
  endfacet
  facet normal -1 0 0
    outer loop
      vertex -12 -10.2222148834902 23.584265193848726
      vertex -12 -10.35277388791866 23.77966055224423
      vertex -12 -10.146446609406727 23.646446609406727
    endloop
  endfacet
  facet normal -1 0 0
    outer loop
      vertex -12 -10.2222148834902 23.584265193848726
      vertex -12 -10.398588890195153 23.755171923333833
      vertex -12 -10.35277388791866 23.77966055224423
    endloop
  endfacet
  facet normal -1 0 0
    outer loop
      vertex -12 -10.5 24.265000000596046
      vertex -12 -10.5 24.5
      vertex -12 -10.448301064549444 24.25990809989145
    endloop
  endfacet
  facet normal -1 0 0
    outer loop
      vertex -12 -10.448301064549444 24.25990809989145
      vertex -12 -10.402454838991936 24.490392640201616
      vertex -12 -10.398588890195153 24.244828076666167
    endloop
  endfacet
  facet normal -1 0 0
    outer loop
      vertex -12 -10.448301064549444 24.25990809989145
      vertex -12 -10.5 24.5
      vertex -12 -10.402454838991936 24.490392640201616
    endloop
  endfacet
  facet normal -1 0 0
    outer loop
      vertex -12 -10.398588890195153 24.244828076666167
      vertex -12 -10.402454838991936 24.490392640201616
      vertex -12 -10.308658283817454 24.461939766255643
    endloop
  endfacet
  facet normal -1 0 0
    outer loop
      vertex -12 -10.398588890195153 24.244828076666167
      vertex -12 -10.308658283817454 24.461939766255643
      vertex -12 -10.35277388791866 24.22033944775577
    endloop
  endfacet
  facet normal -1 0 0
    outer loop
      vertex -12 -10.146446609406727 23.646446609406727
      vertex -12 -10.35277388791866 23.77966055224423
      vertex -12 -10.312616702564096 23.812616702564096
    endloop
  endfacet
  facet normal -1 0 0
    outer loop
      vertex -12 -10.312616702564096 23.812616702564096
      vertex -12 -10.27966055224423 23.85277388791866
      vertex -12 -10.084265193848728 23.7222148834902
    endloop
  endfacet
  facet normal -1 0 0
    outer loop
      vertex -12 -10.146446609406727 23.646446609406727
      vertex -12 -10.312616702564096 23.812616702564096
      vertex -12 -10.084265193848728 23.7222148834902
    endloop
  endfacet
  facet normal -1 0 0
    outer loop
      vertex -12 -10.27966055224423 23.85277388791866
      vertex -12 -10.255171923333833 23.898588890195153
      vertex -12 -10.038060233744357 23.808658283817454
    endloop
  endfacet
  facet normal -1 0 0
    outer loop
      vertex -12 -10.27966055224423 23.85277388791866
      vertex -12 -10.038060233744357 23.808658283817454
      vertex -12 -10.084265193848728 23.7222148834902
    endloop
  endfacet
  facet normal -1 0 0
    outer loop
      vertex -12 -10.255171923333833 23.898588890195153
      vertex -12 -10.24009190010855 23.948301064549444
      vertex -12 -10.009607359798384 23.902454838991936
    endloop
  endfacet
  facet normal -1 0 0
    outer loop
      vertex -12 -10.24009190010855 23.948301064549444
      vertex -12 -10.234999999403954 24
      vertex -12 -10 24
    endloop
  endfacet
  facet normal -1 0 0
    outer loop
      vertex -12 -10.234999999403954 24
      vertex -12 -10.24009190010855 24.051698935450556
      vertex -12 -10.009607359798384 24.097545161008064
    endloop
  endfacet
  facet normal -1 0 0
    outer loop
      vertex -12 -10.312616702564096 24.187383297435904
      vertex -12 -10.35277388791866 24.22033944775577
      vertex -12 -10.2222148834902 24.415734806151274
    endloop
  endfacet
  facet normal -1 0 0
    outer loop
      vertex -12 -10.312616702564096 24.187383297435904
      vertex -12 -10.146446609406727 24.353553390593273
      vertex -12 -10.27966055224423 24.14722611208134
    endloop
  endfacet
  facet normal -1 0 0
    outer loop
      vertex -12 -10.35277388791866 24.22033944775577
      vertex -12 -10.308658283817454 24.461939766255643
      vertex -12 -10.2222148834902 24.415734806151274
    endloop
  endfacet
  facet normal -1 0 0
    outer loop
      vertex -12 -10.312616702564096 24.187383297435904
      vertex -12 -10.2222148834902 24.415734806151274
      vertex -12 -10.146446609406727 24.353553390593273
    endloop
  endfacet
  facet normal -1 0 0
    outer loop
      vertex -12 -10.27966055224423 24.14722611208134
      vertex -12 -10.084265193848728 24.2777851165098
      vertex -12 -10.255171923333833 24.101411109804847
    endloop
  endfacet
  facet normal -1 0 0
    outer loop
      vertex -12 -10.24009190010855 24.051698935450556
      vertex -12 -10.255171923333833 24.101411109804847
      vertex -12 -10.038060233744357 24.191341716182546
    endloop
  endfacet
  facet normal -1 0 0
    outer loop
      vertex -12 -10.255171923333833 24.101411109804847
      vertex -12 -10.084265193848728 24.2777851165098
      vertex -12 -10.038060233744357 24.191341716182546
    endloop
  endfacet
  facet normal -1 0 0
    outer loop
      vertex -12 -10.27966055224423 24.14722611208134
      vertex -12 -10.146446609406727 24.353553390593273
      vertex -12 -10.084265193848728 24.2777851165098
    endloop
  endfacet
  facet normal -1 0 0
    outer loop
      vertex -12 -10.255171923333833 23.898588890195153
      vertex -12 -10.009607359798384 23.902454838991936
      vertex -12 -10.038060233744357 23.808658283817454
    endloop
  endfacet
  facet normal -1 0 0
    outer loop
      vertex -12 -10.24009190010855 23.948301064549444
      vertex -12 -10 24
      vertex -12 -10.009607359798384 23.902454838991936
    endloop
  endfacet
  facet normal -1 0 0
    outer loop
      vertex -12 -10.234999999403954 24
      vertex -12 -10.009607359798384 24.097545161008064
      vertex -12 -10 24
    endloop
  endfacet
  facet normal -1 0 0
    outer loop
      vertex -12 -10.24009190010855 24.051698935450556
      vertex -12 -10.038060233744357 24.191341716182546
      vertex -12 -10.009607359798384 24.097545161008064
    endloop
  endfacet
  facet normal 0 -0.9569403357322064 -0.2902846772544711
    outer loop
      vertex -12 -10.990392640201616 23.902454838991936
      vertex -12 -10.961939766255643 23.808658283817454
      vertex 12 -10.961939766255643 23.808658283817454
    endloop
  endfacet
  facet normal 0 -0.9951847266721978 -0.09801714032955187
    outer loop
      vertex -12 -10.990392640201616 23.902454838991936
      vertex 12 -10.990392640201616 23.902454838991936
      vertex -12 -11 24
    endloop
  endfacet
  facet normal 0 -0.9951847266721978 0.09801714032955187
    outer loop
      vertex -12 -11 24
      vertex 12 -11 24
      vertex -12 -10.990392640201616 24.097545161008064
    endloop
  endfacet
  facet normal 0 -0.8819212643483528 -0.47139673682600164
    outer loop
      vertex -12 -10.961939766255643 23.808658283817454
      vertex -12 -10.915734806151272 23.7222148834902
      vertex 12 -10.915734806151272 23.7222148834902
    endloop
  endfacet
  facet normal 0 -0.9569403357322064 0.2902846772544711
    outer loop
      vertex -12 -10.990392640201616 24.097545161008064
      vertex 12 -10.990392640201616 24.097545161008064
      vertex -12 -10.961939766255643 24.191341716182546
    endloop
  endfacet
  facet normal 0 -0.8819212643483528 0.47139673682600164
    outer loop
      vertex -12 -10.961939766255643 24.191341716182546
      vertex 12 -10.961939766255643 24.191341716182546
      vertex -12 -10.915734806151272 24.2777851165098
    endloop
  endfacet
  facet normal 0 -0.7730104533627334 0.6343932841636499
    outer loop
      vertex -12 -10.915734806151272 24.2777851165098
      vertex 12 -10.915734806151272 24.2777851165098
      vertex -12 -10.853553390593273 24.353553390593273
    endloop
  endfacet
  facet normal 0 -0.7730104533627334 -0.6343932841636499
    outer loop
      vertex -12 -10.915734806151272 23.7222148834902
      vertex -12 -10.853553390593273 23.646446609406727
      vertex 12 -10.853553390593273 23.646446609406727
    endloop
  endfacet
  facet normal 0 -0.6343932841636606 -0.7730104533627243
    outer loop
      vertex -12 -10.853553390593273 23.646446609406727
      vertex -12 -10.7777851165098 23.584265193848726
      vertex 12 -10.7777851165098 23.584265193848726
    endloop
  endfacet
  facet normal 0 -0.4713967368259876 -0.8819212643483605
    outer loop
      vertex -12 -10.7777851165098 23.584265193848726
      vertex -12 -10.691341716182546 23.538060233744357
      vertex 12 -10.691341716182546 23.538060233744357
    endloop
  endfacet
  facet normal 0 -0.2902846772544711 -0.9569403357322064
    outer loop
      vertex -12 -10.691341716182546 23.538060233744357
      vertex -12 -10.597545161008064 23.509607359798384
      vertex 12 -10.597545161008064 23.509607359798384
    endloop
  endfacet
  facet normal 0 -0.09801714032955187 -0.9951847266721978
    outer loop
      vertex -12 -10.597545161008064 23.509607359798384
      vertex -12 -10.5 23.5
      vertex 12 -10.5 23.5
    endloop
  endfacet
  facet normal 0 -0.6343932841636606 0.7730104533627243
    outer loop
      vertex -12 -10.853553390593273 24.353553390593273
      vertex 12 -10.853553390593273 24.353553390593273
      vertex -12 -10.7777851165098 24.415734806151274
    endloop
  endfacet
  facet normal 0 -0.4713967368259876 0.8819212643483605
    outer loop
      vertex -12 -10.7777851165098 24.415734806151274
      vertex 12 -10.7777851165098 24.415734806151274
      vertex -12 -10.691341716182546 24.461939766255643
    endloop
  endfacet
  facet normal 0 -0.2902846772544711 0.9569403357322064
    outer loop
      vertex -12 -10.691341716182546 24.461939766255643
      vertex 12 -10.691341716182546 24.461939766255643
      vertex -12 -10.597545161008064 24.490392640201616
    endloop
  endfacet
  facet normal 0 -0.09801714032955187 0.9951847266721978
    outer loop
      vertex -12 -10.597545161008064 24.490392640201616
      vertex 12 -10.597545161008064 24.490392640201616
      vertex -12 -10.5 24.5
    endloop
  endfacet
  facet normal 0 0.09801714032955187 -0.9951847266721978
    outer loop
      vertex -12 -10.5 23.5
      vertex -12 -10.402454838991936 23.509607359798384
      vertex 12 -10.402454838991936 23.509607359798384
    endloop
  endfacet
  facet normal 0 0.2902846772544711 -0.9569403357322064
    outer loop
      vertex -12 -10.402454838991936 23.509607359798384
      vertex -12 -10.308658283817454 23.538060233744357
      vertex 12 -10.308658283817454 23.538060233744357
    endloop
  endfacet
  facet normal 0 0.4713967368259876 -0.8819212643483605
    outer loop
      vertex -12 -10.308658283817454 23.538060233744357
      vertex -12 -10.2222148834902 23.584265193848726
      vertex 12 -10.2222148834902 23.584265193848726
    endloop
  endfacet
  facet normal 0 0.6343932841636606 -0.7730104533627243
    outer loop
      vertex -12 -10.2222148834902 23.584265193848726
      vertex -12 -10.146446609406727 23.646446609406727
      vertex 12 -10.146446609406727 23.646446609406727
    endloop
  endfacet
  facet normal 0 0.09801714032955187 0.9951847266721978
    outer loop
      vertex -12 -10.402454838991936 24.490392640201616
      vertex -12 -10.5 24.5
      vertex 12 -10.5 24.5
    endloop
  endfacet
  facet normal 0 0.2902846772544711 0.9569403357322064
    outer loop
      vertex -12 -10.402454838991936 24.490392640201616
      vertex 12 -10.402454838991936 24.490392640201616
      vertex -12 -10.308658283817454 24.461939766255643
    endloop
  endfacet
  facet normal 0 0.4713967368259876 0.8819212643483605
    outer loop
      vertex -12 -10.308658283817454 24.461939766255643
      vertex 12 -10.308658283817454 24.461939766255643
      vertex -12 -10.2222148834902 24.415734806151274
    endloop
  endfacet
  facet normal 0 0.6343932841636606 0.7730104533627243
    outer loop
      vertex -12 -10.2222148834902 24.415734806151274
      vertex 12 -10.2222148834902 24.415734806151274
      vertex -12 -10.146446609406727 24.353553390593273
    endloop
  endfacet
  facet normal 0 0.7730104533627334 0.6343932841636499
    outer loop
      vertex -12 -10.146446609406727 24.353553390593273
      vertex 12 -10.146446609406727 24.353553390593273
      vertex -12 -10.084265193848728 24.2777851165098
    endloop
  endfacet
  facet normal 0 0.7730104533627334 -0.6343932841636499
    outer loop
      vertex -12 -10.146446609406727 23.646446609406727
      vertex -12 -10.084265193848728 23.7222148834902
      vertex 12 -10.084265193848728 23.7222148834902
    endloop
  endfacet
  facet normal 0 0.8819212643483528 -0.47139673682600164
    outer loop
      vertex -12 -10.084265193848728 23.7222148834902
      vertex -12 -10.038060233744357 23.808658283817454
      vertex 12 -10.038060233744357 23.808658283817454
    endloop
  endfacet
  facet normal 0 0.9569403357322064 -0.2902846772544711
    outer loop
      vertex -12 -10.038060233744357 23.808658283817454
      vertex -12 -10.009607359798384 23.902454838991936
      vertex 12 -10.009607359798384 23.902454838991936
    endloop
  endfacet
  facet normal 0 0.9951847266721978 -0.09801714032955187
    outer loop
      vertex -12 -10.009607359798384 23.902454838991936
      vertex -12 -10 24
      vertex 12 -10 24
    endloop
  endfacet
  facet normal 0 0.9951847266721978 0.09801714032955187
    outer loop
      vertex -12 -10 24
      vertex -12 -10.009607359798384 24.097545161008064
      vertex 12 -10.009607359798384 24.097545161008064
    endloop
  endfacet
  facet normal 0 0.8819212643483528 0.47139673682600164
    outer loop
      vertex -12 -10.084265193848728 24.2777851165098
      vertex 12 -10.084265193848728 24.2777851165098
      vertex -12 -10.038060233744357 24.191341716182546
    endloop
  endfacet
  facet normal 0 0.9569403357322064 0.2902846772544711
    outer loop
      vertex -12 -10.038060233744357 24.191341716182546
      vertex 12 -10.038060233744357 24.191341716182546
      vertex -12 -10.009607359798384 24.097545161008064
    endloop
  endfacet
  facet normal 0 -0.9569403357322064 -0.2902846772544711
    outer loop
      vertex -12 -10.990392640201616 23.902454838991936
      vertex 12 -10.961939766255643 23.808658283817454
      vertex 12 -10.990392640201616 23.902454838991936
    endloop
  endfacet
  facet normal 0 -0.9951847266721978 -0.09801714032955187
    outer loop
      vertex -12 -11 24
      vertex 12 -10.990392640201616 23.902454838991936
      vertex 12 -11 24
    endloop
  endfacet
  facet normal 0 -0.9951847266721978 0.09801714032955187
    outer loop
      vertex -12 -10.990392640201616 24.097545161008064
      vertex 12 -11 24
      vertex 12 -10.990392640201616 24.097545161008064
    endloop
  endfacet
  facet normal 0 -0.8819212643483528 -0.47139673682600164
    outer loop
      vertex -12 -10.961939766255643 23.808658283817454
      vertex 12 -10.915734806151272 23.7222148834902
      vertex 12 -10.961939766255643 23.808658283817454
    endloop
  endfacet
  facet normal 0 -0.7730104533627334 -0.6343932841636499
    outer loop
      vertex -12 -10.915734806151272 23.7222148834902
      vertex 12 -10.853553390593273 23.646446609406727
      vertex 12 -10.915734806151272 23.7222148834902
    endloop
  endfacet
  facet normal 0 -0.9569403357322064 0.2902846772544711
    outer loop
      vertex -12 -10.961939766255643 24.191341716182546
      vertex 12 -10.990392640201616 24.097545161008064
      vertex 12 -10.961939766255643 24.191341716182546
    endloop
  endfacet
  facet normal 0 -0.8819212643483528 0.47139673682600164
    outer loop
      vertex -12 -10.915734806151272 24.2777851165098
      vertex 12 -10.961939766255643 24.191341716182546
      vertex 12 -10.915734806151272 24.2777851165098
    endloop
  endfacet
  facet normal 0 -0.6343932841636606 -0.7730104533627243
    outer loop
      vertex -12 -10.853553390593273 23.646446609406727
      vertex 12 -10.7777851165098 23.584265193848726
      vertex 12 -10.853553390593273 23.646446609406727
    endloop
  endfacet
  facet normal 0 -0.4713967368259876 -0.8819212643483605
    outer loop
      vertex -12 -10.7777851165098 23.584265193848726
      vertex 12 -10.691341716182546 23.538060233744357
      vertex 12 -10.7777851165098 23.584265193848726
    endloop
  endfacet
  facet normal 0 -0.2902846772544711 -0.9569403357322064
    outer loop
      vertex -12 -10.691341716182546 23.538060233744357
      vertex 12 -10.597545161008064 23.509607359798384
      vertex 12 -10.691341716182546 23.538060233744357
    endloop
  endfacet
  facet normal 0 -0.09801714032955187 -0.9951847266721978
    outer loop
      vertex -12 -10.597545161008064 23.509607359798384
      vertex 12 -10.5 23.5
      vertex 12 -10.597545161008064 23.509607359798384
    endloop
  endfacet
  facet normal 0 -0.7730104533627334 0.6343932841636499
    outer loop
      vertex -12 -10.853553390593273 24.353553390593273
      vertex 12 -10.915734806151272 24.2777851165098
      vertex 12 -10.853553390593273 24.353553390593273
    endloop
  endfacet
  facet normal 0 -0.6343932841636606 0.7730104533627243
    outer loop
      vertex -12 -10.7777851165098 24.415734806151274
      vertex 12 -10.853553390593273 24.353553390593273
      vertex 12 -10.7777851165098 24.415734806151274
    endloop
  endfacet
  facet normal 0 -0.4713967368259876 0.8819212643483605
    outer loop
      vertex -12 -10.691341716182546 24.461939766255643
      vertex 12 -10.7777851165098 24.415734806151274
      vertex 12 -10.691341716182546 24.461939766255643
    endloop
  endfacet
  facet normal 0 -0.2902846772544711 0.9569403357322064
    outer loop
      vertex -12 -10.597545161008064 24.490392640201616
      vertex 12 -10.691341716182546 24.461939766255643
      vertex 12 -10.597545161008064 24.490392640201616
    endloop
  endfacet
  facet normal 0 -0.09801714032955187 0.9951847266721978
    outer loop
      vertex -12 -10.5 24.5
      vertex 12 -10.597545161008064 24.490392640201616
      vertex 12 -10.5 24.5
    endloop
  endfacet
  facet normal 0 0.09801714032955187 -0.9951847266721978
    outer loop
      vertex -12 -10.5 23.5
      vertex 12 -10.402454838991936 23.509607359798384
      vertex 12 -10.5 23.5
    endloop
  endfacet
  facet normal 0 0.2902846772544711 -0.9569403357322064
    outer loop
      vertex -12 -10.402454838991936 23.509607359798384
      vertex 12 -10.308658283817454 23.538060233744357
      vertex 12 -10.402454838991936 23.509607359798384
    endloop
  endfacet
  facet normal 0 0.4713967368259876 -0.8819212643483605
    outer loop
      vertex -12 -10.308658283817454 23.538060233744357
      vertex 12 -10.2222148834902 23.584265193848726
      vertex 12 -10.308658283817454 23.538060233744357
    endloop
  endfacet
  facet normal 0 0.6343932841636606 -0.7730104533627243
    outer loop
      vertex -12 -10.2222148834902 23.584265193848726
      vertex 12 -10.146446609406727 23.646446609406727
      vertex 12 -10.2222148834902 23.584265193848726
    endloop
  endfacet
  facet normal 0 0.7730104533627334 -0.6343932841636499
    outer loop
      vertex -12 -10.146446609406727 23.646446609406727
      vertex 12 -10.084265193848728 23.7222148834902
      vertex 12 -10.146446609406727 23.646446609406727
    endloop
  endfacet
  facet normal 0 0.09801714032955187 0.9951847266721978
    outer loop
      vertex -12 -10.402454838991936 24.490392640201616
      vertex 12 -10.5 24.5
      vertex 12 -10.402454838991936 24.490392640201616
    endloop
  endfacet
  facet normal 0 0.2902846772544711 0.9569403357322064
    outer loop
      vertex -12 -10.308658283817454 24.461939766255643
      vertex 12 -10.402454838991936 24.490392640201616
      vertex 12 -10.308658283817454 24.461939766255643
    endloop
  endfacet
  facet normal 0 0.4713967368259876 0.8819212643483605
    outer loop
      vertex -12 -10.2222148834902 24.415734806151274
      vertex 12 -10.308658283817454 24.461939766255643
      vertex 12 -10.2222148834902 24.415734806151274
    endloop
  endfacet
  facet normal 0 0.6343932841636606 0.7730104533627243
    outer loop
      vertex -12 -10.146446609406727 24.353553390593273
      vertex 12 -10.2222148834902 24.415734806151274
      vertex 12 -10.146446609406727 24.353553390593273
    endloop
  endfacet
  facet normal 0 0.8819212643483528 -0.47139673682600164
    outer loop
      vertex -12 -10.084265193848728 23.7222148834902
      vertex 12 -10.038060233744357 23.808658283817454
      vertex 12 -10.084265193848728 23.7222148834902
    endloop
  endfacet
  facet normal 0 0.9569403357322064 -0.2902846772544711
    outer loop
      vertex -12 -10.038060233744357 23.808658283817454
      vertex 12 -10.009607359798384 23.902454838991936
      vertex 12 -10.038060233744357 23.808658283817454
    endloop
  endfacet
  facet normal 0 0.9951847266721978 -0.09801714032955187
    outer loop
      vertex -12 -10.009607359798384 23.902454838991936
      vertex 12 -10 24
      vertex 12 -10.009607359798384 23.902454838991936
    endloop
  endfacet
  facet normal 0 0.9951847266721978 0.09801714032955187
    outer loop
      vertex -12 -10 24
      vertex 12 -10.009607359798384 24.097545161008064
      vertex 12 -10 24
    endloop
  endfacet
  facet normal 0 0.8819212643483528 0.47139673682600164
    outer loop
      vertex -12 -10.038060233744357 24.191341716182546
      vertex 12 -10.084265193848728 24.2777851165098
      vertex 12 -10.038060233744357 24.191341716182546
    endloop
  endfacet
  facet normal 0 0.7730104533627334 0.6343932841636499
    outer loop
      vertex -12 -10.084265193848728 24.2777851165098
      vertex 12 -10.146446609406727 24.353553390593273
      vertex 12 -10.084265193848728 24.2777851165098
    endloop
  endfacet
  facet normal 0 0.9569403357322064 0.2902846772544711
    outer loop
      vertex -12 -10.009607359798384 24.097545161008064
      vertex 12 -10.038060233744357 24.191341716182546
      vertex 12 -10.009607359798384 24.097545161008064
    endloop
  endfacet
  facet normal 1 0 0
    outer loop
      vertex 12 -10.990392640201616 23.902454838991936
      vertex 12 -10.961939766255643 23.808658283817454
      vertex 12 -10.744828076666167 23.898588890195153
    endloop
  endfacet
  facet normal 1 0 0
    outer loop
      vertex 12 -10.990392640201616 23.902454838991936
      vertex 12 -10.75990809989145 23.948301064549444
      vertex 12 -11 24
    endloop
  endfacet
  facet normal 1 0 0
    outer loop
      vertex 12 -11 24
      vertex 12 -10.765000000596046 24
      vertex 12 -10.990392640201616 24.097545161008064
    endloop
  endfacet
  facet normal 1 0 0
    outer loop
      vertex 12 -10.990392640201616 24.097545161008064
      vertex 12 -10.75990809989145 24.051698935450556
      vertex 12 -10.961939766255643 24.191341716182546
    endloop
  endfacet
  facet normal 1 0 0
    outer loop
      vertex 12 -10.853553390593273 23.646446609406727
      vertex 12 -10.7777851165098 23.584265193848726
      vertex 12 -10.64722611208134 23.77966055224423
    endloop
  endfacet
  facet normal 1 0 0
    outer loop
      vertex 12 -10.7777851165098 23.584265193848726
      vertex 12 -10.691341716182546 23.538060233744357
      vertex 12 -10.601411109804847 23.755171923333833
    endloop
  endfacet
  facet normal 1 0 0
    outer loop
      vertex 12 -10.691341716182546 23.538060233744357
      vertex 12 -10.597545161008064 23.509607359798384
      vertex 12 -10.551698935450556 23.74009190010855
    endloop
  endfacet
  facet normal 1 0 0
    outer loop
      vertex 12 -10.691341716182546 23.538060233744357
      vertex 12 -10.551698935450556 23.74009190010855
      vertex 12 -10.601411109804847 23.755171923333833
    endloop
  endfacet
  facet normal 1 0 0
    outer loop
      vertex 12 -10.597545161008064 23.509607359798384
      vertex 12 -10.5 23.734999999403954
      vertex 12 -10.551698935450556 23.74009190010855
    endloop
  endfacet
  facet normal 1 0 0
    outer loop
      vertex 12 -10.597545161008064 23.509607359798384
      vertex 12 -10.5 23.5
      vertex 12 -10.5 23.734999999403954
    endloop
  endfacet
  facet normal 1 0 0
    outer loop
      vertex 12 -10.961939766255643 23.808658283817454
      vertex 12 -10.915734806151272 23.7222148834902
      vertex 12 -10.72033944775577 23.85277388791866
    endloop
  endfacet
  facet normal 1 0 0
    outer loop
      vertex 12 -10.915734806151272 23.7222148834902
      vertex 12 -10.853553390593273 23.646446609406727
      vertex 12 -10.687383297435904 23.812616702564096
    endloop
  endfacet
  facet normal 1 0 0
    outer loop
      vertex 12 -10.961939766255643 23.808658283817454
      vertex 12 -10.72033944775577 23.85277388791866
      vertex 12 -10.744828076666167 23.898588890195153
    endloop
  endfacet
  facet normal 1 0 0
    outer loop
      vertex 12 -10.990392640201616 23.902454838991936
      vertex 12 -10.744828076666167 23.898588890195153
      vertex 12 -10.75990809989145 23.948301064549444
    endloop
  endfacet
  facet normal 1 0 0
    outer loop
      vertex 12 -11 24
      vertex 12 -10.75990809989145 23.948301064549444
      vertex 12 -10.765000000596046 24
    endloop
  endfacet
  facet normal 1 0 0
    outer loop
      vertex 12 -10.990392640201616 24.097545161008064
      vertex 12 -10.765000000596046 24
      vertex 12 -10.75990809989145 24.051698935450556
    endloop
  endfacet
  facet normal 1 0 0
    outer loop
      vertex 12 -10.915734806151272 23.7222148834902
      vertex 12 -10.687383297435904 23.812616702564096
      vertex 12 -10.72033944775577 23.85277388791866
    endloop
  endfacet
  facet normal 1 0 0
    outer loop
      vertex 12 -10.853553390593273 23.646446609406727
      vertex 12 -10.64722611208134 23.77966055224423
      vertex 12 -10.687383297435904 23.812616702564096
    endloop
  endfacet
  facet normal 1 0 0
    outer loop
      vertex 12 -10.961939766255643 24.191341716182546
      vertex 12 -10.744828076666167 24.101411109804847
      vertex 12 -10.915734806151272 24.2777851165098
    endloop
  endfacet
  facet normal 1 0 0
    outer loop
      vertex 12 -10.915734806151272 24.2777851165098
      vertex 12 -10.72033944775577 24.14722611208134
      vertex 12 -10.853553390593273 24.353553390593273
    endloop
  endfacet
  facet normal 1 0 0
    outer loop
      vertex 12 -10.961939766255643 24.191341716182546
      vertex 12 -10.75990809989145 24.051698935450556
      vertex 12 -10.744828076666167 24.101411109804847
    endloop
  endfacet
  facet normal 1 0 0
    outer loop
      vertex 12 -10.915734806151272 24.2777851165098
      vertex 12 -10.744828076666167 24.101411109804847
      vertex 12 -10.72033944775577 24.14722611208134
    endloop
  endfacet
  facet normal 1 0 0
    outer loop
      vertex 12 -10.853553390593273 24.353553390593273
      vertex 12 -10.72033944775577 24.14722611208134
      vertex 12 -10.687383297435904 24.187383297435904
    endloop
  endfacet
  facet normal 1 0 0
    outer loop
      vertex 12 -10.7777851165098 24.415734806151274
      vertex 12 -10.687383297435904 24.187383297435904
      vertex 12 -10.64722611208134 24.22033944775577
    endloop
  endfacet
  facet normal 1 0 0
    outer loop
      vertex 12 -10.853553390593273 24.353553390593273
      vertex 12 -10.687383297435904 24.187383297435904
      vertex 12 -10.7777851165098 24.415734806151274
    endloop
  endfacet
  facet normal 1 0 0
    outer loop
      vertex 12 -10.7777851165098 24.415734806151274
      vertex 12 -10.64722611208134 24.22033944775577
      vertex 12 -10.691341716182546 24.461939766255643
    endloop
  endfacet
  facet normal 1 0 0
    outer loop
      vertex 12 -10.7777851165098 23.584265193848726
      vertex 12 -10.601411109804847 23.755171923333833
      vertex 12 -10.64722611208134 23.77966055224423
    endloop
  endfacet
  facet normal 1 0 0
    outer loop
      vertex 12 -10.691341716182546 24.461939766255643
      vertex 12 -10.64722611208134 24.22033944775577
      vertex 12 -10.601411109804847 24.244828076666167
    endloop
  endfacet
  facet normal 1 0 0
    outer loop
      vertex 12 -10.691341716182546 24.461939766255643
      vertex 12 -10.601411109804847 24.244828076666167
      vertex 12 -10.597545161008064 24.490392640201616
    endloop
  endfacet
  facet normal 1 0 0
    outer loop
      vertex 12 -10.601411109804847 24.244828076666167
      vertex 12 -10.551698935450556 24.25990809989145
      vertex 12 -10.597545161008064 24.490392640201616
    endloop
  endfacet
  facet normal 1 0 0
    outer loop
      vertex 12 -10.597545161008064 24.490392640201616
      vertex 12 -10.551698935450556 24.25990809989145
      vertex 12 -10.5 24.5
    endloop
  endfacet
  facet normal 1 0 0
    outer loop
      vertex 12 -10.551698935450556 24.25990809989145
      vertex 12 -10.5 24.265000000596046
      vertex 12 -10.5 24.5
    endloop
  endfacet
  facet normal 1 0 0
    outer loop
      vertex 12 -10.5 23.5
      vertex 12 -10.448301064549444 23.74009190010855
      vertex 12 -10.5 23.734999999403954
    endloop
  endfacet
  facet normal 1 0 0
    outer loop
      vertex 12 -10.5 23.5
      vertex 12 -10.402454838991936 23.509607359798384
      vertex 12 -10.448301064549444 23.74009190010855
    endloop
  endfacet
  facet normal 1 0 0
    outer loop
      vertex 12 -10.402454838991936 23.509607359798384
      vertex 12 -10.398588890195153 23.755171923333833
      vertex 12 -10.448301064549444 23.74009190010855
    endloop
  endfacet
  facet normal 1 0 0
    outer loop
      vertex 12 -10.402454838991936 23.509607359798384
      vertex 12 -10.308658283817454 23.538060233744357
      vertex 12 -10.398588890195153 23.755171923333833
    endloop
  endfacet
  facet normal 1 0 0
    outer loop
      vertex 12 -10.308658283817454 23.538060233744357
      vertex 12 -10.2222148834902 23.584265193848726
      vertex 12 -10.35277388791866 23.77966055224423
    endloop
  endfacet
  facet normal 1 0 0
    outer loop
      vertex 12 -10.2222148834902 23.584265193848726
      vertex 12 -10.146446609406727 23.646446609406727
      vertex 12 -10.312616702564096 23.812616702564096
    endloop
  endfacet
  facet normal 1 0 0
    outer loop
      vertex 12 -10.308658283817454 23.538060233744357
      vertex 12 -10.35277388791866 23.77966055224423
      vertex 12 -10.398588890195153 23.755171923333833
    endloop
  endfacet
  facet normal 1 0 0
    outer loop
      vertex 12 -10.5 24.265000000596046
      vertex 12 -10.402454838991936 24.490392640201616
      vertex 12 -10.5 24.5
    endloop
  endfacet
  facet normal 1 0 0
    outer loop
      vertex 12 -10.5 24.265000000596046
      vertex 12 -10.448301064549444 24.25990809989145
      vertex 12 -10.402454838991936 24.490392640201616
    endloop
  endfacet
  facet normal 1 0 0
    outer loop
      vertex 12 -10.398588890195153 24.244828076666167
      vertex 12 -10.35277388791866 24.22033944775577
      vertex 12 -10.2222148834902 24.415734806151274
    endloop
  endfacet
  facet normal 1 0 0
    outer loop
      vertex 12 -10.448301064549444 24.25990809989145
      vertex 12 -10.398588890195153 24.244828076666167
      vertex 12 -10.308658283817454 24.461939766255643
    endloop
  endfacet
  facet normal 1 0 0
    outer loop
      vertex 12 -10.448301064549444 24.25990809989145
      vertex 12 -10.308658283817454 24.461939766255643
      vertex 12 -10.402454838991936 24.490392640201616
    endloop
  endfacet
  facet normal 1 0 0
    outer loop
      vertex 12 -10.2222148834902 23.584265193848726
      vertex 12 -10.312616702564096 23.812616702564096
      vertex 12 -10.35277388791866 23.77966055224423
    endloop
  endfacet
  facet normal 1 0 0
    outer loop
      vertex 12 -10.146446609406727 23.646446609406727
      vertex 12 -10.27966055224423 23.85277388791866
      vertex 12 -10.312616702564096 23.812616702564096
    endloop
  endfacet
  facet normal 1 0 0
    outer loop
      vertex 12 -10.27966055224423 23.85277388791866
      vertex 12 -10.084265193848728 23.7222148834902
      vertex 12 -10.255171923333833 23.898588890195153
    endloop
  endfacet
  facet normal 1 0 0
    outer loop
      vertex 12 -10.255171923333833 23.898588890195153
      vertex 12 -10.038060233744357 23.808658283817454
      vertex 12 -10.24009190010855 23.948301064549444
    endloop
  endfacet
  facet normal 1 0 0
    outer loop
      vertex 12 -10.146446609406727 23.646446609406727
      vertex 12 -10.084265193848728 23.7222148834902
      vertex 12 -10.27966055224423 23.85277388791866
    endloop
  endfacet
  facet normal 1 0 0
    outer loop
      vertex 12 -10.255171923333833 23.898588890195153
      vertex 12 -10.084265193848728 23.7222148834902
      vertex 12 -10.038060233744357 23.808658283817454
    endloop
  endfacet
  facet normal 1 0 0
    outer loop
      vertex 12 -10.24009190010855 23.948301064549444
      vertex 12 -10.009607359798384 23.902454838991936
      vertex 12 -10.234999999403954 24
    endloop
  endfacet
  facet normal 1 0 0
    outer loop
      vertex 12 -10.234999999403954 24
      vertex 12 -10 24
      vertex 12 -10.24009190010855 24.051698935450556
    endloop
  endfacet
  facet normal 1 0 0
    outer loop
      vertex 12 -10.24009190010855 24.051698935450556
      vertex 12 -10.009607359798384 24.097545161008064
      vertex 12 -10.255171923333833 24.101411109804847
    endloop
  endfacet
  facet normal 1 0 0
    outer loop
      vertex 12 -10.312616702564096 24.187383297435904
      vertex 12 -10.146446609406727 24.353553390593273
      vertex 12 -10.35277388791866 24.22033944775577
    endloop
  endfacet
  facet normal 1 0 0
    outer loop
      vertex 12 -10.312616702564096 24.187383297435904
      vertex 12 -10.27966055224423 24.14722611208134
      vertex 12 -10.084265193848728 24.2777851165098
    endloop
  endfacet
  facet normal 1 0 0
    outer loop
      vertex 12 -10.398588890195153 24.244828076666167
      vertex 12 -10.2222148834902 24.415734806151274
      vertex 12 -10.308658283817454 24.461939766255643
    endloop
  endfacet
  facet normal 1 0 0
    outer loop
      vertex 12 -10.35277388791866 24.22033944775577
      vertex 12 -10.146446609406727 24.353553390593273
      vertex 12 -10.2222148834902 24.415734806151274
    endloop
  endfacet
  facet normal 1 0 0
    outer loop
      vertex 12 -10.27966055224423 24.14722611208134
      vertex 12 -10.255171923333833 24.101411109804847
      vertex 12 -10.038060233744357 24.191341716182546
    endloop
  endfacet
  facet normal 1 0 0
    outer loop
      vertex 12 -10.312616702564096 24.187383297435904
      vertex 12 -10.084265193848728 24.2777851165098
      vertex 12 -10.146446609406727 24.353553390593273
    endloop
  endfacet
  facet normal 1 0 0
    outer loop
      vertex 12 -10.27966055224423 24.14722611208134
      vertex 12 -10.038060233744357 24.191341716182546
      vertex 12 -10.084265193848728 24.2777851165098
    endloop
  endfacet
  facet normal 1 0 0
    outer loop
      vertex 12 -10.24009190010855 23.948301064549444
      vertex 12 -10.038060233744357 23.808658283817454
      vertex 12 -10.009607359798384 23.902454838991936
    endloop
  endfacet
  facet normal 1 0 0
    outer loop
      vertex 12 -10.234999999403954 24
      vertex 12 -10.009607359798384 23.902454838991936
      vertex 12 -10 24
    endloop
  endfacet
  facet normal 1 0 0
    outer loop
      vertex 12 -10.24009190010855 24.051698935450556
      vertex 12 -10 24
      vertex 12 -10.009607359798384 24.097545161008064
    endloop
  endfacet
  facet normal 1 0 0
    outer loop
      vertex 12 -10.255171923333833 24.101411109804847
      vertex 12 -10.009607359798384 24.097545161008064
      vertex 12 -10.038060233744357 24.191341716182546
    endloop
  endfacet
  facet normal -1 0 0
    outer loop
      vertex -12 10.009607359798384 23.902454838991936
      vertex -12 10.24009190010855 23.948301064549444
      vertex -12 10.038060233744357 23.808658283817454
    endloop
  endfacet
  facet normal -1 0 0
    outer loop
      vertex -12 10.009607359798384 23.902454838991936
      vertex -12 10 24
      vertex -12 10.234999999403954 24
    endloop
  endfacet
  facet normal -1 0 0
    outer loop
      vertex -12 10 24
      vertex -12 10.009607359798384 24.097545161008064
      vertex -12 10.24009190010855 24.051698935450556
    endloop
  endfacet
  facet normal -1 0 0
    outer loop
      vertex -12 10.009607359798384 24.097545161008064
      vertex -12 10.038060233744357 24.191341716182546
      vertex -12 10.255171923333833 24.101411109804847
    endloop
  endfacet
  facet normal -1 0 0
    outer loop
      vertex -12 10.146446609406727 23.646446609406727
      vertex -12 10.312616702564096 23.812616702564096
      vertex -12 10.2222148834902 23.584265193848726
    endloop
  endfacet
  facet normal -1 0 0
    outer loop
      vertex -12 10.2222148834902 23.584265193848726
      vertex -12 10.35277388791866 23.77966055224423
      vertex -12 10.308658283817454 23.538060233744357
    endloop
  endfacet
  facet normal -1 0 0
    outer loop
      vertex -12 10.308658283817454 23.538060233744357
      vertex -12 10.398588890195153 23.755171923333833
      vertex -12 10.402454838991936 23.509607359798384
    endloop
  endfacet
  facet normal -1 0 0
    outer loop
      vertex -12 10.402454838991936 23.509607359798384
      vertex -12 10.448301064549444 23.74009190010855
      vertex -12 10.5 23.5
    endloop
  endfacet
  facet normal -1 0 0
    outer loop
      vertex -12 10.402454838991936 23.509607359798384
      vertex -12 10.398588890195153 23.755171923333833
      vertex -12 10.448301064549444 23.74009190010855
    endloop
  endfacet
  facet normal -1 0 0
    outer loop
      vertex -12 10.448301064549444 23.74009190010855
      vertex -12 10.5 23.734999999403954
      vertex -12 10.5 23.5
    endloop
  endfacet
  facet normal -1 0 0
    outer loop
      vertex -12 10.084265193848728 23.7222148834902
      vertex -12 10.27966055224423 23.85277388791866
      vertex -12 10.146446609406727 23.646446609406727
    endloop
  endfacet
  facet normal -1 0 0
    outer loop
      vertex -12 10.038060233744357 23.808658283817454
      vertex -12 10.255171923333833 23.898588890195153
      vertex -12 10.084265193848728 23.7222148834902
    endloop
  endfacet
  facet normal -1 0 0
    outer loop
      vertex -12 10.038060233744357 23.808658283817454
      vertex -12 10.24009190010855 23.948301064549444
      vertex -12 10.255171923333833 23.898588890195153
    endloop
  endfacet
  facet normal -1 0 0
    outer loop
      vertex -12 10.084265193848728 23.7222148834902
      vertex -12 10.255171923333833 23.898588890195153
      vertex -12 10.27966055224423 23.85277388791866
    endloop
  endfacet
  facet normal -1 0 0
    outer loop
      vertex -12 10.009607359798384 23.902454838991936
      vertex -12 10.234999999403954 24
      vertex -12 10.24009190010855 23.948301064549444
    endloop
  endfacet
  facet normal -1 0 0
    outer loop
      vertex -12 10 24
      vertex -12 10.24009190010855 24.051698935450556
      vertex -12 10.234999999403954 24
    endloop
  endfacet
  facet normal -1 0 0
    outer loop
      vertex -12 10.009607359798384 24.097545161008064
      vertex -12 10.255171923333833 24.101411109804847
      vertex -12 10.24009190010855 24.051698935450556
    endloop
  endfacet
  facet normal -1 0 0
    outer loop
      vertex -12 10.146446609406727 23.646446609406727
      vertex -12 10.27966055224423 23.85277388791866
      vertex -12 10.312616702564096 23.812616702564096
    endloop
  endfacet
  facet normal -1 0 0
    outer loop
      vertex -12 10.2222148834902 23.584265193848726
      vertex -12 10.312616702564096 23.812616702564096
      vertex -12 10.35277388791866 23.77966055224423
    endloop
  endfacet
  facet normal -1 0 0
    outer loop
      vertex -12 10.038060233744357 24.191341716182546
      vertex -12 10.084265193848728 24.2777851165098
      vertex -12 10.27966055224423 24.14722611208134
    endloop
  endfacet
  facet normal -1 0 0
    outer loop
      vertex -12 10.038060233744357 24.191341716182546
      vertex -12 10.27966055224423 24.14722611208134
      vertex -12 10.255171923333833 24.101411109804847
    endloop
  endfacet
  facet normal -1 0 0
    outer loop
      vertex -12 10.084265193848728 24.2777851165098
      vertex -12 10.146446609406727 24.353553390593273
      vertex -12 10.312616702564096 24.187383297435904
    endloop
  endfacet
  facet normal -1 0 0
    outer loop
      vertex -12 10.084265193848728 24.2777851165098
      vertex -12 10.312616702564096 24.187383297435904
      vertex -12 10.27966055224423 24.14722611208134
    endloop
  endfacet
  facet normal -1 0 0
    outer loop
      vertex -12 10.146446609406727 24.353553390593273
      vertex -12 10.35277388791866 24.22033944775577
      vertex -12 10.312616702564096 24.187383297435904
    endloop
  endfacet
  facet normal -1 0 0
    outer loop
      vertex -12 10.146446609406727 24.353553390593273
      vertex -12 10.2222148834902 24.415734806151274
      vertex -12 10.35277388791866 24.22033944775577
    endloop
  endfacet
  facet normal -1 0 0
    outer loop
      vertex -12 10.2222148834902 24.415734806151274
      vertex -12 10.308658283817454 24.461939766255643
      vertex -12 10.398588890195153 24.244828076666167
    endloop
  endfacet
  facet normal -1 0 0
    outer loop
      vertex -12 10.308658283817454 23.538060233744357
      vertex -12 10.35277388791866 23.77966055224423
      vertex -12 10.398588890195153 23.755171923333833
    endloop
  endfacet
  facet normal -1 0 0
    outer loop
      vertex -12 10.2222148834902 24.415734806151274
      vertex -12 10.398588890195153 24.244828076666167
      vertex -12 10.35277388791866 24.22033944775577
    endloop
  endfacet
  facet normal -1 0 0
    outer loop
      vertex -12 10.308658283817454 24.461939766255643
      vertex -12 10.448301064549444 24.25990809989145
      vertex -12 10.398588890195153 24.244828076666167
    endloop
  endfacet
  facet normal -1 0 0
    outer loop
      vertex -12 10.308658283817454 24.461939766255643
      vertex -12 10.402454838991936 24.490392640201616
      vertex -12 10.448301064549444 24.25990809989145
    endloop
  endfacet
  facet normal -1 0 0
    outer loop
      vertex -12 10.402454838991936 24.490392640201616
      vertex -12 10.5 24.265000000596046
      vertex -12 10.448301064549444 24.25990809989145
    endloop
  endfacet
  facet normal -1 0 0
    outer loop
      vertex -12 10.402454838991936 24.490392640201616
      vertex -12 10.5 24.5
      vertex -12 10.5 24.265000000596046
    endloop
  endfacet
  facet normal -1 0 0
    outer loop
      vertex -12 10.5 23.5
      vertex -12 10.5 23.734999999403954
      vertex -12 10.597545161008064 23.509607359798384
    endloop
  endfacet
  facet normal -1 0 0
    outer loop
      vertex -12 10.597545161008064 23.509607359798384
      vertex -12 10.5 23.734999999403954
      vertex -12 10.551698935450556 23.74009190010855
    endloop
  endfacet
  facet normal -1 0 0
    outer loop
      vertex -12 10.597545161008064 23.509607359798384
      vertex -12 10.551698935450556 23.74009190010855
      vertex -12 10.691341716182546 23.538060233744357
    endloop
  endfacet
  facet normal -1 0 0
    outer loop
      vertex -12 10.691341716182546 23.538060233744357
      vertex -12 10.551698935450556 23.74009190010855
      vertex -12 10.601411109804847 23.755171923333833
    endloop
  endfacet
  facet normal -1 0 0
    outer loop
      vertex -12 10.691341716182546 23.538060233744357
      vertex -12 10.601411109804847 23.755171923333833
      vertex -12 10.7777851165098 23.584265193848726
    endloop
  endfacet
  facet normal -1 0 0
    outer loop
      vertex -12 10.7777851165098 23.584265193848726
      vertex -12 10.64722611208134 23.77966055224423
      vertex -12 10.853553390593273 23.646446609406727
    endloop
  endfacet
  facet normal -1 0 0
    outer loop
      vertex -12 10.7777851165098 23.584265193848726
      vertex -12 10.601411109804847 23.755171923333833
      vertex -12 10.64722611208134 23.77966055224423
    endloop
  endfacet
  facet normal -1 0 0
    outer loop
      vertex -12 10.5 24.265000000596046
      vertex -12 10.5 24.5
      vertex -12 10.551698935450556 24.25990809989145
    endloop
  endfacet
  facet normal -1 0 0
    outer loop
      vertex -12 10.551698935450556 24.25990809989145
      vertex -12 10.597545161008064 24.490392640201616
      vertex -12 10.601411109804847 24.244828076666167
    endloop
  endfacet
  facet normal -1 0 0
    outer loop
      vertex -12 10.551698935450556 24.25990809989145
      vertex -12 10.5 24.5
      vertex -12 10.597545161008064 24.490392640201616
    endloop
  endfacet
  facet normal -1 0 0
    outer loop
      vertex -12 10.601411109804847 24.244828076666167
      vertex -12 10.597545161008064 24.490392640201616
      vertex -12 10.691341716182546 24.461939766255643
    endloop
  endfacet
  facet normal -1 0 0
    outer loop
      vertex -12 10.601411109804847 24.244828076666167
      vertex -12 10.691341716182546 24.461939766255643
      vertex -12 10.64722611208134 24.22033944775577
    endloop
  endfacet
  facet normal -1 0 0
    outer loop
      vertex -12 10.853553390593273 23.646446609406727
      vertex -12 10.64722611208134 23.77966055224423
      vertex -12 10.687383297435904 23.812616702564096
    endloop
  endfacet
  facet normal -1 0 0
    outer loop
      vertex -12 10.687383297435904 23.812616702564096
      vertex -12 10.72033944775577 23.85277388791866
      vertex -12 10.915734806151272 23.7222148834902
    endloop
  endfacet
  facet normal -1 0 0
    outer loop
      vertex -12 10.853553390593273 23.646446609406727
      vertex -12 10.687383297435904 23.812616702564096
      vertex -12 10.915734806151272 23.7222148834902
    endloop
  endfacet
  facet normal -1 0 0
    outer loop
      vertex -12 10.72033944775577 23.85277388791866
      vertex -12 10.744828076666167 23.898588890195153
      vertex -12 10.961939766255643 23.808658283817454
    endloop
  endfacet
  facet normal -1 0 0
    outer loop
      vertex -12 10.72033944775577 23.85277388791866
      vertex -12 10.961939766255643 23.808658283817454
      vertex -12 10.915734806151272 23.7222148834902
    endloop
  endfacet
  facet normal -1 0 0
    outer loop
      vertex -12 10.744828076666167 23.898588890195153
      vertex -12 10.75990809989145 23.948301064549444
      vertex -12 10.990392640201616 23.902454838991936
    endloop
  endfacet
  facet normal -1 0 0
    outer loop
      vertex -12 10.75990809989145 23.948301064549444
      vertex -12 10.765000000596046 24
      vertex -12 11 24
    endloop
  endfacet
  facet normal -1 0 0
    outer loop
      vertex -12 10.765000000596046 24
      vertex -12 10.75990809989145 24.051698935450556
      vertex -12 10.990392640201616 24.097545161008064
    endloop
  endfacet
  facet normal -1 0 0
    outer loop
      vertex -12 10.687383297435904 24.187383297435904
      vertex -12 10.64722611208134 24.22033944775577
      vertex -12 10.7777851165098 24.415734806151274
    endloop
  endfacet
  facet normal -1 0 0
    outer loop
      vertex -12 10.687383297435904 24.187383297435904
      vertex -12 10.853553390593273 24.353553390593273
      vertex -12 10.72033944775577 24.14722611208134
    endloop
  endfacet
  facet normal -1 0 0
    outer loop
      vertex -12 10.64722611208134 24.22033944775577
      vertex -12 10.691341716182546 24.461939766255643
      vertex -12 10.7777851165098 24.415734806151274
    endloop
  endfacet
  facet normal -1 0 0
    outer loop
      vertex -12 10.687383297435904 24.187383297435904
      vertex -12 10.7777851165098 24.415734806151274
      vertex -12 10.853553390593273 24.353553390593273
    endloop
  endfacet
  facet normal -1 0 0
    outer loop
      vertex -12 10.72033944775577 24.14722611208134
      vertex -12 10.915734806151272 24.2777851165098
      vertex -12 10.744828076666167 24.101411109804847
    endloop
  endfacet
  facet normal -1 0 0
    outer loop
      vertex -12 10.75990809989145 24.051698935450556
      vertex -12 10.744828076666167 24.101411109804847
      vertex -12 10.961939766255643 24.191341716182546
    endloop
  endfacet
  facet normal -1 0 0
    outer loop
      vertex -12 10.744828076666167 24.101411109804847
      vertex -12 10.915734806151272 24.2777851165098
      vertex -12 10.961939766255643 24.191341716182546
    endloop
  endfacet
  facet normal -1 0 0
    outer loop
      vertex -12 10.72033944775577 24.14722611208134
      vertex -12 10.853553390593273 24.353553390593273
      vertex -12 10.915734806151272 24.2777851165098
    endloop
  endfacet
  facet normal -1 0 0
    outer loop
      vertex -12 10.744828076666167 23.898588890195153
      vertex -12 10.990392640201616 23.902454838991936
      vertex -12 10.961939766255643 23.808658283817454
    endloop
  endfacet
  facet normal -1 0 0
    outer loop
      vertex -12 10.75990809989145 23.948301064549444
      vertex -12 11 24
      vertex -12 10.990392640201616 23.902454838991936
    endloop
  endfacet
  facet normal -1 0 0
    outer loop
      vertex -12 10.765000000596046 24
      vertex -12 10.990392640201616 24.097545161008064
      vertex -12 11 24
    endloop
  endfacet
  facet normal -1 0 0
    outer loop
      vertex -12 10.75990809989145 24.051698935450556
      vertex -12 10.961939766255643 24.191341716182546
      vertex -12 10.990392640201616 24.097545161008064
    endloop
  endfacet
  facet normal 0 -0.9569403357322064 -0.2902846772544711
    outer loop
      vertex -12 10.009607359798384 23.902454838991936
      vertex -12 10.038060233744357 23.808658283817454
      vertex 12 10.038060233744357 23.808658283817454
    endloop
  endfacet
  facet normal 0 -0.9951847266721978 -0.09801714032955187
    outer loop
      vertex -12 10.009607359798384 23.902454838991936
      vertex 12 10.009607359798384 23.902454838991936
      vertex -12 10 24
    endloop
  endfacet
  facet normal 0 -0.9951847266721978 0.09801714032955187
    outer loop
      vertex -12 10 24
      vertex 12 10 24
      vertex -12 10.009607359798384 24.097545161008064
    endloop
  endfacet
  facet normal 0 -0.8819212643483528 -0.47139673682600164
    outer loop
      vertex -12 10.038060233744357 23.808658283817454
      vertex -12 10.084265193848728 23.7222148834902
      vertex 12 10.084265193848728 23.7222148834902
    endloop
  endfacet
  facet normal 0 -0.9569403357322064 0.2902846772544711
    outer loop
      vertex -12 10.009607359798384 24.097545161008064
      vertex 12 10.009607359798384 24.097545161008064
      vertex -12 10.038060233744357 24.191341716182546
    endloop
  endfacet
  facet normal 0 -0.8819212643483528 0.47139673682600164
    outer loop
      vertex -12 10.038060233744357 24.191341716182546
      vertex 12 10.038060233744357 24.191341716182546
      vertex -12 10.084265193848728 24.2777851165098
    endloop
  endfacet
  facet normal 0 -0.7730104533627334 0.6343932841636499
    outer loop
      vertex -12 10.084265193848728 24.2777851165098
      vertex 12 10.084265193848728 24.2777851165098
      vertex -12 10.146446609406727 24.353553390593273
    endloop
  endfacet
  facet normal 0 -0.7730104533627334 -0.6343932841636499
    outer loop
      vertex -12 10.084265193848728 23.7222148834902
      vertex -12 10.146446609406727 23.646446609406727
      vertex 12 10.146446609406727 23.646446609406727
    endloop
  endfacet
  facet normal 0 -0.6343932841636606 -0.7730104533627243
    outer loop
      vertex -12 10.146446609406727 23.646446609406727
      vertex -12 10.2222148834902 23.584265193848726
      vertex 12 10.2222148834902 23.584265193848726
    endloop
  endfacet
  facet normal 0 -0.4713967368259876 -0.8819212643483605
    outer loop
      vertex -12 10.2222148834902 23.584265193848726
      vertex -12 10.308658283817454 23.538060233744357
      vertex 12 10.308658283817454 23.538060233744357
    endloop
  endfacet
  facet normal 0 -0.2902846772544711 -0.9569403357322064
    outer loop
      vertex -12 10.308658283817454 23.538060233744357
      vertex -12 10.402454838991936 23.509607359798384
      vertex 12 10.402454838991936 23.509607359798384
    endloop
  endfacet
  facet normal 0 -0.09801714032955187 -0.9951847266721978
    outer loop
      vertex -12 10.402454838991936 23.509607359798384
      vertex -12 10.5 23.5
      vertex 12 10.5 23.5
    endloop
  endfacet
  facet normal 0 -0.6343932841636606 0.7730104533627243
    outer loop
      vertex -12 10.146446609406727 24.353553390593273
      vertex 12 10.146446609406727 24.353553390593273
      vertex -12 10.2222148834902 24.415734806151274
    endloop
  endfacet
  facet normal 0 -0.4713967368259876 0.8819212643483605
    outer loop
      vertex -12 10.2222148834902 24.415734806151274
      vertex 12 10.2222148834902 24.415734806151274
      vertex -12 10.308658283817454 24.461939766255643
    endloop
  endfacet
  facet normal 0 -0.2902846772544711 0.9569403357322064
    outer loop
      vertex -12 10.308658283817454 24.461939766255643
      vertex 12 10.308658283817454 24.461939766255643
      vertex -12 10.402454838991936 24.490392640201616
    endloop
  endfacet
  facet normal 0 -0.09801714032955187 0.9951847266721978
    outer loop
      vertex -12 10.402454838991936 24.490392640201616
      vertex 12 10.402454838991936 24.490392640201616
      vertex -12 10.5 24.5
    endloop
  endfacet
  facet normal 0 0.09801714032955187 -0.9951847266721978
    outer loop
      vertex -12 10.5 23.5
      vertex -12 10.597545161008064 23.509607359798384
      vertex 12 10.597545161008064 23.509607359798384
    endloop
  endfacet
  facet normal 0 0.2902846772544711 -0.9569403357322064
    outer loop
      vertex -12 10.597545161008064 23.509607359798384
      vertex -12 10.691341716182546 23.538060233744357
      vertex 12 10.691341716182546 23.538060233744357
    endloop
  endfacet
  facet normal 0 0.4713967368259876 -0.8819212643483605
    outer loop
      vertex -12 10.691341716182546 23.538060233744357
      vertex -12 10.7777851165098 23.584265193848726
      vertex 12 10.7777851165098 23.584265193848726
    endloop
  endfacet
  facet normal 0 0.6343932841636606 -0.7730104533627243
    outer loop
      vertex -12 10.7777851165098 23.584265193848726
      vertex -12 10.853553390593273 23.646446609406727
      vertex 12 10.853553390593273 23.646446609406727
    endloop
  endfacet
  facet normal 0 0.09801714032955187 0.9951847266721978
    outer loop
      vertex -12 10.597545161008064 24.490392640201616
      vertex -12 10.5 24.5
      vertex 12 10.5 24.5
    endloop
  endfacet
  facet normal 0 0.2902846772544711 0.9569403357322064
    outer loop
      vertex -12 10.597545161008064 24.490392640201616
      vertex 12 10.597545161008064 24.490392640201616
      vertex -12 10.691341716182546 24.461939766255643
    endloop
  endfacet
  facet normal 0 0.4713967368259876 0.8819212643483605
    outer loop
      vertex -12 10.691341716182546 24.461939766255643
      vertex 12 10.691341716182546 24.461939766255643
      vertex -12 10.7777851165098 24.415734806151274
    endloop
  endfacet
  facet normal 0 0.6343932841636606 0.7730104533627243
    outer loop
      vertex -12 10.7777851165098 24.415734806151274
      vertex 12 10.7777851165098 24.415734806151274
      vertex -12 10.853553390593273 24.353553390593273
    endloop
  endfacet
  facet normal 0 0.7730104533627334 0.6343932841636499
    outer loop
      vertex -12 10.853553390593273 24.353553390593273
      vertex 12 10.853553390593273 24.353553390593273
      vertex -12 10.915734806151272 24.2777851165098
    endloop
  endfacet
  facet normal 0 0.7730104533627334 -0.6343932841636499
    outer loop
      vertex -12 10.853553390593273 23.646446609406727
      vertex -12 10.915734806151272 23.7222148834902
      vertex 12 10.915734806151272 23.7222148834902
    endloop
  endfacet
  facet normal 0 0.8819212643483528 -0.47139673682600164
    outer loop
      vertex -12 10.915734806151272 23.7222148834902
      vertex -12 10.961939766255643 23.808658283817454
      vertex 12 10.961939766255643 23.808658283817454
    endloop
  endfacet
  facet normal 0 0.9569403357322064 -0.2902846772544711
    outer loop
      vertex -12 10.961939766255643 23.808658283817454
      vertex -12 10.990392640201616 23.902454838991936
      vertex 12 10.990392640201616 23.902454838991936
    endloop
  endfacet
  facet normal 0 0.9951847266721978 -0.09801714032955187
    outer loop
      vertex -12 10.990392640201616 23.902454838991936
      vertex -12 11 24
      vertex 12 11 24
    endloop
  endfacet
  facet normal 0 0.9951847266721978 0.09801714032955187
    outer loop
      vertex -12 11 24
      vertex -12 10.990392640201616 24.097545161008064
      vertex 12 10.990392640201616 24.097545161008064
    endloop
  endfacet
  facet normal 0 0.8819212643483528 0.47139673682600164
    outer loop
      vertex -12 10.915734806151272 24.2777851165098
      vertex 12 10.915734806151272 24.2777851165098
      vertex -12 10.961939766255643 24.191341716182546
    endloop
  endfacet
  facet normal 0 0.9569403357322064 0.2902846772544711
    outer loop
      vertex -12 10.961939766255643 24.191341716182546
      vertex 12 10.961939766255643 24.191341716182546
      vertex -12 10.990392640201616 24.097545161008064
    endloop
  endfacet
  facet normal 0 -0.9569403357322064 -0.2902846772544711
    outer loop
      vertex -12 10.009607359798384 23.902454838991936
      vertex 12 10.038060233744357 23.808658283817454
      vertex 12 10.009607359798384 23.902454838991936
    endloop
  endfacet
  facet normal 0 -0.9951847266721978 -0.09801714032955187
    outer loop
      vertex -12 10 24
      vertex 12 10.009607359798384 23.902454838991936
      vertex 12 10 24
    endloop
  endfacet
  facet normal 0 -0.9951847266721978 0.09801714032955187
    outer loop
      vertex -12 10.009607359798384 24.097545161008064
      vertex 12 10 24
      vertex 12 10.009607359798384 24.097545161008064
    endloop
  endfacet
  facet normal 0 -0.8819212643483528 -0.47139673682600164
    outer loop
      vertex -12 10.038060233744357 23.808658283817454
      vertex 12 10.084265193848728 23.7222148834902
      vertex 12 10.038060233744357 23.808658283817454
    endloop
  endfacet
  facet normal 0 -0.7730104533627334 -0.6343932841636499
    outer loop
      vertex -12 10.084265193848728 23.7222148834902
      vertex 12 10.146446609406727 23.646446609406727
      vertex 12 10.084265193848728 23.7222148834902
    endloop
  endfacet
  facet normal 0 -0.9569403357322064 0.2902846772544711
    outer loop
      vertex -12 10.038060233744357 24.191341716182546
      vertex 12 10.009607359798384 24.097545161008064
      vertex 12 10.038060233744357 24.191341716182546
    endloop
  endfacet
  facet normal 0 -0.8819212643483528 0.47139673682600164
    outer loop
      vertex -12 10.084265193848728 24.2777851165098
      vertex 12 10.038060233744357 24.191341716182546
      vertex 12 10.084265193848728 24.2777851165098
    endloop
  endfacet
  facet normal 0 -0.6343932841636606 -0.7730104533627243
    outer loop
      vertex -12 10.146446609406727 23.646446609406727
      vertex 12 10.2222148834902 23.584265193848726
      vertex 12 10.146446609406727 23.646446609406727
    endloop
  endfacet
  facet normal 0 -0.4713967368259876 -0.8819212643483605
    outer loop
      vertex -12 10.2222148834902 23.584265193848726
      vertex 12 10.308658283817454 23.538060233744357
      vertex 12 10.2222148834902 23.584265193848726
    endloop
  endfacet
  facet normal 0 -0.2902846772544711 -0.9569403357322064
    outer loop
      vertex -12 10.308658283817454 23.538060233744357
      vertex 12 10.402454838991936 23.509607359798384
      vertex 12 10.308658283817454 23.538060233744357
    endloop
  endfacet
  facet normal 0 -0.09801714032955187 -0.9951847266721978
    outer loop
      vertex -12 10.402454838991936 23.509607359798384
      vertex 12 10.5 23.5
      vertex 12 10.402454838991936 23.509607359798384
    endloop
  endfacet
  facet normal 0 -0.7730104533627334 0.6343932841636499
    outer loop
      vertex -12 10.146446609406727 24.353553390593273
      vertex 12 10.084265193848728 24.2777851165098
      vertex 12 10.146446609406727 24.353553390593273
    endloop
  endfacet
  facet normal 0 -0.6343932841636606 0.7730104533627243
    outer loop
      vertex -12 10.2222148834902 24.415734806151274
      vertex 12 10.146446609406727 24.353553390593273
      vertex 12 10.2222148834902 24.415734806151274
    endloop
  endfacet
  facet normal 0 -0.4713967368259876 0.8819212643483605
    outer loop
      vertex -12 10.308658283817454 24.461939766255643
      vertex 12 10.2222148834902 24.415734806151274
      vertex 12 10.308658283817454 24.461939766255643
    endloop
  endfacet
  facet normal 0 -0.2902846772544711 0.9569403357322064
    outer loop
      vertex -12 10.402454838991936 24.490392640201616
      vertex 12 10.308658283817454 24.461939766255643
      vertex 12 10.402454838991936 24.490392640201616
    endloop
  endfacet
  facet normal 0 -0.09801714032955187 0.9951847266721978
    outer loop
      vertex -12 10.5 24.5
      vertex 12 10.402454838991936 24.490392640201616
      vertex 12 10.5 24.5
    endloop
  endfacet
  facet normal 0 0.09801714032955187 -0.9951847266721978
    outer loop
      vertex -12 10.5 23.5
      vertex 12 10.597545161008064 23.509607359798384
      vertex 12 10.5 23.5
    endloop
  endfacet
  facet normal 0 0.2902846772544711 -0.9569403357322064
    outer loop
      vertex -12 10.597545161008064 23.509607359798384
      vertex 12 10.691341716182546 23.538060233744357
      vertex 12 10.597545161008064 23.509607359798384
    endloop
  endfacet
  facet normal 0 0.4713967368259876 -0.8819212643483605
    outer loop
      vertex -12 10.691341716182546 23.538060233744357
      vertex 12 10.7777851165098 23.584265193848726
      vertex 12 10.691341716182546 23.538060233744357
    endloop
  endfacet
  facet normal 0 0.6343932841636606 -0.7730104533627243
    outer loop
      vertex -12 10.7777851165098 23.584265193848726
      vertex 12 10.853553390593273 23.646446609406727
      vertex 12 10.7777851165098 23.584265193848726
    endloop
  endfacet
  facet normal 0 0.7730104533627334 -0.6343932841636499
    outer loop
      vertex -12 10.853553390593273 23.646446609406727
      vertex 12 10.915734806151272 23.7222148834902
      vertex 12 10.853553390593273 23.646446609406727
    endloop
  endfacet
  facet normal 0 0.09801714032955187 0.9951847266721978
    outer loop
      vertex -12 10.597545161008064 24.490392640201616
      vertex 12 10.5 24.5
      vertex 12 10.597545161008064 24.490392640201616
    endloop
  endfacet
  facet normal 0 0.2902846772544711 0.9569403357322064
    outer loop
      vertex -12 10.691341716182546 24.461939766255643
      vertex 12 10.597545161008064 24.490392640201616
      vertex 12 10.691341716182546 24.461939766255643
    endloop
  endfacet
  facet normal 0 0.4713967368259876 0.8819212643483605
    outer loop
      vertex -12 10.7777851165098 24.415734806151274
      vertex 12 10.691341716182546 24.461939766255643
      vertex 12 10.7777851165098 24.415734806151274
    endloop
  endfacet
  facet normal 0 0.6343932841636606 0.7730104533627243
    outer loop
      vertex -12 10.853553390593273 24.353553390593273
      vertex 12 10.7777851165098 24.415734806151274
      vertex 12 10.853553390593273 24.353553390593273
    endloop
  endfacet
  facet normal 0 0.8819212643483528 -0.47139673682600164
    outer loop
      vertex -12 10.915734806151272 23.7222148834902
      vertex 12 10.961939766255643 23.808658283817454
      vertex 12 10.915734806151272 23.7222148834902
    endloop
  endfacet
  facet normal 0 0.9569403357322064 -0.2902846772544711
    outer loop
      vertex -12 10.961939766255643 23.808658283817454
      vertex 12 10.990392640201616 23.902454838991936
      vertex 12 10.961939766255643 23.808658283817454
    endloop
  endfacet
  facet normal 0 0.9951847266721978 -0.09801714032955187
    outer loop
      vertex -12 10.990392640201616 23.902454838991936
      vertex 12 11 24
      vertex 12 10.990392640201616 23.902454838991936
    endloop
  endfacet
  facet normal 0 0.9951847266721978 0.09801714032955187
    outer loop
      vertex -12 11 24
      vertex 12 10.990392640201616 24.097545161008064
      vertex 12 11 24
    endloop
  endfacet
  facet normal 0 0.8819212643483528 0.47139673682600164
    outer loop
      vertex -12 10.961939766255643 24.191341716182546
      vertex 12 10.915734806151272 24.2777851165098
      vertex 12 10.961939766255643 24.191341716182546
    endloop
  endfacet
  facet normal 0 0.7730104533627334 0.6343932841636499
    outer loop
      vertex -12 10.915734806151272 24.2777851165098
      vertex 12 10.853553390593273 24.353553390593273
      vertex 12 10.915734806151272 24.2777851165098
    endloop
  endfacet
  facet normal 0 0.9569403357322064 0.2902846772544711
    outer loop
      vertex -12 10.990392640201616 24.097545161008064
      vertex 12 10.961939766255643 24.191341716182546
      vertex 12 10.990392640201616 24.097545161008064
    endloop
  endfacet
  facet normal 1 0 0
    outer loop
      vertex 12 10.009607359798384 23.902454838991936
      vertex 12 10.038060233744357 23.808658283817454
      vertex 12 10.255171923333833 23.898588890195153
    endloop
  endfacet
  facet normal 1 0 0
    outer loop
      vertex 12 10.009607359798384 23.902454838991936
      vertex 12 10.24009190010855 23.948301064549444
      vertex 12 10 24
    endloop
  endfacet
  facet normal 1 0 0
    outer loop
      vertex 12 10 24
      vertex 12 10.234999999403954 24
      vertex 12 10.009607359798384 24.097545161008064
    endloop
  endfacet
  facet normal 1 0 0
    outer loop
      vertex 12 10.009607359798384 24.097545161008064
      vertex 12 10.24009190010855 24.051698935450556
      vertex 12 10.038060233744357 24.191341716182546
    endloop
  endfacet
  facet normal 1 0 0
    outer loop
      vertex 12 10.146446609406727 23.646446609406727
      vertex 12 10.2222148834902 23.584265193848726
      vertex 12 10.35277388791866 23.77966055224423
    endloop
  endfacet
  facet normal 1 0 0
    outer loop
      vertex 12 10.2222148834902 23.584265193848726
      vertex 12 10.308658283817454 23.538060233744357
      vertex 12 10.398588890195153 23.755171923333833
    endloop
  endfacet
  facet normal 1 0 0
    outer loop
      vertex 12 10.308658283817454 23.538060233744357
      vertex 12 10.402454838991936 23.509607359798384
      vertex 12 10.448301064549444 23.74009190010855
    endloop
  endfacet
  facet normal 1 0 0
    outer loop
      vertex 12 10.308658283817454 23.538060233744357
      vertex 12 10.448301064549444 23.74009190010855
      vertex 12 10.398588890195153 23.755171923333833
    endloop
  endfacet
  facet normal 1 0 0
    outer loop
      vertex 12 10.402454838991936 23.509607359798384
      vertex 12 10.5 23.734999999403954
      vertex 12 10.448301064549444 23.74009190010855
    endloop
  endfacet
  facet normal 1 0 0
    outer loop
      vertex 12 10.402454838991936 23.509607359798384
      vertex 12 10.5 23.5
      vertex 12 10.5 23.734999999403954
    endloop
  endfacet
  facet normal 1 0 0
    outer loop
      vertex 12 10.038060233744357 23.808658283817454
      vertex 12 10.084265193848728 23.7222148834902
      vertex 12 10.27966055224423 23.85277388791866
    endloop
  endfacet
  facet normal 1 0 0
    outer loop
      vertex 12 10.084265193848728 23.7222148834902
      vertex 12 10.146446609406727 23.646446609406727
      vertex 12 10.312616702564096 23.812616702564096
    endloop
  endfacet
  facet normal 1 0 0
    outer loop
      vertex 12 10.038060233744357 23.808658283817454
      vertex 12 10.27966055224423 23.85277388791866
      vertex 12 10.255171923333833 23.898588890195153
    endloop
  endfacet
  facet normal 1 0 0
    outer loop
      vertex 12 10.009607359798384 23.902454838991936
      vertex 12 10.255171923333833 23.898588890195153
      vertex 12 10.24009190010855 23.948301064549444
    endloop
  endfacet
  facet normal 1 0 0
    outer loop
      vertex 12 10 24
      vertex 12 10.24009190010855 23.948301064549444
      vertex 12 10.234999999403954 24
    endloop
  endfacet
  facet normal 1 0 0
    outer loop
      vertex 12 10.009607359798384 24.097545161008064
      vertex 12 10.234999999403954 24
      vertex 12 10.24009190010855 24.051698935450556
    endloop
  endfacet
  facet normal 1 0 0
    outer loop
      vertex 12 10.084265193848728 23.7222148834902
      vertex 12 10.312616702564096 23.812616702564096
      vertex 12 10.27966055224423 23.85277388791866
    endloop
  endfacet
  facet normal 1 0 0
    outer loop
      vertex 12 10.146446609406727 23.646446609406727
      vertex 12 10.35277388791866 23.77966055224423
      vertex 12 10.312616702564096 23.812616702564096
    endloop
  endfacet
  facet normal 1 0 0
    outer loop
      vertex 12 10.038060233744357 24.191341716182546
      vertex 12 10.255171923333833 24.101411109804847
      vertex 12 10.084265193848728 24.2777851165098
    endloop
  endfacet
  facet normal 1 0 0
    outer loop
      vertex 12 10.084265193848728 24.2777851165098
      vertex 12 10.27966055224423 24.14722611208134
      vertex 12 10.146446609406727 24.353553390593273
    endloop
  endfacet
  facet normal 1 0 0
    outer loop
      vertex 12 10.038060233744357 24.191341716182546
      vertex 12 10.24009190010855 24.051698935450556
      vertex 12 10.255171923333833 24.101411109804847
    endloop
  endfacet
  facet normal 1 0 0
    outer loop
      vertex 12 10.084265193848728 24.2777851165098
      vertex 12 10.255171923333833 24.101411109804847
      vertex 12 10.27966055224423 24.14722611208134
    endloop
  endfacet
  facet normal 1 0 0
    outer loop
      vertex 12 10.146446609406727 24.353553390593273
      vertex 12 10.27966055224423 24.14722611208134
      vertex 12 10.312616702564096 24.187383297435904
    endloop
  endfacet
  facet normal 1 0 0
    outer loop
      vertex 12 10.2222148834902 24.415734806151274
      vertex 12 10.312616702564096 24.187383297435904
      vertex 12 10.35277388791866 24.22033944775577
    endloop
  endfacet
  facet normal 1 0 0
    outer loop
      vertex 12 10.146446609406727 24.353553390593273
      vertex 12 10.312616702564096 24.187383297435904
      vertex 12 10.2222148834902 24.415734806151274
    endloop
  endfacet
  facet normal 1 0 0
    outer loop
      vertex 12 10.2222148834902 24.415734806151274
      vertex 12 10.35277388791866 24.22033944775577
      vertex 12 10.308658283817454 24.461939766255643
    endloop
  endfacet
  facet normal 1 0 0
    outer loop
      vertex 12 10.2222148834902 23.584265193848726
      vertex 12 10.398588890195153 23.755171923333833
      vertex 12 10.35277388791866 23.77966055224423
    endloop
  endfacet
  facet normal 1 0 0
    outer loop
      vertex 12 10.308658283817454 24.461939766255643
      vertex 12 10.35277388791866 24.22033944775577
      vertex 12 10.398588890195153 24.244828076666167
    endloop
  endfacet
  facet normal 1 0 0
    outer loop
      vertex 12 10.308658283817454 24.461939766255643
      vertex 12 10.398588890195153 24.244828076666167
      vertex 12 10.402454838991936 24.490392640201616
    endloop
  endfacet
  facet normal 1 0 0
    outer loop
      vertex 12 10.398588890195153 24.244828076666167
      vertex 12 10.448301064549444 24.25990809989145
      vertex 12 10.402454838991936 24.490392640201616
    endloop
  endfacet
  facet normal 1 0 0
    outer loop
      vertex 12 10.402454838991936 24.490392640201616
      vertex 12 10.448301064549444 24.25990809989145
      vertex 12 10.5 24.5
    endloop
  endfacet
  facet normal 1 0 0
    outer loop
      vertex 12 10.448301064549444 24.25990809989145
      vertex 12 10.5 24.265000000596046
      vertex 12 10.5 24.5
    endloop
  endfacet
  facet normal 1 0 0
    outer loop
      vertex 12 10.5 23.5
      vertex 12 10.551698935450556 23.74009190010855
      vertex 12 10.5 23.734999999403954
    endloop
  endfacet
  facet normal 1 0 0
    outer loop
      vertex 12 10.5 23.5
      vertex 12 10.597545161008064 23.509607359798384
      vertex 12 10.551698935450556 23.74009190010855
    endloop
  endfacet
  facet normal 1 0 0
    outer loop
      vertex 12 10.597545161008064 23.509607359798384
      vertex 12 10.601411109804847 23.755171923333833
      vertex 12 10.551698935450556 23.74009190010855
    endloop
  endfacet
  facet normal 1 0 0
    outer loop
      vertex 12 10.597545161008064 23.509607359798384
      vertex 12 10.691341716182546 23.538060233744357
      vertex 12 10.601411109804847 23.755171923333833
    endloop
  endfacet
  facet normal 1 0 0
    outer loop
      vertex 12 10.691341716182546 23.538060233744357
      vertex 12 10.7777851165098 23.584265193848726
      vertex 12 10.64722611208134 23.77966055224423
    endloop
  endfacet
  facet normal 1 0 0
    outer loop
      vertex 12 10.7777851165098 23.584265193848726
      vertex 12 10.853553390593273 23.646446609406727
      vertex 12 10.687383297435904 23.812616702564096
    endloop
  endfacet
  facet normal 1 0 0
    outer loop
      vertex 12 10.691341716182546 23.538060233744357
      vertex 12 10.64722611208134 23.77966055224423
      vertex 12 10.601411109804847 23.755171923333833
    endloop
  endfacet
  facet normal 1 0 0
    outer loop
      vertex 12 10.5 24.265000000596046
      vertex 12 10.597545161008064 24.490392640201616
      vertex 12 10.5 24.5
    endloop
  endfacet
  facet normal 1 0 0
    outer loop
      vertex 12 10.5 24.265000000596046
      vertex 12 10.551698935450556 24.25990809989145
      vertex 12 10.597545161008064 24.490392640201616
    endloop
  endfacet
  facet normal 1 0 0
    outer loop
      vertex 12 10.601411109804847 24.244828076666167
      vertex 12 10.64722611208134 24.22033944775577
      vertex 12 10.7777851165098 24.415734806151274
    endloop
  endfacet
  facet normal 1 0 0
    outer loop
      vertex 12 10.551698935450556 24.25990809989145
      vertex 12 10.601411109804847 24.244828076666167
      vertex 12 10.691341716182546 24.461939766255643
    endloop
  endfacet
  facet normal 1 0 0
    outer loop
      vertex 12 10.551698935450556 24.25990809989145
      vertex 12 10.691341716182546 24.461939766255643
      vertex 12 10.597545161008064 24.490392640201616
    endloop
  endfacet
  facet normal 1 0 0
    outer loop
      vertex 12 10.7777851165098 23.584265193848726
      vertex 12 10.687383297435904 23.812616702564096
      vertex 12 10.64722611208134 23.77966055224423
    endloop
  endfacet
  facet normal 1 0 0
    outer loop
      vertex 12 10.853553390593273 23.646446609406727
      vertex 12 10.72033944775577 23.85277388791866
      vertex 12 10.687383297435904 23.812616702564096
    endloop
  endfacet
  facet normal 1 0 0
    outer loop
      vertex 12 10.72033944775577 23.85277388791866
      vertex 12 10.915734806151272 23.7222148834902
      vertex 12 10.744828076666167 23.898588890195153
    endloop
  endfacet
  facet normal 1 0 0
    outer loop
      vertex 12 10.744828076666167 23.898588890195153
      vertex 12 10.961939766255643 23.808658283817454
      vertex 12 10.75990809989145 23.948301064549444
    endloop
  endfacet
  facet normal 1 0 0
    outer loop
      vertex 12 10.853553390593273 23.646446609406727
      vertex 12 10.915734806151272 23.7222148834902
      vertex 12 10.72033944775577 23.85277388791866
    endloop
  endfacet
  facet normal 1 0 0
    outer loop
      vertex 12 10.744828076666167 23.898588890195153
      vertex 12 10.915734806151272 23.7222148834902
      vertex 12 10.961939766255643 23.808658283817454
    endloop
  endfacet
  facet normal 1 0 0
    outer loop
      vertex 12 10.75990809989145 23.948301064549444
      vertex 12 10.990392640201616 23.902454838991936
      vertex 12 10.765000000596046 24
    endloop
  endfacet
  facet normal 1 0 0
    outer loop
      vertex 12 10.765000000596046 24
      vertex 12 11 24
      vertex 12 10.75990809989145 24.051698935450556
    endloop
  endfacet
  facet normal 1 0 0
    outer loop
      vertex 12 10.75990809989145 24.051698935450556
      vertex 12 10.990392640201616 24.097545161008064
      vertex 12 10.744828076666167 24.101411109804847
    endloop
  endfacet
  facet normal 1 0 0
    outer loop
      vertex 12 10.687383297435904 24.187383297435904
      vertex 12 10.853553390593273 24.353553390593273
      vertex 12 10.64722611208134 24.22033944775577
    endloop
  endfacet
  facet normal 1 0 0
    outer loop
      vertex 12 10.687383297435904 24.187383297435904
      vertex 12 10.72033944775577 24.14722611208134
      vertex 12 10.915734806151272 24.2777851165098
    endloop
  endfacet
  facet normal 1 0 0
    outer loop
      vertex 12 10.601411109804847 24.244828076666167
      vertex 12 10.7777851165098 24.415734806151274
      vertex 12 10.691341716182546 24.461939766255643
    endloop
  endfacet
  facet normal 1 0 0
    outer loop
      vertex 12 10.64722611208134 24.22033944775577
      vertex 12 10.853553390593273 24.353553390593273
      vertex 12 10.7777851165098 24.415734806151274
    endloop
  endfacet
  facet normal 1 0 0
    outer loop
      vertex 12 10.72033944775577 24.14722611208134
      vertex 12 10.744828076666167 24.101411109804847
      vertex 12 10.961939766255643 24.191341716182546
    endloop
  endfacet
  facet normal 1 0 0
    outer loop
      vertex 12 10.687383297435904 24.187383297435904
      vertex 12 10.915734806151272 24.2777851165098
      vertex 12 10.853553390593273 24.353553390593273
    endloop
  endfacet
  facet normal 1 0 0
    outer loop
      vertex 12 10.72033944775577 24.14722611208134
      vertex 12 10.961939766255643 24.191341716182546
      vertex 12 10.915734806151272 24.2777851165098
    endloop
  endfacet
  facet normal 1 0 0
    outer loop
      vertex 12 10.75990809989145 23.948301064549444
      vertex 12 10.961939766255643 23.808658283817454
      vertex 12 10.990392640201616 23.902454838991936
    endloop
  endfacet
  facet normal 1 0 0
    outer loop
      vertex 12 10.765000000596046 24
      vertex 12 10.990392640201616 23.902454838991936
      vertex 12 11 24
    endloop
  endfacet
  facet normal 1 0 0
    outer loop
      vertex 12 10.75990809989145 24.051698935450556
      vertex 12 11 24
      vertex 12 10.990392640201616 24.097545161008064
    endloop
  endfacet
  facet normal 1 0 0
    outer loop
      vertex 12 10.744828076666167 24.101411109804847
      vertex 12 10.990392640201616 24.097545161008064
      vertex 12 10.961939766255643 24.191341716182546
    endloop
  endfacet
  facet normal 0.8819212643483695 0 0.47139673682597055
    outer loop
      vertex 10.27966055224423 -12 49.85277388791866
      vertex 10.27966055224423 12 49.85277388791866
      vertex 10.255171923333833 -12 49.89858889019516
    endloop
  endfacet
  facet normal 0.7730104533627036 0 0.6343932841636861
    outer loop
      vertex 10.27966055224423 -12 49.85277388791866
      vertex 10.312616702564096 -12 49.8126167025641
      vertex 10.312616702564096 12 49.8126167025641
    endloop
  endfacet
  facet normal 0.9951847266721965 0 0.09801714032956506
    outer loop
      vertex 10.24009190010855 -12 49.94830106454944
      vertex 10.24009190010855 12 49.94830106454944
      vertex 10.234999999403954 -12 50
    endloop
  endfacet
  facet normal 0.9569403357322063 0 0.290284677254471
    outer loop
      vertex 10.24009190010855 -12 49.94830106454944
      vertex 10.255171923333833 -12 49.89858889019516
      vertex 10.255171923333833 12 49.89858889019516
    endloop
  endfacet
  facet normal 0.9951847266721965 0 -0.09801714032956506
    outer loop
      vertex 10.234999999403954 -12 50
      vertex 10.234999999403954 12 50
      vertex 10.24009190010855 -12 50.05169893545056
    endloop
  endfacet
  facet normal 0.9569403357322063 0 -0.290284677254471
    outer loop
      vertex 10.24009190010855 -12 50.05169893545056
      vertex 10.24009190010855 12 50.05169893545056
      vertex 10.255171923333833 -12 50.10141110980484
    endloop
  endfacet
  facet normal 0.8819212643483695 0 -0.47139673682597055
    outer loop
      vertex 10.255171923333833 -12 50.10141110980484
      vertex 10.255171923333833 12 50.10141110980484
      vertex 10.27966055224423 -12 50.14722611208134
    endloop
  endfacet
  facet normal 0.7730104533627036 0 -0.6343932841636861
    outer loop
      vertex 10.27966055224423 -12 50.14722611208134
      vertex 10.27966055224423 12 50.14722611208134
      vertex 10.312616702564096 -12 50.1873832974359
    endloop
  endfacet
  facet normal 0.6343932841636767 0 0.7730104533627112
    outer loop
      vertex 10.35277388791866 -12 49.77966055224423
      vertex 10.35277388791866 12 49.77966055224423
      vertex 10.312616702564096 -12 49.8126167025641
    endloop
  endfacet
  facet normal 0.4713967368260132 0 0.8819212643483467
    outer loop
      vertex 10.35277388791866 -12 49.77966055224423
      vertex 10.398588890195153 -12 49.75517192333383
      vertex 10.398588890195153 12 49.75517192333383
    endloop
  endfacet
  facet normal 0.29028467725440166 0 0.9569403357322273
    outer loop
      vertex 10.398588890195153 -12 49.75517192333383
      vertex 10.448301064549444 -12 49.74009190010855
      vertex 10.448301064549444 12 49.74009190010855
    endloop
  endfacet
  facet normal 0.09801714032960561 0 0.9951847266721926
    outer loop
      vertex 10.448301064549444 -12 49.74009190010855
      vertex 10.5 -12 49.73499999940395
      vertex 10.5 12 49.73499999940395
    endloop
  endfacet
  facet normal 0.6343932841636767 0 -0.7730104533627112
    outer loop
      vertex 10.312616702564096 -12 50.1873832974359
      vertex 10.312616702564096 12 50.1873832974359
      vertex 10.35277388791866 -12 50.22033944775577
    endloop
  endfacet
  facet normal 0.4713967368260132 0 -0.8819212643483467
    outer loop
      vertex 10.35277388791866 -12 50.22033944775577
      vertex 10.35277388791866 12 50.22033944775577
      vertex 10.398588890195153 -12 50.24482807666617
    endloop
  endfacet
  facet normal 0.29028467725440166 0 -0.9569403357322273
    outer loop
      vertex 10.398588890195153 -12 50.24482807666617
      vertex 10.398588890195153 12 50.24482807666617
      vertex 10.448301064549444 -12 50.25990809989145
    endloop
  endfacet
  facet normal 0.09801714032960561 0 -0.9951847266721926
    outer loop
      vertex 10.448301064549444 -12 50.25990809989145
      vertex 10.448301064549444 12 50.25990809989145
      vertex 10.5 -12 50.26500000059605
    endloop
  endfacet
  facet normal -0.09801714032960561 0 0.9951847266721926
    outer loop
      vertex 10.5 -12 49.73499999940395
      vertex 10.551698935450556 -12 49.74009190010855
      vertex 10.551698935450556 12 49.74009190010855
    endloop
  endfacet
  facet normal -0.29028467725440166 0 0.9569403357322273
    outer loop
      vertex 10.551698935450556 -12 49.74009190010855
      vertex 10.601411109804847 -12 49.75517192333383
      vertex 10.601411109804847 12 49.75517192333383
    endloop
  endfacet
  facet normal -0.4713967368260132 0 0.8819212643483467
    outer loop
      vertex 10.601411109804847 -12 49.75517192333383
      vertex 10.64722611208134 -12 49.77966055224423
      vertex 10.64722611208134 12 49.77966055224423
    endloop
  endfacet
  facet normal -0.6343932841636767 0 0.7730104533627112
    outer loop
      vertex 10.64722611208134 -12 49.77966055224423
      vertex 10.687383297435904 -12 49.8126167025641
      vertex 10.687383297435904 12 49.8126167025641
    endloop
  endfacet
  facet normal -0.09801714032960561 0 -0.9951847266721926
    outer loop
      vertex 10.5 -12 50.26500000059605
      vertex 10.5 12 50.26500000059605
      vertex 10.551698935450556 -12 50.25990809989145
    endloop
  endfacet
  facet normal -0.29028467725440166 0 -0.9569403357322273
    outer loop
      vertex 10.551698935450556 -12 50.25990809989145
      vertex 10.551698935450556 12 50.25990809989145
      vertex 10.601411109804847 -12 50.24482807666617
    endloop
  endfacet
  facet normal -0.4713967368260132 0 -0.8819212643483467
    outer loop
      vertex 10.601411109804847 -12 50.24482807666617
      vertex 10.601411109804847 12 50.24482807666617
      vertex 10.64722611208134 -12 50.22033944775577
    endloop
  endfacet
  facet normal -0.6343932841636767 0 -0.7730104533627112
    outer loop
      vertex 10.687383297435904 -12 50.1873832974359
      vertex 10.64722611208134 -12 50.22033944775577
      vertex 10.64722611208134 12 50.22033944775577
    endloop
  endfacet
  facet normal -0.7730104533627036 0 0.6343932841636861
    outer loop
      vertex 10.687383297435904 -12 49.8126167025641
      vertex 10.72033944775577 -12 49.85277388791866
      vertex 10.72033944775577 12 49.85277388791866
    endloop
  endfacet
  facet normal -0.8819212643483695 0 0.47139673682597055
    outer loop
      vertex 10.72033944775577 -12 49.85277388791866
      vertex 10.744828076666167 -12 49.89858889019516
      vertex 10.744828076666167 12 49.89858889019516
    endloop
  endfacet
  facet normal -0.9569403357322063 0 0.290284677254471
    outer loop
      vertex 10.744828076666167 -12 49.89858889019516
      vertex 10.75990809989145 -12 49.94830106454944
      vertex 10.75990809989145 12 49.94830106454944
    endloop
  endfacet
  facet normal -0.9951847266721965 0 0.09801714032956506
    outer loop
      vertex 10.75990809989145 -12 49.94830106454944
      vertex 10.765000000596046 -12 50
      vertex 10.765000000596046 12 50
    endloop
  endfacet
  facet normal -0.9569403357322063 0 -0.290284677254471
    outer loop
      vertex 10.75990809989145 -12 50.05169893545056
      vertex 10.744828076666167 -12 50.10141110980484
      vertex 10.744828076666167 12 50.10141110980484
    endloop
  endfacet
  facet normal -0.9951847266721965 0 -0.09801714032956506
    outer loop
      vertex 10.765000000596046 -12 50
      vertex 10.75990809989145 -12 50.05169893545056
      vertex 10.75990809989145 12 50.05169893545056
    endloop
  endfacet
  facet normal -0.7730104533627036 0 -0.6343932841636861
    outer loop
      vertex 10.687383297435904 -12 50.1873832974359
      vertex 10.687383297435904 12 50.1873832974359
      vertex 10.72033944775577 -12 50.14722611208134
    endloop
  endfacet
  facet normal -0.8819212643483695 0 -0.47139673682597055
    outer loop
      vertex 10.72033944775577 -12 50.14722611208134
      vertex 10.72033944775577 12 50.14722611208134
      vertex 10.744828076666167 -12 50.10141110980484
    endloop
  endfacet
  facet normal 0.8819212643483695 0 0.47139673682597055
    outer loop
      vertex 10.255171923333833 -12 49.89858889019516
      vertex 10.27966055224423 12 49.85277388791866
      vertex 10.255171923333833 12 49.89858889019516
    endloop
  endfacet
  facet normal 0.7730104533627036 0 0.6343932841636861
    outer loop
      vertex 10.27966055224423 -12 49.85277388791866
      vertex 10.312616702564096 12 49.8126167025641
      vertex 10.27966055224423 12 49.85277388791866
    endloop
  endfacet
  facet normal 0.9951847266721965 0 0.09801714032956506
    outer loop
      vertex 10.234999999403954 -12 50
      vertex 10.24009190010855 12 49.94830106454944
      vertex 10.234999999403954 12 50
    endloop
  endfacet
  facet normal 0.9569403357322063 0 0.290284677254471
    outer loop
      vertex 10.24009190010855 -12 49.94830106454944
      vertex 10.255171923333833 12 49.89858889019516
      vertex 10.24009190010855 12 49.94830106454944
    endloop
  endfacet
  facet normal 0.9951847266721965 0 -0.09801714032956506
    outer loop
      vertex 10.24009190010855 -12 50.05169893545056
      vertex 10.234999999403954 12 50
      vertex 10.24009190010855 12 50.05169893545056
    endloop
  endfacet
  facet normal 0.9569403357322063 0 -0.290284677254471
    outer loop
      vertex 10.255171923333833 -12 50.10141110980484
      vertex 10.24009190010855 12 50.05169893545056
      vertex 10.255171923333833 12 50.10141110980484
    endloop
  endfacet
  facet normal 0.8819212643483695 0 -0.47139673682597055
    outer loop
      vertex 10.27966055224423 -12 50.14722611208134
      vertex 10.255171923333833 12 50.10141110980484
      vertex 10.27966055224423 12 50.14722611208134
    endloop
  endfacet
  facet normal 0.7730104533627036 0 -0.6343932841636861
    outer loop
      vertex 10.312616702564096 -12 50.1873832974359
      vertex 10.27966055224423 12 50.14722611208134
      vertex 10.312616702564096 12 50.1873832974359
    endloop
  endfacet
  facet normal 0.6343932841636767 0 0.7730104533627112
    outer loop
      vertex 10.312616702564096 -12 49.8126167025641
      vertex 10.35277388791866 12 49.77966055224423
      vertex 10.312616702564096 12 49.8126167025641
    endloop
  endfacet
  facet normal 0.4713967368260132 0 0.8819212643483467
    outer loop
      vertex 10.35277388791866 -12 49.77966055224423
      vertex 10.398588890195153 12 49.75517192333383
      vertex 10.35277388791866 12 49.77966055224423
    endloop
  endfacet
  facet normal 0.29028467725440166 0 0.9569403357322273
    outer loop
      vertex 10.398588890195153 -12 49.75517192333383
      vertex 10.448301064549444 12 49.74009190010855
      vertex 10.398588890195153 12 49.75517192333383
    endloop
  endfacet
  facet normal 0.09801714032960561 0 0.9951847266721926
    outer loop
      vertex 10.448301064549444 -12 49.74009190010855
      vertex 10.5 12 49.73499999940395
      vertex 10.448301064549444 12 49.74009190010855
    endloop
  endfacet
  facet normal 0.6343932841636767 0 -0.7730104533627112
    outer loop
      vertex 10.35277388791866 -12 50.22033944775577
      vertex 10.312616702564096 12 50.1873832974359
      vertex 10.35277388791866 12 50.22033944775577
    endloop
  endfacet
  facet normal 0.4713967368260132 0 -0.8819212643483467
    outer loop
      vertex 10.398588890195153 -12 50.24482807666617
      vertex 10.35277388791866 12 50.22033944775577
      vertex 10.398588890195153 12 50.24482807666617
    endloop
  endfacet
  facet normal 0.29028467725440166 0 -0.9569403357322273
    outer loop
      vertex 10.448301064549444 -12 50.25990809989145
      vertex 10.398588890195153 12 50.24482807666617
      vertex 10.448301064549444 12 50.25990809989145
    endloop
  endfacet
  facet normal 0.09801714032960561 0 -0.9951847266721926
    outer loop
      vertex 10.5 -12 50.26500000059605
      vertex 10.448301064549444 12 50.25990809989145
      vertex 10.5 12 50.26500000059605
    endloop
  endfacet
  facet normal -0.09801714032960561 0 0.9951847266721926
    outer loop
      vertex 10.5 -12 49.73499999940395
      vertex 10.551698935450556 12 49.74009190010855
      vertex 10.5 12 49.73499999940395
    endloop
  endfacet
  facet normal -0.29028467725440166 0 0.9569403357322273
    outer loop
      vertex 10.551698935450556 -12 49.74009190010855
      vertex 10.601411109804847 12 49.75517192333383
      vertex 10.551698935450556 12 49.74009190010855
    endloop
  endfacet
  facet normal -0.4713967368260132 0 0.8819212643483467
    outer loop
      vertex 10.601411109804847 -12 49.75517192333383
      vertex 10.64722611208134 12 49.77966055224423
      vertex 10.601411109804847 12 49.75517192333383
    endloop
  endfacet
  facet normal -0.6343932841636767 0 0.7730104533627112
    outer loop
      vertex 10.64722611208134 -12 49.77966055224423
      vertex 10.687383297435904 12 49.8126167025641
      vertex 10.64722611208134 12 49.77966055224423
    endloop
  endfacet
  facet normal -0.09801714032960561 0 -0.9951847266721926
    outer loop
      vertex 10.551698935450556 -12 50.25990809989145
      vertex 10.5 12 50.26500000059605
      vertex 10.551698935450556 12 50.25990809989145
    endloop
  endfacet
  facet normal -0.29028467725440166 0 -0.9569403357322273
    outer loop
      vertex 10.601411109804847 -12 50.24482807666617
      vertex 10.551698935450556 12 50.25990809989145
      vertex 10.601411109804847 12 50.24482807666617
    endloop
  endfacet
  facet normal -0.4713967368260132 0 -0.8819212643483467
    outer loop
      vertex 10.64722611208134 -12 50.22033944775577
      vertex 10.601411109804847 12 50.24482807666617
      vertex 10.64722611208134 12 50.22033944775577
    endloop
  endfacet
  facet normal -0.6343932841636767 0 -0.7730104533627112
    outer loop
      vertex 10.687383297435904 -12 50.1873832974359
      vertex 10.64722611208134 12 50.22033944775577
      vertex 10.687383297435904 12 50.1873832974359
    endloop
  endfacet
  facet normal -0.7730104533627036 0 0.6343932841636861
    outer loop
      vertex 10.687383297435904 -12 49.8126167025641
      vertex 10.72033944775577 12 49.85277388791866
      vertex 10.687383297435904 12 49.8126167025641
    endloop
  endfacet
  facet normal -0.8819212643483695 0 0.47139673682597055
    outer loop
      vertex 10.72033944775577 -12 49.85277388791866
      vertex 10.744828076666167 12 49.89858889019516
      vertex 10.72033944775577 12 49.85277388791866
    endloop
  endfacet
  facet normal -0.9569403357322063 0 0.290284677254471
    outer loop
      vertex 10.744828076666167 -12 49.89858889019516
      vertex 10.75990809989145 12 49.94830106454944
      vertex 10.744828076666167 12 49.89858889019516
    endloop
  endfacet
  facet normal -0.9951847266721965 0 0.09801714032956506
    outer loop
      vertex 10.75990809989145 -12 49.94830106454944
      vertex 10.765000000596046 12 50
      vertex 10.75990809989145 12 49.94830106454944
    endloop
  endfacet
  facet normal -0.9569403357322063 0 -0.290284677254471
    outer loop
      vertex 10.75990809989145 -12 50.05169893545056
      vertex 10.744828076666167 12 50.10141110980484
      vertex 10.75990809989145 12 50.05169893545056
    endloop
  endfacet
  facet normal -0.9951847266721965 0 -0.09801714032956506
    outer loop
      vertex 10.765000000596046 -12 50
      vertex 10.75990809989145 12 50.05169893545056
      vertex 10.765000000596046 12 50
    endloop
  endfacet
  facet normal -0.7730104533627036 0 -0.6343932841636861
    outer loop
      vertex 10.72033944775577 -12 50.14722611208134
      vertex 10.687383297435904 12 50.1873832974359
      vertex 10.72033944775577 12 50.14722611208134
    endloop
  endfacet
  facet normal -0.8819212643483695 0 -0.47139673682597055
    outer loop
      vertex 10.744828076666167 -12 50.10141110980484
      vertex 10.72033944775577 12 50.14722611208134
      vertex 10.744828076666167 12 50.10141110980484
    endloop
  endfacet
  facet normal 0.8819212643483695 0 0.47139673682597055
    outer loop
      vertex -10.72033944775577 -12 49.85277388791866
      vertex -10.72033944775577 12 49.85277388791866
      vertex -10.744828076666167 -12 49.89858889019516
    endloop
  endfacet
  facet normal 0.7730104533627036 0 0.6343932841636861
    outer loop
      vertex -10.72033944775577 -12 49.85277388791866
      vertex -10.687383297435904 -12 49.8126167025641
      vertex -10.687383297435904 12 49.8126167025641
    endloop
  endfacet
  facet normal 0.9951847266721965 0 0.09801714032956506
    outer loop
      vertex -10.75990809989145 -12 49.94830106454944
      vertex -10.75990809989145 12 49.94830106454944
      vertex -10.765000000596046 -12 50
    endloop
  endfacet
  facet normal 0.9569403357322063 0 0.290284677254471
    outer loop
      vertex -10.75990809989145 -12 49.94830106454944
      vertex -10.744828076666167 -12 49.89858889019516
      vertex -10.744828076666167 12 49.89858889019516
    endloop
  endfacet
  facet normal 0.9951847266721965 0 -0.09801714032956506
    outer loop
      vertex -10.765000000596046 -12 50
      vertex -10.765000000596046 12 50
      vertex -10.75990809989145 -12 50.05169893545056
    endloop
  endfacet
  facet normal 0.9569403357322063 0 -0.290284677254471
    outer loop
      vertex -10.75990809989145 -12 50.05169893545056
      vertex -10.75990809989145 12 50.05169893545056
      vertex -10.744828076666167 -12 50.10141110980484
    endloop
  endfacet
  facet normal 0.8819212643483695 0 -0.47139673682597055
    outer loop
      vertex -10.744828076666167 -12 50.10141110980484
      vertex -10.744828076666167 12 50.10141110980484
      vertex -10.72033944775577 -12 50.14722611208134
    endloop
  endfacet
  facet normal 0.7730104533627036 0 -0.6343932841636861
    outer loop
      vertex -10.72033944775577 -12 50.14722611208134
      vertex -10.72033944775577 12 50.14722611208134
      vertex -10.687383297435904 -12 50.1873832974359
    endloop
  endfacet
  facet normal 0.6343932841636767 0 0.7730104533627112
    outer loop
      vertex -10.64722611208134 -12 49.77966055224423
      vertex -10.64722611208134 12 49.77966055224423
      vertex -10.687383297435904 -12 49.8126167025641
    endloop
  endfacet
  facet normal 0.4713967368260132 0 0.8819212643483467
    outer loop
      vertex -10.64722611208134 -12 49.77966055224423
      vertex -10.601411109804847 -12 49.75517192333383
      vertex -10.601411109804847 12 49.75517192333383
    endloop
  endfacet
  facet normal 0.29028467725440166 0 0.9569403357322273
    outer loop
      vertex -10.601411109804847 -12 49.75517192333383
      vertex -10.551698935450556 -12 49.74009190010855
      vertex -10.551698935450556 12 49.74009190010855
    endloop
  endfacet
  facet normal 0.09801714032960561 0 0.9951847266721926
    outer loop
      vertex -10.551698935450556 -12 49.74009190010855
      vertex -10.5 -12 49.73499999940395
      vertex -10.5 12 49.73499999940395
    endloop
  endfacet
  facet normal 0.6343932841636767 0 -0.7730104533627112
    outer loop
      vertex -10.687383297435904 -12 50.1873832974359
      vertex -10.687383297435904 12 50.1873832974359
      vertex -10.64722611208134 -12 50.22033944775577
    endloop
  endfacet
  facet normal 0.4713967368260132 0 -0.8819212643483467
    outer loop
      vertex -10.64722611208134 -12 50.22033944775577
      vertex -10.64722611208134 12 50.22033944775577
      vertex -10.601411109804847 -12 50.24482807666617
    endloop
  endfacet
  facet normal 0.29028467725440166 0 -0.9569403357322273
    outer loop
      vertex -10.601411109804847 -12 50.24482807666617
      vertex -10.601411109804847 12 50.24482807666617
      vertex -10.551698935450556 -12 50.25990809989145
    endloop
  endfacet
  facet normal 0.09801714032960561 0 -0.9951847266721926
    outer loop
      vertex -10.551698935450556 -12 50.25990809989145
      vertex -10.551698935450556 12 50.25990809989145
      vertex -10.5 -12 50.26500000059605
    endloop
  endfacet
  facet normal -0.09801714032960561 0 0.9951847266721926
    outer loop
      vertex -10.5 -12 49.73499999940395
      vertex -10.448301064549444 -12 49.74009190010855
      vertex -10.448301064549444 12 49.74009190010855
    endloop
  endfacet
  facet normal -0.29028467725440166 0 0.9569403357322273
    outer loop
      vertex -10.448301064549444 -12 49.74009190010855
      vertex -10.398588890195153 -12 49.75517192333383
      vertex -10.398588890195153 12 49.75517192333383
    endloop
  endfacet
  facet normal -0.4713967368260132 0 0.8819212643483467
    outer loop
      vertex -10.398588890195153 -12 49.75517192333383
      vertex -10.35277388791866 -12 49.77966055224423
      vertex -10.35277388791866 12 49.77966055224423
    endloop
  endfacet
  facet normal -0.6343932841636767 0 0.7730104533627112
    outer loop
      vertex -10.35277388791866 -12 49.77966055224423
      vertex -10.312616702564096 -12 49.8126167025641
      vertex -10.312616702564096 12 49.8126167025641
    endloop
  endfacet
  facet normal -0.09801714032960561 0 -0.9951847266721926
    outer loop
      vertex -10.5 -12 50.26500000059605
      vertex -10.5 12 50.26500000059605
      vertex -10.448301064549444 -12 50.25990809989145
    endloop
  endfacet
  facet normal -0.29028467725440166 0 -0.9569403357322273
    outer loop
      vertex -10.448301064549444 -12 50.25990809989145
      vertex -10.448301064549444 12 50.25990809989145
      vertex -10.398588890195153 -12 50.24482807666617
    endloop
  endfacet
  facet normal -0.4713967368260132 0 -0.8819212643483467
    outer loop
      vertex -10.398588890195153 -12 50.24482807666617
      vertex -10.398588890195153 12 50.24482807666617
      vertex -10.35277388791866 -12 50.22033944775577
    endloop
  endfacet
  facet normal -0.6343932841636767 0 -0.7730104533627112
    outer loop
      vertex -10.312616702564096 -12 50.1873832974359
      vertex -10.35277388791866 -12 50.22033944775577
      vertex -10.35277388791866 12 50.22033944775577
    endloop
  endfacet
  facet normal -0.7730104533627036 0 0.6343932841636861
    outer loop
      vertex -10.312616702564096 -12 49.8126167025641
      vertex -10.27966055224423 -12 49.85277388791866
      vertex -10.27966055224423 12 49.85277388791866
    endloop
  endfacet
  facet normal -0.8819212643483695 0 0.47139673682597055
    outer loop
      vertex -10.27966055224423 -12 49.85277388791866
      vertex -10.255171923333833 -12 49.89858889019516
      vertex -10.255171923333833 12 49.89858889019516
    endloop
  endfacet
  facet normal -0.9569403357322063 0 0.290284677254471
    outer loop
      vertex -10.255171923333833 -12 49.89858889019516
      vertex -10.24009190010855 -12 49.94830106454944
      vertex -10.24009190010855 12 49.94830106454944
    endloop
  endfacet
  facet normal -0.9951847266721965 0 0.09801714032956506
    outer loop
      vertex -10.24009190010855 -12 49.94830106454944
      vertex -10.234999999403954 -12 50
      vertex -10.234999999403954 12 50
    endloop
  endfacet
  facet normal -0.9569403357322063 0 -0.290284677254471
    outer loop
      vertex -10.24009190010855 -12 50.05169893545056
      vertex -10.255171923333833 -12 50.10141110980484
      vertex -10.255171923333833 12 50.10141110980484
    endloop
  endfacet
  facet normal -0.9951847266721965 0 -0.09801714032956506
    outer loop
      vertex -10.234999999403954 -12 50
      vertex -10.24009190010855 -12 50.05169893545056
      vertex -10.24009190010855 12 50.05169893545056
    endloop
  endfacet
  facet normal -0.7730104533627036 0 -0.6343932841636861
    outer loop
      vertex -10.312616702564096 -12 50.1873832974359
      vertex -10.312616702564096 12 50.1873832974359
      vertex -10.27966055224423 -12 50.14722611208134
    endloop
  endfacet
  facet normal -0.8819212643483695 0 -0.47139673682597055
    outer loop
      vertex -10.27966055224423 -12 50.14722611208134
      vertex -10.27966055224423 12 50.14722611208134
      vertex -10.255171923333833 -12 50.10141110980484
    endloop
  endfacet
  facet normal 0.8819212643483695 0 0.47139673682597055
    outer loop
      vertex -10.744828076666167 -12 49.89858889019516
      vertex -10.72033944775577 12 49.85277388791866
      vertex -10.744828076666167 12 49.89858889019516
    endloop
  endfacet
  facet normal 0.7730104533627036 0 0.6343932841636861
    outer loop
      vertex -10.72033944775577 -12 49.85277388791866
      vertex -10.687383297435904 12 49.8126167025641
      vertex -10.72033944775577 12 49.85277388791866
    endloop
  endfacet
  facet normal 0.9951847266721965 0 0.09801714032956506
    outer loop
      vertex -10.765000000596046 -12 50
      vertex -10.75990809989145 12 49.94830106454944
      vertex -10.765000000596046 12 50
    endloop
  endfacet
  facet normal 0.9569403357322063 0 0.290284677254471
    outer loop
      vertex -10.75990809989145 -12 49.94830106454944
      vertex -10.744828076666167 12 49.89858889019516
      vertex -10.75990809989145 12 49.94830106454944
    endloop
  endfacet
  facet normal 0.9951847266721965 0 -0.09801714032956506
    outer loop
      vertex -10.75990809989145 -12 50.05169893545056
      vertex -10.765000000596046 12 50
      vertex -10.75990809989145 12 50.05169893545056
    endloop
  endfacet
  facet normal 0.9569403357322063 0 -0.290284677254471
    outer loop
      vertex -10.744828076666167 -12 50.10141110980484
      vertex -10.75990809989145 12 50.05169893545056
      vertex -10.744828076666167 12 50.10141110980484
    endloop
  endfacet
  facet normal 0.8819212643483695 0 -0.47139673682597055
    outer loop
      vertex -10.72033944775577 -12 50.14722611208134
      vertex -10.744828076666167 12 50.10141110980484
      vertex -10.72033944775577 12 50.14722611208134
    endloop
  endfacet
  facet normal 0.7730104533627036 0 -0.6343932841636861
    outer loop
      vertex -10.687383297435904 -12 50.1873832974359
      vertex -10.72033944775577 12 50.14722611208134
      vertex -10.687383297435904 12 50.1873832974359
    endloop
  endfacet
  facet normal 0.6343932841636767 0 0.7730104533627112
    outer loop
      vertex -10.687383297435904 -12 49.8126167025641
      vertex -10.64722611208134 12 49.77966055224423
      vertex -10.687383297435904 12 49.8126167025641
    endloop
  endfacet
  facet normal 0.4713967368260132 0 0.8819212643483467
    outer loop
      vertex -10.64722611208134 -12 49.77966055224423
      vertex -10.601411109804847 12 49.75517192333383
      vertex -10.64722611208134 12 49.77966055224423
    endloop
  endfacet
  facet normal 0.29028467725440166 0 0.9569403357322273
    outer loop
      vertex -10.601411109804847 -12 49.75517192333383
      vertex -10.551698935450556 12 49.74009190010855
      vertex -10.601411109804847 12 49.75517192333383
    endloop
  endfacet
  facet normal 0.09801714032960561 0 0.9951847266721926
    outer loop
      vertex -10.551698935450556 -12 49.74009190010855
      vertex -10.5 12 49.73499999940395
      vertex -10.551698935450556 12 49.74009190010855
    endloop
  endfacet
  facet normal 0.6343932841636767 0 -0.7730104533627112
    outer loop
      vertex -10.64722611208134 -12 50.22033944775577
      vertex -10.687383297435904 12 50.1873832974359
      vertex -10.64722611208134 12 50.22033944775577
    endloop
  endfacet
  facet normal 0.4713967368260132 0 -0.8819212643483467
    outer loop
      vertex -10.601411109804847 -12 50.24482807666617
      vertex -10.64722611208134 12 50.22033944775577
      vertex -10.601411109804847 12 50.24482807666617
    endloop
  endfacet
  facet normal 0.29028467725440166 0 -0.9569403357322273
    outer loop
      vertex -10.551698935450556 -12 50.25990809989145
      vertex -10.601411109804847 12 50.24482807666617
      vertex -10.551698935450556 12 50.25990809989145
    endloop
  endfacet
  facet normal 0.09801714032960561 0 -0.9951847266721926
    outer loop
      vertex -10.5 -12 50.26500000059605
      vertex -10.551698935450556 12 50.25990809989145
      vertex -10.5 12 50.26500000059605
    endloop
  endfacet
  facet normal -0.09801714032960561 0 0.9951847266721926
    outer loop
      vertex -10.5 -12 49.73499999940395
      vertex -10.448301064549444 12 49.74009190010855
      vertex -10.5 12 49.73499999940395
    endloop
  endfacet
  facet normal -0.29028467725440166 0 0.9569403357322273
    outer loop
      vertex -10.448301064549444 -12 49.74009190010855
      vertex -10.398588890195153 12 49.75517192333383
      vertex -10.448301064549444 12 49.74009190010855
    endloop
  endfacet
  facet normal -0.4713967368260132 0 0.8819212643483467
    outer loop
      vertex -10.398588890195153 -12 49.75517192333383
      vertex -10.35277388791866 12 49.77966055224423
      vertex -10.398588890195153 12 49.75517192333383
    endloop
  endfacet
  facet normal -0.6343932841636767 0 0.7730104533627112
    outer loop
      vertex -10.35277388791866 -12 49.77966055224423
      vertex -10.312616702564096 12 49.8126167025641
      vertex -10.35277388791866 12 49.77966055224423
    endloop
  endfacet
  facet normal -0.09801714032960561 0 -0.9951847266721926
    outer loop
      vertex -10.448301064549444 -12 50.25990809989145
      vertex -10.5 12 50.26500000059605
      vertex -10.448301064549444 12 50.25990809989145
    endloop
  endfacet
  facet normal -0.29028467725440166 0 -0.9569403357322273
    outer loop
      vertex -10.398588890195153 -12 50.24482807666617
      vertex -10.448301064549444 12 50.25990809989145
      vertex -10.398588890195153 12 50.24482807666617
    endloop
  endfacet
  facet normal -0.4713967368260132 0 -0.8819212643483467
    outer loop
      vertex -10.35277388791866 -12 50.22033944775577
      vertex -10.398588890195153 12 50.24482807666617
      vertex -10.35277388791866 12 50.22033944775577
    endloop
  endfacet
  facet normal -0.6343932841636767 0 -0.7730104533627112
    outer loop
      vertex -10.312616702564096 -12 50.1873832974359
      vertex -10.35277388791866 12 50.22033944775577
      vertex -10.312616702564096 12 50.1873832974359
    endloop
  endfacet
  facet normal -0.7730104533627036 0 0.6343932841636861
    outer loop
      vertex -10.312616702564096 -12 49.8126167025641
      vertex -10.27966055224423 12 49.85277388791866
      vertex -10.312616702564096 12 49.8126167025641
    endloop
  endfacet
  facet normal -0.8819212643483695 0 0.47139673682597055
    outer loop
      vertex -10.27966055224423 -12 49.85277388791866
      vertex -10.255171923333833 12 49.89858889019516
      vertex -10.27966055224423 12 49.85277388791866
    endloop
  endfacet
  facet normal -0.9569403357322063 0 0.290284677254471
    outer loop
      vertex -10.255171923333833 -12 49.89858889019516
      vertex -10.24009190010855 12 49.94830106454944
      vertex -10.255171923333833 12 49.89858889019516
    endloop
  endfacet
  facet normal -0.9951847266721965 0 0.09801714032956506
    outer loop
      vertex -10.24009190010855 -12 49.94830106454944
      vertex -10.234999999403954 12 50
      vertex -10.24009190010855 12 49.94830106454944
    endloop
  endfacet
  facet normal -0.9569403357322063 0 -0.290284677254471
    outer loop
      vertex -10.24009190010855 -12 50.05169893545056
      vertex -10.255171923333833 12 50.10141110980484
      vertex -10.24009190010855 12 50.05169893545056
    endloop
  endfacet
  facet normal -0.9951847266721965 0 -0.09801714032956506
    outer loop
      vertex -10.234999999403954 -12 50
      vertex -10.24009190010855 12 50.05169893545056
      vertex -10.234999999403954 12 50
    endloop
  endfacet
  facet normal -0.7730104533627036 0 -0.6343932841636861
    outer loop
      vertex -10.27966055224423 -12 50.14722611208134
      vertex -10.312616702564096 12 50.1873832974359
      vertex -10.27966055224423 12 50.14722611208134
    endloop
  endfacet
  facet normal -0.8819212643483695 0 -0.47139673682597055
    outer loop
      vertex -10.255171923333833 -12 50.10141110980484
      vertex -10.27966055224423 12 50.14722611208134
      vertex -10.255171923333833 12 50.10141110980484
    endloop
  endfacet
  facet normal 0 0.7730104533627036 0.6343932841636861
    outer loop
      vertex -12 -10.72033944775577 48.85277388791866
      vertex 12 -10.72033944775577 48.85277388791866
      vertex -12 -10.687383297435904 48.8126167025641
    endloop
  endfacet
  facet normal 0 0.6343932841636767 0.7730104533627112
    outer loop
      vertex -12 -10.687383297435904 48.8126167025641
      vertex 12 -10.687383297435904 48.8126167025641
      vertex -12 -10.64722611208134 48.77966055224423
    endloop
  endfacet
  facet normal 0 0.4713967368260132 0.8819212643483467
    outer loop
      vertex -12 -10.64722611208134 48.77966055224423
      vertex 12 -10.64722611208134 48.77966055224423
      vertex -12 -10.601411109804847 48.75517192333383
    endloop
  endfacet
  facet normal 0 0.29028467725440166 0.9569403357322273
    outer loop
      vertex -12 -10.601411109804847 48.75517192333383
      vertex 12 -10.601411109804847 48.75517192333383
      vertex -12 -10.551698935450556 48.74009190010855
    endloop
  endfacet
  facet normal 0 0.09801714032960561 0.9951847266721926
    outer loop
      vertex -12 -10.551698935450556 48.74009190010855
      vertex 12 -10.551698935450556 48.74009190010855
      vertex -12 -10.5 48.73499999940395
    endloop
  endfacet
  facet normal 0 0.8819212643483695 0.47139673682597055
    outer loop
      vertex -12 -10.72033944775577 48.85277388791866
      vertex -12 -10.744828076666167 48.89858889019516
      vertex 12 -10.744828076666167 48.89858889019516
    endloop
  endfacet
  facet normal 0 0.9569403357322063 0.290284677254471
    outer loop
      vertex -12 -10.75990809989145 48.94830106454944
      vertex 12 -10.75990809989145 48.94830106454944
      vertex -12 -10.744828076666167 48.89858889019516
    endloop
  endfacet
  facet normal 0 0.9951847266721965 0.09801714032956506
    outer loop
      vertex -12 -10.75990809989145 48.94830106454944
      vertex -12 -10.765000000596046 49
      vertex 12 -10.765000000596046 49
    endloop
  endfacet
  facet normal 0 0.9951847266721965 -0.09801714032956506
    outer loop
      vertex -12 -10.765000000596046 49
      vertex -12 -10.75990809989145 49.05169893545056
      vertex 12 -10.75990809989145 49.05169893545056
    endloop
  endfacet
  facet normal 0 0.9569403357322063 -0.290284677254471
    outer loop
      vertex -12 -10.75990809989145 49.05169893545056
      vertex -12 -10.744828076666167 49.10141110980484
      vertex 12 -10.744828076666167 49.10141110980484
    endloop
  endfacet
  facet normal 0 0.8819212643483695 -0.47139673682597055
    outer loop
      vertex -12 -10.744828076666167 49.10141110980484
      vertex -12 -10.72033944775577 49.14722611208134
      vertex 12 -10.72033944775577 49.14722611208134
    endloop
  endfacet
  facet normal 0 0.7730104533627036 -0.6343932841636861
    outer loop
      vertex -12 -10.72033944775577 49.14722611208134
      vertex -12 -10.687383297435904 49.1873832974359
      vertex 12 -10.687383297435904 49.1873832974359
    endloop
  endfacet
  facet normal 0 0.6343932841636767 -0.7730104533627112
    outer loop
      vertex -12 -10.687383297435904 49.1873832974359
      vertex -12 -10.64722611208134 49.22033944775577
      vertex 12 -10.64722611208134 49.22033944775577
    endloop
  endfacet
  facet normal 0 0.4713967368260132 -0.8819212643483467
    outer loop
      vertex -12 -10.64722611208134 49.22033944775577
      vertex -12 -10.601411109804847 49.24482807666617
      vertex 12 -10.601411109804847 49.24482807666617
    endloop
  endfacet
  facet normal 0 0.29028467725440166 -0.9569403357322273
    outer loop
      vertex -12 -10.601411109804847 49.24482807666617
      vertex -12 -10.551698935450556 49.25990809989145
      vertex 12 -10.551698935450556 49.25990809989145
    endloop
  endfacet
  facet normal 0 0.09801714032960561 -0.9951847266721926
    outer loop
      vertex -12 -10.551698935450556 49.25990809989145
      vertex -12 -10.5 49.26500000059605
      vertex 12 -10.5 49.26500000059605
    endloop
  endfacet
  facet normal 0 -0.09801714032960561 0.9951847266721926
    outer loop
      vertex -12 -10.5 48.73499999940395
      vertex 12 -10.5 48.73499999940395
      vertex -12 -10.448301064549444 48.74009190010855
    endloop
  endfacet
  facet normal 0 -0.29028467725440166 0.9569403357322273
    outer loop
      vertex -12 -10.448301064549444 48.74009190010855
      vertex 12 -10.448301064549444 48.74009190010855
      vertex -12 -10.398588890195153 48.75517192333383
    endloop
  endfacet
  facet normal 0 -0.4713967368260132 0.8819212643483467
    outer loop
      vertex -12 -10.398588890195153 48.75517192333383
      vertex 12 -10.398588890195153 48.75517192333383
      vertex -12 -10.35277388791866 48.77966055224423
    endloop
  endfacet
  facet normal 0 -0.6343932841636767 0.7730104533627112
    outer loop
      vertex -12 -10.35277388791866 48.77966055224423
      vertex 12 -10.35277388791866 48.77966055224423
      vertex -12 -10.312616702564096 48.8126167025641
    endloop
  endfacet
  facet normal 0 -0.7730104533627036 0.6343932841636861
    outer loop
      vertex -12 -10.312616702564096 48.8126167025641
      vertex 12 -10.312616702564096 48.8126167025641
      vertex -12 -10.27966055224423 48.85277388791866
    endloop
  endfacet
  facet normal 0 -0.8819212643483695 0.47139673682597055
    outer loop
      vertex -12 -10.27966055224423 48.85277388791866
      vertex 12 -10.27966055224423 48.85277388791866
      vertex -12 -10.255171923333833 48.89858889019516
    endloop
  endfacet
  facet normal 0 -0.09801714032960561 -0.9951847266721926
    outer loop
      vertex -12 -10.5 49.26500000059605
      vertex -12 -10.448301064549444 49.25990809989145
      vertex 12 -10.448301064549444 49.25990809989145
    endloop
  endfacet
  facet normal 0 -0.29028467725440166 -0.9569403357322273
    outer loop
      vertex -12 -10.448301064549444 49.25990809989145
      vertex -12 -10.398588890195153 49.24482807666617
      vertex 12 -10.398588890195153 49.24482807666617
    endloop
  endfacet
  facet normal 0 -0.4713967368260132 -0.8819212643483467
    outer loop
      vertex -12 -10.398588890195153 49.24482807666617
      vertex -12 -10.35277388791866 49.22033944775577
      vertex 12 -10.35277388791866 49.22033944775577
    endloop
  endfacet
  facet normal 0 -0.6343932841636767 -0.7730104533627112
    outer loop
      vertex -12 -10.35277388791866 49.22033944775577
      vertex -12 -10.312616702564096 49.1873832974359
      vertex 12 -10.312616702564096 49.1873832974359
    endloop
  endfacet
  facet normal 0 -0.9569403357322063 0.290284677254471
    outer loop
      vertex -12 -10.255171923333833 48.89858889019516
      vertex 12 -10.255171923333833 48.89858889019516
      vertex -12 -10.24009190010855 48.94830106454944
    endloop
  endfacet
  facet normal 0 -0.9951847266721965 0.09801714032956506
    outer loop
      vertex -12 -10.24009190010855 48.94830106454944
      vertex 12 -10.24009190010855 48.94830106454944
      vertex -12 -10.234999999403954 49
    endloop
  endfacet
  facet normal 0 -0.9569403357322063 -0.290284677254471
    outer loop
      vertex -12 -10.24009190010855 49.05169893545056
      vertex 12 -10.24009190010855 49.05169893545056
      vertex -12 -10.255171923333833 49.10141110980484
    endloop
  endfacet
  facet normal 0 -0.9951847266721965 -0.09801714032956506
    outer loop
      vertex -12 -10.234999999403954 49
      vertex 12 -10.234999999403954 49
      vertex -12 -10.24009190010855 49.05169893545056
    endloop
  endfacet
  facet normal 0 -0.7730104533627036 -0.6343932841636861
    outer loop
      vertex -12 -10.312616702564096 49.1873832974359
      vertex -12 -10.27966055224423 49.14722611208134
      vertex 12 -10.27966055224423 49.14722611208134
    endloop
  endfacet
  facet normal 0 -0.8819212643483695 -0.47139673682597055
    outer loop
      vertex -12 -10.27966055224423 49.14722611208134
      vertex -12 -10.255171923333833 49.10141110980484
      vertex 12 -10.255171923333833 49.10141110980484
    endloop
  endfacet
  facet normal 0 0.8819212643483695 0.47139673682597055
    outer loop
      vertex -12 -10.72033944775577 48.85277388791866
      vertex 12 -10.744828076666167 48.89858889019516
      vertex 12 -10.72033944775577 48.85277388791866
    endloop
  endfacet
  facet normal 0 0.7730104533627036 0.6343932841636861
    outer loop
      vertex -12 -10.687383297435904 48.8126167025641
      vertex 12 -10.72033944775577 48.85277388791866
      vertex 12 -10.687383297435904 48.8126167025641
    endloop
  endfacet
  facet normal 0 0.6343932841636767 0.7730104533627112
    outer loop
      vertex -12 -10.64722611208134 48.77966055224423
      vertex 12 -10.687383297435904 48.8126167025641
      vertex 12 -10.64722611208134 48.77966055224423
    endloop
  endfacet
  facet normal 0 0.4713967368260132 0.8819212643483467
    outer loop
      vertex -12 -10.601411109804847 48.75517192333383
      vertex 12 -10.64722611208134 48.77966055224423
      vertex 12 -10.601411109804847 48.75517192333383
    endloop
  endfacet
  facet normal 0 0.29028467725440166 0.9569403357322273
    outer loop
      vertex -12 -10.551698935450556 48.74009190010855
      vertex 12 -10.601411109804847 48.75517192333383
      vertex 12 -10.551698935450556 48.74009190010855
    endloop
  endfacet
  facet normal 0 0.09801714032960561 0.9951847266721926
    outer loop
      vertex -12 -10.5 48.73499999940395
      vertex 12 -10.551698935450556 48.74009190010855
      vertex 12 -10.5 48.73499999940395
    endloop
  endfacet
  facet normal 0 0.9951847266721965 0.09801714032956506
    outer loop
      vertex -12 -10.75990809989145 48.94830106454944
      vertex 12 -10.765000000596046 49
      vertex 12 -10.75990809989145 48.94830106454944
    endloop
  endfacet
  facet normal 0 0.9569403357322063 0.290284677254471
    outer loop
      vertex -12 -10.744828076666167 48.89858889019516
      vertex 12 -10.75990809989145 48.94830106454944
      vertex 12 -10.744828076666167 48.89858889019516
    endloop
  endfacet
  facet normal 0 0.9951847266721965 -0.09801714032956506
    outer loop
      vertex -12 -10.765000000596046 49
      vertex 12 -10.75990809989145 49.05169893545056
      vertex 12 -10.765000000596046 49
    endloop
  endfacet
  facet normal 0 0.9569403357322063 -0.290284677254471
    outer loop
      vertex -12 -10.75990809989145 49.05169893545056
      vertex 12 -10.744828076666167 49.10141110980484
      vertex 12 -10.75990809989145 49.05169893545056
    endloop
  endfacet
  facet normal 0 0.8819212643483695 -0.47139673682597055
    outer loop
      vertex -12 -10.744828076666167 49.10141110980484
      vertex 12 -10.72033944775577 49.14722611208134
      vertex 12 -10.744828076666167 49.10141110980484
    endloop
  endfacet
  facet normal 0 0.7730104533627036 -0.6343932841636861
    outer loop
      vertex -12 -10.72033944775577 49.14722611208134
      vertex 12 -10.687383297435904 49.1873832974359
      vertex 12 -10.72033944775577 49.14722611208134
    endloop
  endfacet
  facet normal 0 0.6343932841636767 -0.7730104533627112
    outer loop
      vertex -12 -10.687383297435904 49.1873832974359
      vertex 12 -10.64722611208134 49.22033944775577
      vertex 12 -10.687383297435904 49.1873832974359
    endloop
  endfacet
  facet normal 0 0.4713967368260132 -0.8819212643483467
    outer loop
      vertex -12 -10.64722611208134 49.22033944775577
      vertex 12 -10.601411109804847 49.24482807666617
      vertex 12 -10.64722611208134 49.22033944775577
    endloop
  endfacet
  facet normal 0 0.29028467725440166 -0.9569403357322273
    outer loop
      vertex -12 -10.601411109804847 49.24482807666617
      vertex 12 -10.551698935450556 49.25990809989145
      vertex 12 -10.601411109804847 49.24482807666617
    endloop
  endfacet
  facet normal 0 0.09801714032960561 -0.9951847266721926
    outer loop
      vertex -12 -10.551698935450556 49.25990809989145
      vertex 12 -10.5 49.26500000059605
      vertex 12 -10.551698935450556 49.25990809989145
    endloop
  endfacet
  facet normal 0 -0.09801714032960561 0.9951847266721926
    outer loop
      vertex -12 -10.448301064549444 48.74009190010855
      vertex 12 -10.5 48.73499999940395
      vertex 12 -10.448301064549444 48.74009190010855
    endloop
  endfacet
  facet normal 0 -0.29028467725440166 0.9569403357322273
    outer loop
      vertex -12 -10.398588890195153 48.75517192333383
      vertex 12 -10.448301064549444 48.74009190010855
      vertex 12 -10.398588890195153 48.75517192333383
    endloop
  endfacet
  facet normal 0 -0.4713967368260132 0.8819212643483467
    outer loop
      vertex -12 -10.35277388791866 48.77966055224423
      vertex 12 -10.398588890195153 48.75517192333383
      vertex 12 -10.35277388791866 48.77966055224423
    endloop
  endfacet
  facet normal 0 -0.6343932841636767 0.7730104533627112
    outer loop
      vertex -12 -10.312616702564096 48.8126167025641
      vertex 12 -10.35277388791866 48.77966055224423
      vertex 12 -10.312616702564096 48.8126167025641
    endloop
  endfacet
  facet normal 0 -0.7730104533627036 0.6343932841636861
    outer loop
      vertex -12 -10.27966055224423 48.85277388791866
      vertex 12 -10.312616702564096 48.8126167025641
      vertex 12 -10.27966055224423 48.85277388791866
    endloop
  endfacet
  facet normal 0 -0.09801714032960561 -0.9951847266721926
    outer loop
      vertex -12 -10.5 49.26500000059605
      vertex 12 -10.448301064549444 49.25990809989145
      vertex 12 -10.5 49.26500000059605
    endloop
  endfacet
  facet normal 0 -0.29028467725440166 -0.9569403357322273
    outer loop
      vertex -12 -10.448301064549444 49.25990809989145
      vertex 12 -10.398588890195153 49.24482807666617
      vertex 12 -10.448301064549444 49.25990809989145
    endloop
  endfacet
  facet normal 0 -0.4713967368260132 -0.8819212643483467
    outer loop
      vertex -12 -10.398588890195153 49.24482807666617
      vertex 12 -10.35277388791866 49.22033944775577
      vertex 12 -10.398588890195153 49.24482807666617
    endloop
  endfacet
  facet normal 0 -0.6343932841636767 -0.7730104533627112
    outer loop
      vertex -12 -10.35277388791866 49.22033944775577
      vertex 12 -10.312616702564096 49.1873832974359
      vertex 12 -10.35277388791866 49.22033944775577
    endloop
  endfacet
  facet normal 0 -0.8819212643483695 0.47139673682597055
    outer loop
      vertex -12 -10.255171923333833 48.89858889019516
      vertex 12 -10.27966055224423 48.85277388791866
      vertex 12 -10.255171923333833 48.89858889019516
    endloop
  endfacet
  facet normal 0 -0.9569403357322063 0.290284677254471
    outer loop
      vertex -12 -10.24009190010855 48.94830106454944
      vertex 12 -10.255171923333833 48.89858889019516
      vertex 12 -10.24009190010855 48.94830106454944
    endloop
  endfacet
  facet normal 0 -0.9951847266721965 0.09801714032956506
    outer loop
      vertex -12 -10.234999999403954 49
      vertex 12 -10.24009190010855 48.94830106454944
      vertex 12 -10.234999999403954 49
    endloop
  endfacet
  facet normal 0 -0.9951847266721965 -0.09801714032956506
    outer loop
      vertex -12 -10.24009190010855 49.05169893545056
      vertex 12 -10.234999999403954 49
      vertex 12 -10.24009190010855 49.05169893545056
    endloop
  endfacet
  facet normal 0 -0.7730104533627036 -0.6343932841636861
    outer loop
      vertex -12 -10.312616702564096 49.1873832974359
      vertex 12 -10.27966055224423 49.14722611208134
      vertex 12 -10.312616702564096 49.1873832974359
    endloop
  endfacet
  facet normal 0 -0.8819212643483695 -0.47139673682597055
    outer loop
      vertex -12 -10.27966055224423 49.14722611208134
      vertex 12 -10.255171923333833 49.10141110980484
      vertex 12 -10.27966055224423 49.14722611208134
    endloop
  endfacet
  facet normal 0 -0.9569403357322063 -0.290284677254471
    outer loop
      vertex -12 -10.255171923333833 49.10141110980484
      vertex 12 -10.24009190010855 49.05169893545056
      vertex 12 -10.255171923333833 49.10141110980484
    endloop
  endfacet
  facet normal 0 0.7730104533627036 0.6343932841636861
    outer loop
      vertex -12 10.27966055224423 48.85277388791866
      vertex 12 10.27966055224423 48.85277388791866
      vertex -12 10.312616702564096 48.8126167025641
    endloop
  endfacet
  facet normal 0 0.6343932841636767 0.7730104533627112
    outer loop
      vertex -12 10.312616702564096 48.8126167025641
      vertex 12 10.312616702564096 48.8126167025641
      vertex -12 10.35277388791866 48.77966055224423
    endloop
  endfacet
  facet normal 0 0.4713967368260132 0.8819212643483467
    outer loop
      vertex -12 10.35277388791866 48.77966055224423
      vertex 12 10.35277388791866 48.77966055224423
      vertex -12 10.398588890195153 48.75517192333383
    endloop
  endfacet
  facet normal 0 0.29028467725440166 0.9569403357322273
    outer loop
      vertex -12 10.398588890195153 48.75517192333383
      vertex 12 10.398588890195153 48.75517192333383
      vertex -12 10.448301064549444 48.74009190010855
    endloop
  endfacet
  facet normal 0 0.09801714032960561 0.9951847266721926
    outer loop
      vertex -12 10.448301064549444 48.74009190010855
      vertex 12 10.448301064549444 48.74009190010855
      vertex -12 10.5 48.73499999940395
    endloop
  endfacet
  facet normal 0 0.8819212643483695 0.47139673682597055
    outer loop
      vertex -12 10.27966055224423 48.85277388791866
      vertex -12 10.255171923333833 48.89858889019516
      vertex 12 10.255171923333833 48.89858889019516
    endloop
  endfacet
  facet normal 0 0.9569403357322063 0.290284677254471
    outer loop
      vertex -12 10.24009190010855 48.94830106454944
      vertex 12 10.24009190010855 48.94830106454944
      vertex -12 10.255171923333833 48.89858889019516
    endloop
  endfacet
  facet normal 0 0.9951847266721965 0.09801714032956506
    outer loop
      vertex -12 10.24009190010855 48.94830106454944
      vertex -12 10.234999999403954 49
      vertex 12 10.234999999403954 49
    endloop
  endfacet
  facet normal 0 0.9951847266721965 -0.09801714032956506
    outer loop
      vertex -12 10.234999999403954 49
      vertex -12 10.24009190010855 49.05169893545056
      vertex 12 10.24009190010855 49.05169893545056
    endloop
  endfacet
  facet normal 0 0.9569403357322063 -0.290284677254471
    outer loop
      vertex -12 10.24009190010855 49.05169893545056
      vertex -12 10.255171923333833 49.10141110980484
      vertex 12 10.255171923333833 49.10141110980484
    endloop
  endfacet
  facet normal 0 0.8819212643483695 -0.47139673682597055
    outer loop
      vertex -12 10.255171923333833 49.10141110980484
      vertex -12 10.27966055224423 49.14722611208134
      vertex 12 10.27966055224423 49.14722611208134
    endloop
  endfacet
  facet normal 0 0.7730104533627036 -0.6343932841636861
    outer loop
      vertex -12 10.27966055224423 49.14722611208134
      vertex -12 10.312616702564096 49.1873832974359
      vertex 12 10.312616702564096 49.1873832974359
    endloop
  endfacet
  facet normal 0 0.6343932841636767 -0.7730104533627112
    outer loop
      vertex -12 10.312616702564096 49.1873832974359
      vertex -12 10.35277388791866 49.22033944775577
      vertex 12 10.35277388791866 49.22033944775577
    endloop
  endfacet
  facet normal 0 0.4713967368260132 -0.8819212643483467
    outer loop
      vertex -12 10.35277388791866 49.22033944775577
      vertex -12 10.398588890195153 49.24482807666617
      vertex 12 10.398588890195153 49.24482807666617
    endloop
  endfacet
  facet normal 0 0.29028467725440166 -0.9569403357322273
    outer loop
      vertex -12 10.398588890195153 49.24482807666617
      vertex -12 10.448301064549444 49.25990809989145
      vertex 12 10.448301064549444 49.25990809989145
    endloop
  endfacet
  facet normal 0 0.09801714032960561 -0.9951847266721926
    outer loop
      vertex -12 10.448301064549444 49.25990809989145
      vertex -12 10.5 49.26500000059605
      vertex 12 10.5 49.26500000059605
    endloop
  endfacet
  facet normal 0 -0.09801714032960561 0.9951847266721926
    outer loop
      vertex -12 10.5 48.73499999940395
      vertex 12 10.5 48.73499999940395
      vertex -12 10.551698935450556 48.74009190010855
    endloop
  endfacet
  facet normal 0 -0.29028467725440166 0.9569403357322273
    outer loop
      vertex -12 10.551698935450556 48.74009190010855
      vertex 12 10.551698935450556 48.74009190010855
      vertex -12 10.601411109804847 48.75517192333383
    endloop
  endfacet
  facet normal 0 -0.4713967368260132 0.8819212643483467
    outer loop
      vertex -12 10.601411109804847 48.75517192333383
      vertex 12 10.601411109804847 48.75517192333383
      vertex -12 10.64722611208134 48.77966055224423
    endloop
  endfacet
  facet normal 0 -0.6343932841636767 0.7730104533627112
    outer loop
      vertex -12 10.64722611208134 48.77966055224423
      vertex 12 10.64722611208134 48.77966055224423
      vertex -12 10.687383297435904 48.8126167025641
    endloop
  endfacet
  facet normal 0 -0.7730104533627036 0.6343932841636861
    outer loop
      vertex -12 10.687383297435904 48.8126167025641
      vertex 12 10.687383297435904 48.8126167025641
      vertex -12 10.72033944775577 48.85277388791866
    endloop
  endfacet
  facet normal 0 -0.8819212643483695 0.47139673682597055
    outer loop
      vertex -12 10.72033944775577 48.85277388791866
      vertex 12 10.72033944775577 48.85277388791866
      vertex -12 10.744828076666167 48.89858889019516
    endloop
  endfacet
  facet normal 0 -0.09801714032960561 -0.9951847266721926
    outer loop
      vertex -12 10.5 49.26500000059605
      vertex -12 10.551698935450556 49.25990809989145
      vertex 12 10.551698935450556 49.25990809989145
    endloop
  endfacet
  facet normal 0 -0.29028467725440166 -0.9569403357322273
    outer loop
      vertex -12 10.551698935450556 49.25990809989145
      vertex -12 10.601411109804847 49.24482807666617
      vertex 12 10.601411109804847 49.24482807666617
    endloop
  endfacet
  facet normal 0 -0.4713967368260132 -0.8819212643483467
    outer loop
      vertex -12 10.601411109804847 49.24482807666617
      vertex -12 10.64722611208134 49.22033944775577
      vertex 12 10.64722611208134 49.22033944775577
    endloop
  endfacet
  facet normal 0 -0.6343932841636767 -0.7730104533627112
    outer loop
      vertex -12 10.64722611208134 49.22033944775577
      vertex -12 10.687383297435904 49.1873832974359
      vertex 12 10.687383297435904 49.1873832974359
    endloop
  endfacet
  facet normal 0 -0.9569403357322063 0.290284677254471
    outer loop
      vertex -12 10.744828076666167 48.89858889019516
      vertex 12 10.744828076666167 48.89858889019516
      vertex -12 10.75990809989145 48.94830106454944
    endloop
  endfacet
  facet normal 0 -0.9951847266721965 0.09801714032956506
    outer loop
      vertex -12 10.75990809989145 48.94830106454944
      vertex 12 10.75990809989145 48.94830106454944
      vertex -12 10.765000000596046 49
    endloop
  endfacet
  facet normal 0 -0.9569403357322063 -0.290284677254471
    outer loop
      vertex -12 10.75990809989145 49.05169893545056
      vertex 12 10.75990809989145 49.05169893545056
      vertex -12 10.744828076666167 49.10141110980484
    endloop
  endfacet
  facet normal 0 -0.9951847266721965 -0.09801714032956506
    outer loop
      vertex -12 10.765000000596046 49
      vertex 12 10.765000000596046 49
      vertex -12 10.75990809989145 49.05169893545056
    endloop
  endfacet
  facet normal 0 -0.7730104533627036 -0.6343932841636861
    outer loop
      vertex -12 10.687383297435904 49.1873832974359
      vertex -12 10.72033944775577 49.14722611208134
      vertex 12 10.72033944775577 49.14722611208134
    endloop
  endfacet
  facet normal 0 -0.8819212643483695 -0.47139673682597055
    outer loop
      vertex -12 10.72033944775577 49.14722611208134
      vertex -12 10.744828076666167 49.10141110980484
      vertex 12 10.744828076666167 49.10141110980484
    endloop
  endfacet
  facet normal 0 0.8819212643483695 0.47139673682597055
    outer loop
      vertex -12 10.27966055224423 48.85277388791866
      vertex 12 10.255171923333833 48.89858889019516
      vertex 12 10.27966055224423 48.85277388791866
    endloop
  endfacet
  facet normal 0 0.7730104533627036 0.6343932841636861
    outer loop
      vertex -12 10.312616702564096 48.8126167025641
      vertex 12 10.27966055224423 48.85277388791866
      vertex 12 10.312616702564096 48.8126167025641
    endloop
  endfacet
  facet normal 0 0.6343932841636767 0.7730104533627112
    outer loop
      vertex -12 10.35277388791866 48.77966055224423
      vertex 12 10.312616702564096 48.8126167025641
      vertex 12 10.35277388791866 48.77966055224423
    endloop
  endfacet
  facet normal 0 0.4713967368260132 0.8819212643483467
    outer loop
      vertex -12 10.398588890195153 48.75517192333383
      vertex 12 10.35277388791866 48.77966055224423
      vertex 12 10.398588890195153 48.75517192333383
    endloop
  endfacet
  facet normal 0 0.29028467725440166 0.9569403357322273
    outer loop
      vertex -12 10.448301064549444 48.74009190010855
      vertex 12 10.398588890195153 48.75517192333383
      vertex 12 10.448301064549444 48.74009190010855
    endloop
  endfacet
  facet normal 0 0.09801714032960561 0.9951847266721926
    outer loop
      vertex -12 10.5 48.73499999940395
      vertex 12 10.448301064549444 48.74009190010855
      vertex 12 10.5 48.73499999940395
    endloop
  endfacet
  facet normal 0 0.9951847266721965 0.09801714032956506
    outer loop
      vertex -12 10.24009190010855 48.94830106454944
      vertex 12 10.234999999403954 49
      vertex 12 10.24009190010855 48.94830106454944
    endloop
  endfacet
  facet normal 0 0.9569403357322063 0.290284677254471
    outer loop
      vertex -12 10.255171923333833 48.89858889019516
      vertex 12 10.24009190010855 48.94830106454944
      vertex 12 10.255171923333833 48.89858889019516
    endloop
  endfacet
  facet normal 0 0.9951847266721965 -0.09801714032956506
    outer loop
      vertex -12 10.234999999403954 49
      vertex 12 10.24009190010855 49.05169893545056
      vertex 12 10.234999999403954 49
    endloop
  endfacet
  facet normal 0 0.9569403357322063 -0.290284677254471
    outer loop
      vertex -12 10.24009190010855 49.05169893545056
      vertex 12 10.255171923333833 49.10141110980484
      vertex 12 10.24009190010855 49.05169893545056
    endloop
  endfacet
  facet normal 0 0.8819212643483695 -0.47139673682597055
    outer loop
      vertex -12 10.255171923333833 49.10141110980484
      vertex 12 10.27966055224423 49.14722611208134
      vertex 12 10.255171923333833 49.10141110980484
    endloop
  endfacet
  facet normal 0 0.7730104533627036 -0.6343932841636861
    outer loop
      vertex -12 10.27966055224423 49.14722611208134
      vertex 12 10.312616702564096 49.1873832974359
      vertex 12 10.27966055224423 49.14722611208134
    endloop
  endfacet
  facet normal 0 0.6343932841636767 -0.7730104533627112
    outer loop
      vertex -12 10.312616702564096 49.1873832974359
      vertex 12 10.35277388791866 49.22033944775577
      vertex 12 10.312616702564096 49.1873832974359
    endloop
  endfacet
  facet normal 0 0.4713967368260132 -0.8819212643483467
    outer loop
      vertex -12 10.35277388791866 49.22033944775577
      vertex 12 10.398588890195153 49.24482807666617
      vertex 12 10.35277388791866 49.22033944775577
    endloop
  endfacet
  facet normal 0 0.29028467725440166 -0.9569403357322273
    outer loop
      vertex -12 10.398588890195153 49.24482807666617
      vertex 12 10.448301064549444 49.25990809989145
      vertex 12 10.398588890195153 49.24482807666617
    endloop
  endfacet
  facet normal 0 0.09801714032960561 -0.9951847266721926
    outer loop
      vertex -12 10.448301064549444 49.25990809989145
      vertex 12 10.5 49.26500000059605
      vertex 12 10.448301064549444 49.25990809989145
    endloop
  endfacet
  facet normal 0 -0.09801714032960561 0.9951847266721926
    outer loop
      vertex -12 10.551698935450556 48.74009190010855
      vertex 12 10.5 48.73499999940395
      vertex 12 10.551698935450556 48.74009190010855
    endloop
  endfacet
  facet normal 0 -0.29028467725440166 0.9569403357322273
    outer loop
      vertex -12 10.601411109804847 48.75517192333383
      vertex 12 10.551698935450556 48.74009190010855
      vertex 12 10.601411109804847 48.75517192333383
    endloop
  endfacet
  facet normal 0 -0.4713967368260132 0.8819212643483467
    outer loop
      vertex -12 10.64722611208134 48.77966055224423
      vertex 12 10.601411109804847 48.75517192333383
      vertex 12 10.64722611208134 48.77966055224423
    endloop
  endfacet
  facet normal 0 -0.6343932841636767 0.7730104533627112
    outer loop
      vertex -12 10.687383297435904 48.8126167025641
      vertex 12 10.64722611208134 48.77966055224423
      vertex 12 10.687383297435904 48.8126167025641
    endloop
  endfacet
  facet normal 0 -0.7730104533627036 0.6343932841636861
    outer loop
      vertex -12 10.72033944775577 48.85277388791866
      vertex 12 10.687383297435904 48.8126167025641
      vertex 12 10.72033944775577 48.85277388791866
    endloop
  endfacet
  facet normal 0 -0.09801714032960561 -0.9951847266721926
    outer loop
      vertex -12 10.5 49.26500000059605
      vertex 12 10.551698935450556 49.25990809989145
      vertex 12 10.5 49.26500000059605
    endloop
  endfacet
  facet normal 0 -0.29028467725440166 -0.9569403357322273
    outer loop
      vertex -12 10.551698935450556 49.25990809989145
      vertex 12 10.601411109804847 49.24482807666617
      vertex 12 10.551698935450556 49.25990809989145
    endloop
  endfacet
  facet normal 0 -0.4713967368260132 -0.8819212643483467
    outer loop
      vertex -12 10.601411109804847 49.24482807666617
      vertex 12 10.64722611208134 49.22033944775577
      vertex 12 10.601411109804847 49.24482807666617
    endloop
  endfacet
  facet normal 0 -0.6343932841636767 -0.7730104533627112
    outer loop
      vertex -12 10.64722611208134 49.22033944775577
      vertex 12 10.687383297435904 49.1873832974359
      vertex 12 10.64722611208134 49.22033944775577
    endloop
  endfacet
  facet normal 0 -0.8819212643483695 0.47139673682597055
    outer loop
      vertex -12 10.744828076666167 48.89858889019516
      vertex 12 10.72033944775577 48.85277388791866
      vertex 12 10.744828076666167 48.89858889019516
    endloop
  endfacet
  facet normal 0 -0.9569403357322063 0.290284677254471
    outer loop
      vertex -12 10.75990809989145 48.94830106454944
      vertex 12 10.744828076666167 48.89858889019516
      vertex 12 10.75990809989145 48.94830106454944
    endloop
  endfacet
  facet normal 0 -0.9951847266721965 0.09801714032956506
    outer loop
      vertex -12 10.765000000596046 49
      vertex 12 10.75990809989145 48.94830106454944
      vertex 12 10.765000000596046 49
    endloop
  endfacet
  facet normal 0 -0.9951847266721965 -0.09801714032956506
    outer loop
      vertex -12 10.75990809989145 49.05169893545056
      vertex 12 10.765000000596046 49
      vertex 12 10.75990809989145 49.05169893545056
    endloop
  endfacet
  facet normal 0 -0.7730104533627036 -0.6343932841636861
    outer loop
      vertex -12 10.687383297435904 49.1873832974359
      vertex 12 10.72033944775577 49.14722611208134
      vertex 12 10.687383297435904 49.1873832974359
    endloop
  endfacet
  facet normal 0 -0.8819212643483695 -0.47139673682597055
    outer loop
      vertex -12 10.72033944775577 49.14722611208134
      vertex 12 10.744828076666167 49.10141110980484
      vertex 12 10.72033944775577 49.14722611208134
    endloop
  endfacet
  facet normal 0 -0.9569403357322063 -0.290284677254471
    outer loop
      vertex -12 10.744828076666167 49.10141110980484
      vertex 12 10.75990809989145 49.05169893545056
      vertex 12 10.744828076666167 49.10141110980484
    endloop
  endfacet
  facet normal 0.9569403357322154 0 0.2902846772544411
    outer loop
      vertex 10.255171923333833 -12 -0.1014111098048459
      vertex 10.255171923333833 12 -0.1014111098048459
      vertex 10.24009190010855 -12 -0.05169893545055688
    endloop
  endfacet
  facet normal 0.8819212643483527 0 0.4713967368260019
    outer loop
      vertex 10.255171923333833 -12 -0.1014111098048459
      vertex 10.27966055224423 -12 -0.14722611208134023
      vertex 10.27966055224423 12 -0.14722611208134023
    endloop
  endfacet
  facet normal 0.7730104533627372 0 0.6343932841636453
    outer loop
      vertex 10.27966055224423 -12 -0.14722611208134023
      vertex 10.312616702564096 -12 -0.1873832974359036
      vertex 10.312616702564096 12 -0.1873832974359036
    endloop
  endfacet
  facet normal 0.995184726672196 0 0.09801714032957036
    outer loop
      vertex 10.24009190010855 -12 -0.05169893545055688
      vertex 10.24009190010855 12 -0.05169893545055688
      vertex 10.234999999403954 -12 0
    endloop
  endfacet
  facet normal 0.995184726672196 0 -0.09801714032957036
    outer loop
      vertex 10.234999999403954 -12 0
      vertex 10.234999999403954 12 0
      vertex 10.24009190010855 -12 0.05169893545055688
    endloop
  endfacet
  facet normal 0.9569403357322154 0 -0.2902846772544411
    outer loop
      vertex 10.24009190010855 -12 0.05169893545055688
      vertex 10.24009190010855 12 0.05169893545055688
      vertex 10.255171923333833 -12 0.1014111098048459
    endloop
  endfacet
  facet normal 0.8819212643483527 0 -0.4713967368260019
    outer loop
      vertex 10.255171923333833 -12 0.1014111098048459
      vertex 10.255171923333833 12 0.1014111098048459
      vertex 10.27966055224423 -12 0.14722611208134023
    endloop
  endfacet
  facet normal 0.6343932841636355 0 0.7730104533627451
    outer loop
      vertex 10.312616702564096 -12 -0.1873832974359036
      vertex 10.35277388791866 -12 -0.220339447755769
      vertex 10.35277388791866 12 -0.220339447755769
    endloop
  endfacet
  facet normal 0.471396736826009 0 0.8819212643483489
    outer loop
      vertex 10.35277388791866 -12 -0.220339447755769
      vertex 10.398588890195153 -12 -0.2448280766661661
      vertex 10.398588890195153 12 -0.2448280766661661
    endloop
  endfacet
  facet normal 0.290284677254454 0 0.9569403357322114
    outer loop
      vertex 10.398588890195153 -12 -0.2448280766661661
      vertex 10.448301064549444 -12 -0.25990809989144964
      vertex 10.448301064549444 12 -0.25990809989144964
    endloop
  endfacet
  facet normal 0.09801714032956221 0 0.9951847266721968
    outer loop
      vertex 10.448301064549444 -12 -0.25990809989144964
      vertex 10.5 -12 -0.26500000059604645
      vertex 10.5 12 -0.26500000059604645
    endloop
  endfacet
  facet normal 0.7730104533627372 0 -0.6343932841636453
    outer loop
      vertex 10.27966055224423 -12 0.14722611208134023
      vertex 10.27966055224423 12 0.14722611208134023
      vertex 10.312616702564096 -12 0.1873832974359036
    endloop
  endfacet
  facet normal 0.6343932841636355 0 -0.7730104533627451
    outer loop
      vertex 10.312616702564096 -12 0.1873832974359036
      vertex 10.312616702564096 12 0.1873832974359036
      vertex 10.35277388791866 -12 0.220339447755769
    endloop
  endfacet
  facet normal 0.471396736826009 0 -0.8819212643483489
    outer loop
      vertex 10.35277388791866 -12 0.220339447755769
      vertex 10.35277388791866 12 0.220339447755769
      vertex 10.398588890195153 -12 0.2448280766661661
    endloop
  endfacet
  facet normal 0.290284677254454 0 -0.9569403357322114
    outer loop
      vertex 10.398588890195153 -12 0.2448280766661661
      vertex 10.398588890195153 12 0.2448280766661661
      vertex 10.448301064549444 -12 0.25990809989144964
    endloop
  endfacet
  facet normal 0.09801714032956221 0 -0.9951847266721968
    outer loop
      vertex 10.448301064549444 -12 0.25990809989144964
      vertex 10.448301064549444 12 0.25990809989144964
      vertex 10.5 -12 0.26500000059604645
    endloop
  endfacet
  facet normal -0.09801714032956221 0 0.9951847266721968
    outer loop
      vertex 10.5 -12 -0.26500000059604645
      vertex 10.551698935450556 -12 -0.25990809989144964
      vertex 10.551698935450556 12 -0.25990809989144964
    endloop
  endfacet
  facet normal -0.290284677254454 0 0.9569403357322114
    outer loop
      vertex 10.551698935450556 -12 -0.25990809989144964
      vertex 10.601411109804847 -12 -0.2448280766661661
      vertex 10.601411109804847 12 -0.2448280766661661
    endloop
  endfacet
  facet normal -0.471396736826009 0 0.8819212643483489
    outer loop
      vertex 10.601411109804847 -12 -0.2448280766661661
      vertex 10.64722611208134 -12 -0.220339447755769
      vertex 10.64722611208134 12 -0.220339447755769
    endloop
  endfacet
  facet normal -0.6343932841636355 0 0.7730104533627451
    outer loop
      vertex 10.64722611208134 -12 -0.220339447755769
      vertex 10.687383297435904 -12 -0.1873832974359036
      vertex 10.687383297435904 12 -0.1873832974359036
    endloop
  endfacet
  facet normal -0.7730104533627372 0 0.6343932841636453
    outer loop
      vertex 10.687383297435904 -12 -0.1873832974359036
      vertex 10.72033944775577 -12 -0.14722611208134023
      vertex 10.72033944775577 12 -0.14722611208134023
    endloop
  endfacet
  facet normal -0.8819212643483527 0 0.4713967368260019
    outer loop
      vertex 10.72033944775577 -12 -0.14722611208134023
      vertex 10.744828076666167 -12 -0.1014111098048459
      vertex 10.744828076666167 12 -0.1014111098048459
    endloop
  endfacet
  facet normal -0.9569403357322154 0 0.2902846772544411
    outer loop
      vertex 10.744828076666167 -12 -0.1014111098048459
      vertex 10.75990809989145 -12 -0.05169893545055688
      vertex 10.75990809989145 12 -0.05169893545055688
    endloop
  endfacet
  facet normal -0.995184726672196 0 0.09801714032957036
    outer loop
      vertex 10.75990809989145 -12 -0.05169893545055688
      vertex 10.765000000596046 -12 0
      vertex 10.765000000596046 12 0
    endloop
  endfacet
  facet normal -0.9569403357322154 0 -0.2902846772544411
    outer loop
      vertex 10.744828076666167 -12 0.1014111098048459
      vertex 10.744828076666167 12 0.1014111098048459
      vertex 10.75990809989145 -12 0.05169893545055688
    endloop
  endfacet
  facet normal -0.995184726672196 0 -0.09801714032957036
    outer loop
      vertex 10.765000000596046 -12 0
      vertex 10.75990809989145 -12 0.05169893545055688
      vertex 10.75990809989145 12 0.05169893545055688
    endloop
  endfacet
  facet normal -0.09801714032956221 0 -0.9951847266721968
    outer loop
      vertex 10.5 -12 0.26500000059604645
      vertex 10.5 12 0.26500000059604645
      vertex 10.551698935450556 -12 0.25990809989144964
    endloop
  endfacet
  facet normal -0.290284677254454 0 -0.9569403357322114
    outer loop
      vertex 10.551698935450556 -12 0.25990809989144964
      vertex 10.551698935450556 12 0.25990809989144964
      vertex 10.601411109804847 -12 0.2448280766661661
    endloop
  endfacet
  facet normal -0.471396736826009 0 -0.8819212643483489
    outer loop
      vertex 10.601411109804847 -12 0.2448280766661661
      vertex 10.601411109804847 12 0.2448280766661661
      vertex 10.64722611208134 -12 0.220339447755769
    endloop
  endfacet
  facet normal -0.6343932841636355 0 -0.7730104533627451
    outer loop
      vertex 10.64722611208134 -12 0.220339447755769
      vertex 10.64722611208134 12 0.220339447755769
      vertex 10.687383297435904 -12 0.1873832974359036
    endloop
  endfacet
  facet normal -0.7730104533627372 0 -0.6343932841636453
    outer loop
      vertex 10.687383297435904 -12 0.1873832974359036
      vertex 10.687383297435904 12 0.1873832974359036
      vertex 10.72033944775577 -12 0.14722611208134023
    endloop
  endfacet
  facet normal -0.8819212643483527 0 -0.4713967368260019
    outer loop
      vertex 10.744828076666167 -12 0.1014111098048459
      vertex 10.72033944775577 -12 0.14722611208134023
      vertex 10.72033944775577 12 0.14722611208134023
    endloop
  endfacet
  facet normal 0.8819212643483527 0 0.4713967368260019
    outer loop
      vertex 10.255171923333833 -12 -0.1014111098048459
      vertex 10.27966055224423 12 -0.14722611208134023
      vertex 10.255171923333833 12 -0.1014111098048459
    endloop
  endfacet
  facet normal 0.7730104533627372 0 0.6343932841636453
    outer loop
      vertex 10.27966055224423 -12 -0.14722611208134023
      vertex 10.312616702564096 12 -0.1873832974359036
      vertex 10.27966055224423 12 -0.14722611208134023
    endloop
  endfacet
  facet normal 0.995184726672196 0 0.09801714032957036
    outer loop
      vertex 10.234999999403954 -12 0
      vertex 10.24009190010855 12 -0.05169893545055688
      vertex 10.234999999403954 12 0
    endloop
  endfacet
  facet normal 0.9569403357322154 0 0.2902846772544411
    outer loop
      vertex 10.24009190010855 -12 -0.05169893545055688
      vertex 10.255171923333833 12 -0.1014111098048459
      vertex 10.24009190010855 12 -0.05169893545055688
    endloop
  endfacet
  facet normal 0.995184726672196 0 -0.09801714032957036
    outer loop
      vertex 10.24009190010855 -12 0.05169893545055688
      vertex 10.234999999403954 12 0
      vertex 10.24009190010855 12 0.05169893545055688
    endloop
  endfacet
  facet normal 0.9569403357322154 0 -0.2902846772544411
    outer loop
      vertex 10.255171923333833 -12 0.1014111098048459
      vertex 10.24009190010855 12 0.05169893545055688
      vertex 10.255171923333833 12 0.1014111098048459
    endloop
  endfacet
  facet normal 0.6343932841636355 0 0.7730104533627451
    outer loop
      vertex 10.312616702564096 -12 -0.1873832974359036
      vertex 10.35277388791866 12 -0.220339447755769
      vertex 10.312616702564096 12 -0.1873832974359036
    endloop
  endfacet
  facet normal 0.471396736826009 0 0.8819212643483489
    outer loop
      vertex 10.35277388791866 -12 -0.220339447755769
      vertex 10.398588890195153 12 -0.2448280766661661
      vertex 10.35277388791866 12 -0.220339447755769
    endloop
  endfacet
  facet normal 0.290284677254454 0 0.9569403357322114
    outer loop
      vertex 10.398588890195153 -12 -0.2448280766661661
      vertex 10.448301064549444 12 -0.25990809989144964
      vertex 10.398588890195153 12 -0.2448280766661661
    endloop
  endfacet
  facet normal 0.09801714032956221 0 0.9951847266721968
    outer loop
      vertex 10.448301064549444 -12 -0.25990809989144964
      vertex 10.5 12 -0.26500000059604645
      vertex 10.448301064549444 12 -0.25990809989144964
    endloop
  endfacet
  facet normal 0.8819212643483527 0 -0.4713967368260019
    outer loop
      vertex 10.27966055224423 -12 0.14722611208134023
      vertex 10.255171923333833 12 0.1014111098048459
      vertex 10.27966055224423 12 0.14722611208134023
    endloop
  endfacet
  facet normal 0.7730104533627372 0 -0.6343932841636453
    outer loop
      vertex 10.312616702564096 -12 0.1873832974359036
      vertex 10.27966055224423 12 0.14722611208134023
      vertex 10.312616702564096 12 0.1873832974359036
    endloop
  endfacet
  facet normal 0.6343932841636355 0 -0.7730104533627451
    outer loop
      vertex 10.35277388791866 -12 0.220339447755769
      vertex 10.312616702564096 12 0.1873832974359036
      vertex 10.35277388791866 12 0.220339447755769
    endloop
  endfacet
  facet normal 0.471396736826009 0 -0.8819212643483489
    outer loop
      vertex 10.398588890195153 -12 0.2448280766661661
      vertex 10.35277388791866 12 0.220339447755769
      vertex 10.398588890195153 12 0.2448280766661661
    endloop
  endfacet
  facet normal 0.290284677254454 0 -0.9569403357322114
    outer loop
      vertex 10.448301064549444 -12 0.25990809989144964
      vertex 10.398588890195153 12 0.2448280766661661
      vertex 10.448301064549444 12 0.25990809989144964
    endloop
  endfacet
  facet normal 0.09801714032956221 0 -0.9951847266721968
    outer loop
      vertex 10.5 -12 0.26500000059604645
      vertex 10.448301064549444 12 0.25990809989144964
      vertex 10.5 12 0.26500000059604645
    endloop
  endfacet
  facet normal -0.09801714032956221 0 0.9951847266721968
    outer loop
      vertex 10.5 -12 -0.26500000059604645
      vertex 10.551698935450556 12 -0.25990809989144964
      vertex 10.5 12 -0.26500000059604645
    endloop
  endfacet
  facet normal -0.290284677254454 0 0.9569403357322114
    outer loop
      vertex 10.551698935450556 -12 -0.25990809989144964
      vertex 10.601411109804847 12 -0.2448280766661661
      vertex 10.551698935450556 12 -0.25990809989144964
    endloop
  endfacet
  facet normal -0.471396736826009 0 0.8819212643483489
    outer loop
      vertex 10.601411109804847 -12 -0.2448280766661661
      vertex 10.64722611208134 12 -0.220339447755769
      vertex 10.601411109804847 12 -0.2448280766661661
    endloop
  endfacet
  facet normal -0.6343932841636355 0 0.7730104533627451
    outer loop
      vertex 10.64722611208134 -12 -0.220339447755769
      vertex 10.687383297435904 12 -0.1873832974359036
      vertex 10.64722611208134 12 -0.220339447755769
    endloop
  endfacet
  facet normal -0.7730104533627372 0 0.6343932841636453
    outer loop
      vertex 10.687383297435904 -12 -0.1873832974359036
      vertex 10.72033944775577 12 -0.14722611208134023
      vertex 10.687383297435904 12 -0.1873832974359036
    endloop
  endfacet
  facet normal -0.8819212643483527 0 0.4713967368260019
    outer loop
      vertex 10.72033944775577 -12 -0.14722611208134023
      vertex 10.744828076666167 12 -0.1014111098048459
      vertex 10.72033944775577 12 -0.14722611208134023
    endloop
  endfacet
  facet normal -0.9569403357322154 0 0.2902846772544411
    outer loop
      vertex 10.744828076666167 -12 -0.1014111098048459
      vertex 10.75990809989145 12 -0.05169893545055688
      vertex 10.744828076666167 12 -0.1014111098048459
    endloop
  endfacet
  facet normal -0.995184726672196 0 0.09801714032957036
    outer loop
      vertex 10.75990809989145 -12 -0.05169893545055688
      vertex 10.765000000596046 12 0
      vertex 10.75990809989145 12 -0.05169893545055688
    endloop
  endfacet
  facet normal -0.995184726672196 0 -0.09801714032957036
    outer loop
      vertex 10.765000000596046 -12 0
      vertex 10.75990809989145 12 0.05169893545055688
      vertex 10.765000000596046 12 0
    endloop
  endfacet
  facet normal -0.9569403357322154 0 -0.2902846772544411
    outer loop
      vertex 10.75990809989145 -12 0.05169893545055688
      vertex 10.744828076666167 12 0.1014111098048459
      vertex 10.75990809989145 12 0.05169893545055688
    endloop
  endfacet
  facet normal -0.8819212643483527 0 -0.4713967368260019
    outer loop
      vertex 10.744828076666167 -12 0.1014111098048459
      vertex 10.72033944775577 12 0.14722611208134023
      vertex 10.744828076666167 12 0.1014111098048459
    endloop
  endfacet
  facet normal -0.09801714032956221 0 -0.9951847266721968
    outer loop
      vertex 10.551698935450556 -12 0.25990809989144964
      vertex 10.5 12 0.26500000059604645
      vertex 10.551698935450556 12 0.25990809989144964
    endloop
  endfacet
  facet normal -0.290284677254454 0 -0.9569403357322114
    outer loop
      vertex 10.601411109804847 -12 0.2448280766661661
      vertex 10.551698935450556 12 0.25990809989144964
      vertex 10.601411109804847 12 0.2448280766661661
    endloop
  endfacet
  facet normal -0.471396736826009 0 -0.8819212643483489
    outer loop
      vertex 10.64722611208134 -12 0.220339447755769
      vertex 10.601411109804847 12 0.2448280766661661
      vertex 10.64722611208134 12 0.220339447755769
    endloop
  endfacet
  facet normal -0.6343932841636355 0 -0.7730104533627451
    outer loop
      vertex 10.687383297435904 -12 0.1873832974359036
      vertex 10.64722611208134 12 0.220339447755769
      vertex 10.687383297435904 12 0.1873832974359036
    endloop
  endfacet
  facet normal -0.7730104533627372 0 -0.6343932841636453
    outer loop
      vertex 10.72033944775577 -12 0.14722611208134023
      vertex 10.687383297435904 12 0.1873832974359036
      vertex 10.72033944775577 12 0.14722611208134023
    endloop
  endfacet
  facet normal 0.9569403357322154 0 0.2902846772544411
    outer loop
      vertex -10.744828076666167 -12 -0.1014111098048459
      vertex -10.744828076666167 12 -0.1014111098048459
      vertex -10.75990809989145 -12 -0.05169893545055688
    endloop
  endfacet
  facet normal 0.8819212643483527 0 0.4713967368260019
    outer loop
      vertex -10.744828076666167 -12 -0.1014111098048459
      vertex -10.72033944775577 -12 -0.14722611208134023
      vertex -10.72033944775577 12 -0.14722611208134023
    endloop
  endfacet
  facet normal 0.7730104533627372 0 0.6343932841636453
    outer loop
      vertex -10.72033944775577 -12 -0.14722611208134023
      vertex -10.687383297435904 -12 -0.1873832974359036
      vertex -10.687383297435904 12 -0.1873832974359036
    endloop
  endfacet
  facet normal 0.995184726672196 0 0.09801714032957036
    outer loop
      vertex -10.75990809989145 -12 -0.05169893545055688
      vertex -10.75990809989145 12 -0.05169893545055688
      vertex -10.765000000596046 -12 0
    endloop
  endfacet
  facet normal 0.995184726672196 0 -0.09801714032957036
    outer loop
      vertex -10.765000000596046 -12 0
      vertex -10.765000000596046 12 0
      vertex -10.75990809989145 -12 0.05169893545055688
    endloop
  endfacet
  facet normal 0.9569403357322154 0 -0.2902846772544411
    outer loop
      vertex -10.75990809989145 -12 0.05169893545055688
      vertex -10.75990809989145 12 0.05169893545055688
      vertex -10.744828076666167 -12 0.1014111098048459
    endloop
  endfacet
  facet normal 0.8819212643483527 0 -0.4713967368260019
    outer loop
      vertex -10.744828076666167 -12 0.1014111098048459
      vertex -10.744828076666167 12 0.1014111098048459
      vertex -10.72033944775577 -12 0.14722611208134023
    endloop
  endfacet
  facet normal 0.6343932841636355 0 0.7730104533627451
    outer loop
      vertex -10.687383297435904 -12 -0.1873832974359036
      vertex -10.64722611208134 -12 -0.220339447755769
      vertex -10.64722611208134 12 -0.220339447755769
    endloop
  endfacet
  facet normal 0.471396736826009 0 0.8819212643483489
    outer loop
      vertex -10.64722611208134 -12 -0.220339447755769
      vertex -10.601411109804847 -12 -0.2448280766661661
      vertex -10.601411109804847 12 -0.2448280766661661
    endloop
  endfacet
  facet normal 0.290284677254454 0 0.9569403357322114
    outer loop
      vertex -10.601411109804847 -12 -0.2448280766661661
      vertex -10.551698935450556 -12 -0.25990809989144964
      vertex -10.551698935450556 12 -0.25990809989144964
    endloop
  endfacet
  facet normal 0.09801714032956221 0 0.9951847266721968
    outer loop
      vertex -10.551698935450556 -12 -0.25990809989144964
      vertex -10.5 -12 -0.26500000059604645
      vertex -10.5 12 -0.26500000059604645
    endloop
  endfacet
  facet normal 0.7730104533627372 0 -0.6343932841636453
    outer loop
      vertex -10.72033944775577 -12 0.14722611208134023
      vertex -10.72033944775577 12 0.14722611208134023
      vertex -10.687383297435904 -12 0.1873832974359036
    endloop
  endfacet
  facet normal 0.6343932841636355 0 -0.7730104533627451
    outer loop
      vertex -10.687383297435904 -12 0.1873832974359036
      vertex -10.687383297435904 12 0.1873832974359036
      vertex -10.64722611208134 -12 0.220339447755769
    endloop
  endfacet
  facet normal 0.471396736826009 0 -0.8819212643483489
    outer loop
      vertex -10.64722611208134 -12 0.220339447755769
      vertex -10.64722611208134 12 0.220339447755769
      vertex -10.601411109804847 -12 0.2448280766661661
    endloop
  endfacet
  facet normal 0.290284677254454 0 -0.9569403357322114
    outer loop
      vertex -10.601411109804847 -12 0.2448280766661661
      vertex -10.601411109804847 12 0.2448280766661661
      vertex -10.551698935450556 -12 0.25990809989144964
    endloop
  endfacet
  facet normal 0.09801714032956221 0 -0.9951847266721968
    outer loop
      vertex -10.551698935450556 -12 0.25990809989144964
      vertex -10.551698935450556 12 0.25990809989144964
      vertex -10.5 -12 0.26500000059604645
    endloop
  endfacet
  facet normal -0.09801714032956221 0 0.9951847266721968
    outer loop
      vertex -10.5 -12 -0.26500000059604645
      vertex -10.448301064549444 -12 -0.25990809989144964
      vertex -10.448301064549444 12 -0.25990809989144964
    endloop
  endfacet
  facet normal -0.290284677254454 0 0.9569403357322114
    outer loop
      vertex -10.448301064549444 -12 -0.25990809989144964
      vertex -10.398588890195153 -12 -0.2448280766661661
      vertex -10.398588890195153 12 -0.2448280766661661
    endloop
  endfacet
  facet normal -0.471396736826009 0 0.8819212643483489
    outer loop
      vertex -10.398588890195153 -12 -0.2448280766661661
      vertex -10.35277388791866 -12 -0.220339447755769
      vertex -10.35277388791866 12 -0.220339447755769
    endloop
  endfacet
  facet normal -0.6343932841636355 0 0.7730104533627451
    outer loop
      vertex -10.35277388791866 -12 -0.220339447755769
      vertex -10.312616702564096 -12 -0.1873832974359036
      vertex -10.312616702564096 12 -0.1873832974359036
    endloop
  endfacet
  facet normal -0.7730104533627372 0 0.6343932841636453
    outer loop
      vertex -10.312616702564096 -12 -0.1873832974359036
      vertex -10.27966055224423 -12 -0.14722611208134023
      vertex -10.27966055224423 12 -0.14722611208134023
    endloop
  endfacet
  facet normal -0.8819212643483527 0 0.4713967368260019
    outer loop
      vertex -10.27966055224423 -12 -0.14722611208134023
      vertex -10.255171923333833 -12 -0.1014111098048459
      vertex -10.255171923333833 12 -0.1014111098048459
    endloop
  endfacet
  facet normal -0.9569403357322154 0 0.2902846772544411
    outer loop
      vertex -10.255171923333833 -12 -0.1014111098048459
      vertex -10.24009190010855 -12 -0.05169893545055688
      vertex -10.24009190010855 12 -0.05169893545055688
    endloop
  endfacet
  facet normal -0.995184726672196 0 0.09801714032957036
    outer loop
      vertex -10.24009190010855 -12 -0.05169893545055688
      vertex -10.234999999403954 -12 0
      vertex -10.234999999403954 12 0
    endloop
  endfacet
  facet normal -0.9569403357322154 0 -0.2902846772544411
    outer loop
      vertex -10.255171923333833 -12 0.1014111098048459
      vertex -10.255171923333833 12 0.1014111098048459
      vertex -10.24009190010855 -12 0.05169893545055688
    endloop
  endfacet
  facet normal -0.995184726672196 0 -0.09801714032957036
    outer loop
      vertex -10.234999999403954 -12 0
      vertex -10.24009190010855 -12 0.05169893545055688
      vertex -10.24009190010855 12 0.05169893545055688
    endloop
  endfacet
  facet normal -0.09801714032956221 0 -0.9951847266721968
    outer loop
      vertex -10.5 -12 0.26500000059604645
      vertex -10.5 12 0.26500000059604645
      vertex -10.448301064549444 -12 0.25990809989144964
    endloop
  endfacet
  facet normal -0.290284677254454 0 -0.9569403357322114
    outer loop
      vertex -10.448301064549444 -12 0.25990809989144964
      vertex -10.448301064549444 12 0.25990809989144964
      vertex -10.398588890195153 -12 0.2448280766661661
    endloop
  endfacet
  facet normal -0.471396736826009 0 -0.8819212643483489
    outer loop
      vertex -10.398588890195153 -12 0.2448280766661661
      vertex -10.398588890195153 12 0.2448280766661661
      vertex -10.35277388791866 -12 0.220339447755769
    endloop
  endfacet
  facet normal -0.6343932841636355 0 -0.7730104533627451
    outer loop
      vertex -10.35277388791866 -12 0.220339447755769
      vertex -10.35277388791866 12 0.220339447755769
      vertex -10.312616702564096 -12 0.1873832974359036
    endloop
  endfacet
  facet normal -0.7730104533627372 0 -0.6343932841636453
    outer loop
      vertex -10.312616702564096 -12 0.1873832974359036
      vertex -10.312616702564096 12 0.1873832974359036
      vertex -10.27966055224423 -12 0.14722611208134023
    endloop
  endfacet
  facet normal -0.8819212643483527 0 -0.4713967368260019
    outer loop
      vertex -10.255171923333833 -12 0.1014111098048459
      vertex -10.27966055224423 -12 0.14722611208134023
      vertex -10.27966055224423 12 0.14722611208134023
    endloop
  endfacet
  facet normal 0.8819212643483527 0 0.4713967368260019
    outer loop
      vertex -10.744828076666167 -12 -0.1014111098048459
      vertex -10.72033944775577 12 -0.14722611208134023
      vertex -10.744828076666167 12 -0.1014111098048459
    endloop
  endfacet
  facet normal 0.7730104533627372 0 0.6343932841636453
    outer loop
      vertex -10.72033944775577 -12 -0.14722611208134023
      vertex -10.687383297435904 12 -0.1873832974359036
      vertex -10.72033944775577 12 -0.14722611208134023
    endloop
  endfacet
  facet normal 0.995184726672196 0 0.09801714032957036
    outer loop
      vertex -10.765000000596046 -12 0
      vertex -10.75990809989145 12 -0.05169893545055688
      vertex -10.765000000596046 12 0
    endloop
  endfacet
  facet normal 0.9569403357322154 0 0.2902846772544411
    outer loop
      vertex -10.75990809989145 -12 -0.05169893545055688
      vertex -10.744828076666167 12 -0.1014111098048459
      vertex -10.75990809989145 12 -0.05169893545055688
    endloop
  endfacet
  facet normal 0.995184726672196 0 -0.09801714032957036
    outer loop
      vertex -10.75990809989145 -12 0.05169893545055688
      vertex -10.765000000596046 12 0
      vertex -10.75990809989145 12 0.05169893545055688
    endloop
  endfacet
  facet normal 0.9569403357322154 0 -0.2902846772544411
    outer loop
      vertex -10.744828076666167 -12 0.1014111098048459
      vertex -10.75990809989145 12 0.05169893545055688
      vertex -10.744828076666167 12 0.1014111098048459
    endloop
  endfacet
  facet normal 0.6343932841636355 0 0.7730104533627451
    outer loop
      vertex -10.687383297435904 -12 -0.1873832974359036
      vertex -10.64722611208134 12 -0.220339447755769
      vertex -10.687383297435904 12 -0.1873832974359036
    endloop
  endfacet
  facet normal 0.471396736826009 0 0.8819212643483489
    outer loop
      vertex -10.64722611208134 -12 -0.220339447755769
      vertex -10.601411109804847 12 -0.2448280766661661
      vertex -10.64722611208134 12 -0.220339447755769
    endloop
  endfacet
  facet normal 0.290284677254454 0 0.9569403357322114
    outer loop
      vertex -10.601411109804847 -12 -0.2448280766661661
      vertex -10.551698935450556 12 -0.25990809989144964
      vertex -10.601411109804847 12 -0.2448280766661661
    endloop
  endfacet
  facet normal 0.09801714032956221 0 0.9951847266721968
    outer loop
      vertex -10.551698935450556 -12 -0.25990809989144964
      vertex -10.5 12 -0.26500000059604645
      vertex -10.551698935450556 12 -0.25990809989144964
    endloop
  endfacet
  facet normal 0.8819212643483527 0 -0.4713967368260019
    outer loop
      vertex -10.72033944775577 -12 0.14722611208134023
      vertex -10.744828076666167 12 0.1014111098048459
      vertex -10.72033944775577 12 0.14722611208134023
    endloop
  endfacet
  facet normal 0.7730104533627372 0 -0.6343932841636453
    outer loop
      vertex -10.687383297435904 -12 0.1873832974359036
      vertex -10.72033944775577 12 0.14722611208134023
      vertex -10.687383297435904 12 0.1873832974359036
    endloop
  endfacet
  facet normal 0.6343932841636355 0 -0.7730104533627451
    outer loop
      vertex -10.64722611208134 -12 0.220339447755769
      vertex -10.687383297435904 12 0.1873832974359036
      vertex -10.64722611208134 12 0.220339447755769
    endloop
  endfacet
  facet normal 0.471396736826009 0 -0.8819212643483489
    outer loop
      vertex -10.601411109804847 -12 0.2448280766661661
      vertex -10.64722611208134 12 0.220339447755769
      vertex -10.601411109804847 12 0.2448280766661661
    endloop
  endfacet
  facet normal 0.290284677254454 0 -0.9569403357322114
    outer loop
      vertex -10.551698935450556 -12 0.25990809989144964
      vertex -10.601411109804847 12 0.2448280766661661
      vertex -10.551698935450556 12 0.25990809989144964
    endloop
  endfacet
  facet normal 0.09801714032956221 0 -0.9951847266721968
    outer loop
      vertex -10.5 -12 0.26500000059604645
      vertex -10.551698935450556 12 0.25990809989144964
      vertex -10.5 12 0.26500000059604645
    endloop
  endfacet
  facet normal -0.09801714032956221 0 0.9951847266721968
    outer loop
      vertex -10.5 -12 -0.26500000059604645
      vertex -10.448301064549444 12 -0.25990809989144964
      vertex -10.5 12 -0.26500000059604645
    endloop
  endfacet
  facet normal -0.290284677254454 0 0.9569403357322114
    outer loop
      vertex -10.448301064549444 -12 -0.25990809989144964
      vertex -10.398588890195153 12 -0.2448280766661661
      vertex -10.448301064549444 12 -0.25990809989144964
    endloop
  endfacet
  facet normal -0.471396736826009 0 0.8819212643483489
    outer loop
      vertex -10.398588890195153 -12 -0.2448280766661661
      vertex -10.35277388791866 12 -0.220339447755769
      vertex -10.398588890195153 12 -0.2448280766661661
    endloop
  endfacet
  facet normal -0.6343932841636355 0 0.7730104533627451
    outer loop
      vertex -10.35277388791866 -12 -0.220339447755769
      vertex -10.312616702564096 12 -0.1873832974359036
      vertex -10.35277388791866 12 -0.220339447755769
    endloop
  endfacet
  facet normal -0.7730104533627372 0 0.6343932841636453
    outer loop
      vertex -10.312616702564096 -12 -0.1873832974359036
      vertex -10.27966055224423 12 -0.14722611208134023
      vertex -10.312616702564096 12 -0.1873832974359036
    endloop
  endfacet
  facet normal -0.8819212643483527 0 0.4713967368260019
    outer loop
      vertex -10.27966055224423 -12 -0.14722611208134023
      vertex -10.255171923333833 12 -0.1014111098048459
      vertex -10.27966055224423 12 -0.14722611208134023
    endloop
  endfacet
  facet normal -0.9569403357322154 0 0.2902846772544411
    outer loop
      vertex -10.255171923333833 -12 -0.1014111098048459
      vertex -10.24009190010855 12 -0.05169893545055688
      vertex -10.255171923333833 12 -0.1014111098048459
    endloop
  endfacet
  facet normal -0.995184726672196 0 0.09801714032957036
    outer loop
      vertex -10.24009190010855 -12 -0.05169893545055688
      vertex -10.234999999403954 12 0
      vertex -10.24009190010855 12 -0.05169893545055688
    endloop
  endfacet
  facet normal -0.995184726672196 0 -0.09801714032957036
    outer loop
      vertex -10.234999999403954 -12 0
      vertex -10.24009190010855 12 0.05169893545055688
      vertex -10.234999999403954 12 0
    endloop
  endfacet
  facet normal -0.9569403357322154 0 -0.2902846772544411
    outer loop
      vertex -10.24009190010855 -12 0.05169893545055688
      vertex -10.255171923333833 12 0.1014111098048459
      vertex -10.24009190010855 12 0.05169893545055688
    endloop
  endfacet
  facet normal -0.8819212643483527 0 -0.4713967368260019
    outer loop
      vertex -10.255171923333833 -12 0.1014111098048459
      vertex -10.27966055224423 12 0.14722611208134023
      vertex -10.255171923333833 12 0.1014111098048459
    endloop
  endfacet
  facet normal -0.09801714032956221 0 -0.9951847266721968
    outer loop
      vertex -10.448301064549444 -12 0.25990809989144964
      vertex -10.5 12 0.26500000059604645
      vertex -10.448301064549444 12 0.25990809989144964
    endloop
  endfacet
  facet normal -0.290284677254454 0 -0.9569403357322114
    outer loop
      vertex -10.398588890195153 -12 0.2448280766661661
      vertex -10.448301064549444 12 0.25990809989144964
      vertex -10.398588890195153 12 0.2448280766661661
    endloop
  endfacet
  facet normal -0.471396736826009 0 -0.8819212643483489
    outer loop
      vertex -10.35277388791866 -12 0.220339447755769
      vertex -10.398588890195153 12 0.2448280766661661
      vertex -10.35277388791866 12 0.220339447755769
    endloop
  endfacet
  facet normal -0.6343932841636355 0 -0.7730104533627451
    outer loop
      vertex -10.312616702564096 -12 0.1873832974359036
      vertex -10.35277388791866 12 0.220339447755769
      vertex -10.312616702564096 12 0.1873832974359036
    endloop
  endfacet
  facet normal -0.7730104533627372 0 -0.6343932841636453
    outer loop
      vertex -10.27966055224423 -12 0.14722611208134023
      vertex -10.312616702564096 12 0.1873832974359036
      vertex -10.27966055224423 12 0.14722611208134023
    endloop
  endfacet
  facet normal 0 0.8819212643483534 0.47139673682600075
    outer loop
      vertex -12 -10.744828076666167 -1.1014111098048458
      vertex 12 -10.744828076666167 -1.1014111098048458
      vertex -12 -10.72033944775577 -1.1472261120813403
    endloop
  endfacet
  facet normal 0 0.7730104533627363 0.6343932841636464
    outer loop
      vertex -12 -10.72033944775577 -1.1472261120813403
      vertex 12 -10.72033944775577 -1.1472261120813403
      vertex -12 -10.687383297435904 -1.1873832974359035
    endloop
  endfacet
  facet normal 0 0.995184726672196 0.09801714032957048
    outer loop
      vertex -12 -10.75990809989145 -1.0516989354505568
      vertex -12 -10.765000000596046 -1
      vertex 12 -10.765000000596046 -1
    endloop
  endfacet
  facet normal 0 0.9569403357322152 0.2902846772544413
    outer loop
      vertex -12 -10.744828076666167 -1.1014111098048458
      vertex -12 -10.75990809989145 -1.0516989354505568
      vertex 12 -10.75990809989145 -1.0516989354505568
    endloop
  endfacet
  facet normal 0 0.995184726672196 -0.09801714032957028
    outer loop
      vertex -12 -10.765000000596046 -1
      vertex -12 -10.75990809989145 -0.9483010645494431
      vertex 12 -10.75990809989145 -0.9483010645494431
    endloop
  endfacet
  facet normal 0 0.9569403357322152 -0.2902846772544413
    outer loop
      vertex -12 -10.75990809989145 -0.9483010645494431
      vertex -12 -10.744828076666167 -0.8985888901951541
      vertex 12 -10.744828076666167 -0.8985888901951541
    endloop
  endfacet
  facet normal 0 0.8819212643483528 -0.4713967368260016
    outer loop
      vertex -12 -10.744828076666167 -0.8985888901951541
      vertex -12 -10.72033944775577 -0.8527738879186597
      vertex 12 -10.72033944775577 -0.8527738879186597
    endloop
  endfacet
  facet normal 0 0.7730104533627363 -0.6343932841636464
    outer loop
      vertex -12 -10.72033944775577 -0.8527738879186597
      vertex -12 -10.687383297435904 -0.8126167025640965
      vertex 12 -10.687383297435904 -0.8126167025640965
    endloop
  endfacet
  facet normal 0 0.6343932841636358 0.7730104533627449
    outer loop
      vertex -12 -10.64722611208134 -1.220339447755769
      vertex -12 -10.687383297435904 -1.1873832974359035
      vertex 12 -10.687383297435904 -1.1873832974359035
    endloop
  endfacet
  facet normal 0 0.47139673682600985 0.8819212643483485
    outer loop
      vertex -12 -10.64722611208134 -1.220339447755769
      vertex 12 -10.64722611208134 -1.220339447755769
      vertex -12 -10.601411109804847 -1.2448280766661661
    endloop
  endfacet
  facet normal 0 0.29028467725445256 0.9569403357322118
    outer loop
      vertex -12 -10.601411109804847 -1.2448280766661661
      vertex 12 -10.601411109804847 -1.2448280766661661
      vertex -12 -10.551698935450556 -1.2599080998914496
    endloop
  endfacet
  facet normal 0 0.09801714032956327 0.9951847266721966
    outer loop
      vertex -12 -10.551698935450556 -1.2599080998914496
      vertex 12 -10.551698935450556 -1.2599080998914496
      vertex -12 -10.5 -1.2650000005960464
    endloop
  endfacet
  facet normal 0 0.6343932841636358 -0.7730104533627449
    outer loop
      vertex -12 -10.687383297435904 -0.8126167025640965
      vertex -12 -10.64722611208134 -0.779660552244231
      vertex 12 -10.64722611208134 -0.779660552244231
    endloop
  endfacet
  facet normal 0 0.47139673682600985 -0.8819212643483485
    outer loop
      vertex -12 -10.64722611208134 -0.779660552244231
      vertex -12 -10.601411109804847 -0.7551719233338339
      vertex 12 -10.601411109804847 -0.7551719233338339
    endloop
  endfacet
  facet normal 0 0.29028467725445256 -0.9569403357322118
    outer loop
      vertex -12 -10.601411109804847 -0.7551719233338339
      vertex -12 -10.551698935450556 -0.7400919001085504
      vertex 12 -10.551698935450556 -0.7400919001085504
    endloop
  endfacet
  facet normal 0 0.09801714032956327 -0.9951847266721966
    outer loop
      vertex -12 -10.551698935450556 -0.7400919001085504
      vertex -12 -10.5 -0.7349999994039536
      vertex 12 -10.5 -0.7349999994039536
    endloop
  endfacet
  facet normal 0 -0.09801714032956327 0.9951847266721966
    outer loop
      vertex -12 -10.5 -1.2650000005960464
      vertex 12 -10.5 -1.2650000005960464
      vertex -12 -10.448301064549444 -1.2599080998914496
    endloop
  endfacet
  facet normal 0 -0.29028467725445256 0.9569403357322118
    outer loop
      vertex -12 -10.448301064549444 -1.2599080998914496
      vertex 12 -10.448301064549444 -1.2599080998914496
      vertex -12 -10.398588890195153 -1.2448280766661661
    endloop
  endfacet
  facet normal 0 -0.47139673682600985 0.8819212643483485
    outer loop
      vertex -12 -10.398588890195153 -1.2448280766661661
      vertex 12 -10.398588890195153 -1.2448280766661661
      vertex -12 -10.35277388791866 -1.220339447755769
    endloop
  endfacet
  facet normal 0 -0.6343932841636358 0.7730104533627449
    outer loop
      vertex -12 -10.35277388791866 -1.220339447755769
      vertex 12 -10.35277388791866 -1.220339447755769
      vertex -12 -10.312616702564096 -1.1873832974359035
    endloop
  endfacet
  facet normal 0 -0.09801714032956327 -0.9951847266721966
    outer loop
      vertex -12 -10.5 -0.7349999994039536
      vertex -12 -10.448301064549444 -0.7400919001085504
      vertex 12 -10.448301064549444 -0.7400919001085504
    endloop
  endfacet
  facet normal 0 -0.29028467725445256 -0.9569403357322118
    outer loop
      vertex -12 -10.448301064549444 -0.7400919001085504
      vertex -12 -10.398588890195153 -0.7551719233338339
      vertex 12 -10.398588890195153 -0.7551719233338339
    endloop
  endfacet
  facet normal 0 -0.47139673682600985 -0.8819212643483485
    outer loop
      vertex -12 -10.398588890195153 -0.7551719233338339
      vertex -12 -10.35277388791866 -0.779660552244231
      vertex 12 -10.35277388791866 -0.779660552244231
    endloop
  endfacet
  facet normal 0 -0.6343932841636358 -0.7730104533627449
    outer loop
      vertex -12 -10.312616702564096 -0.8126167025640965
      vertex 12 -10.312616702564096 -0.8126167025640965
      vertex -12 -10.35277388791866 -0.779660552244231
    endloop
  endfacet
  facet normal 0 -0.7730104533627363 0.6343932841636464
    outer loop
      vertex -12 -10.312616702564096 -1.1873832974359035
      vertex 12 -10.312616702564096 -1.1873832974359035
      vertex -12 -10.27966055224423 -1.1472261120813403
    endloop
  endfacet
  facet normal 0 -0.8819212643483534 0.47139673682600075
    outer loop
      vertex -12 -10.27966055224423 -1.1472261120813403
      vertex 12 -10.27966055224423 -1.1472261120813403
      vertex -12 -10.255171923333833 -1.1014111098048458
    endloop
  endfacet
  facet normal 0 -0.9569403357322152 0.2902846772544413
    outer loop
      vertex -12 -10.255171923333833 -1.1014111098048458
      vertex 12 -10.255171923333833 -1.1014111098048458
      vertex -12 -10.24009190010855 -1.0516989354505568
    endloop
  endfacet
  facet normal 0 -0.995184726672196 0.09801714032957048
    outer loop
      vertex -12 -10.24009190010855 -1.0516989354505568
      vertex 12 -10.24009190010855 -1.0516989354505568
      vertex -12 -10.234999999403954 -1
    endloop
  endfacet
  facet normal 0 -0.9569403357322152 -0.2902846772544413
    outer loop
      vertex -12 -10.255171923333833 -0.8985888901951541
      vertex -12 -10.24009190010855 -0.9483010645494431
      vertex 12 -10.24009190010855 -0.9483010645494431
    endloop
  endfacet
  facet normal 0 -0.995184726672196 -0.09801714032957028
    outer loop
      vertex -12 -10.234999999403954 -1
      vertex 12 -10.234999999403954 -1
      vertex -12 -10.24009190010855 -0.9483010645494431
    endloop
  endfacet
  facet normal 0 -0.7730104533627363 -0.6343932841636464
    outer loop
      vertex -12 -10.312616702564096 -0.8126167025640965
      vertex -12 -10.27966055224423 -0.8527738879186597
      vertex 12 -10.27966055224423 -0.8527738879186597
    endloop
  endfacet
  facet normal 0 -0.8819212643483528 -0.4713967368260016
    outer loop
      vertex -12 -10.255171923333833 -0.8985888901951541
      vertex 12 -10.255171923333833 -0.8985888901951541
      vertex -12 -10.27966055224423 -0.8527738879186597
    endloop
  endfacet
  facet normal 0 0.8819212643483534 0.47139673682600075
    outer loop
      vertex -12 -10.72033944775577 -1.1472261120813403
      vertex 12 -10.744828076666167 -1.1014111098048458
      vertex 12 -10.72033944775577 -1.1472261120813403
    endloop
  endfacet
  facet normal 0 0.7730104533627363 0.6343932841636464
    outer loop
      vertex -12 -10.687383297435904 -1.1873832974359035
      vertex 12 -10.72033944775577 -1.1472261120813403
      vertex 12 -10.687383297435904 -1.1873832974359035
    endloop
  endfacet
  facet normal 0 0.995184726672196 0.09801714032957048
    outer loop
      vertex -12 -10.75990809989145 -1.0516989354505568
      vertex 12 -10.765000000596046 -1
      vertex 12 -10.75990809989145 -1.0516989354505568
    endloop
  endfacet
  facet normal 0 0.9569403357322152 0.2902846772544413
    outer loop
      vertex -12 -10.744828076666167 -1.1014111098048458
      vertex 12 -10.75990809989145 -1.0516989354505568
      vertex 12 -10.744828076666167 -1.1014111098048458
    endloop
  endfacet
  facet normal 0 0.995184726672196 -0.09801714032957028
    outer loop
      vertex -12 -10.765000000596046 -1
      vertex 12 -10.75990809989145 -0.9483010645494431
      vertex 12 -10.765000000596046 -1
    endloop
  endfacet
  facet normal 0 0.9569403357322152 -0.2902846772544413
    outer loop
      vertex -12 -10.75990809989145 -0.9483010645494431
      vertex 12 -10.744828076666167 -0.8985888901951541
      vertex 12 -10.75990809989145 -0.9483010645494431
    endloop
  endfacet
  facet normal 0 0.8819212643483528 -0.4713967368260016
    outer loop
      vertex -12 -10.744828076666167 -0.8985888901951541
      vertex 12 -10.72033944775577 -0.8527738879186597
      vertex 12 -10.744828076666167 -0.8985888901951541
    endloop
  endfacet
  facet normal 0 0.7730104533627363 -0.6343932841636464
    outer loop
      vertex -12 -10.72033944775577 -0.8527738879186597
      vertex 12 -10.687383297435904 -0.8126167025640965
      vertex 12 -10.72033944775577 -0.8527738879186597
    endloop
  endfacet
  facet normal 0 0.6343932841636358 0.7730104533627449
    outer loop
      vertex -12 -10.64722611208134 -1.220339447755769
      vertex 12 -10.687383297435904 -1.1873832974359035
      vertex 12 -10.64722611208134 -1.220339447755769
    endloop
  endfacet
  facet normal 0 0.47139673682600985 0.8819212643483485
    outer loop
      vertex -12 -10.601411109804847 -1.2448280766661661
      vertex 12 -10.64722611208134 -1.220339447755769
      vertex 12 -10.601411109804847 -1.2448280766661661
    endloop
  endfacet
  facet normal 0 0.29028467725445256 0.9569403357322118
    outer loop
      vertex -12 -10.551698935450556 -1.2599080998914496
      vertex 12 -10.601411109804847 -1.2448280766661661
      vertex 12 -10.551698935450556 -1.2599080998914496
    endloop
  endfacet
  facet normal 0 0.09801714032956327 0.9951847266721966
    outer loop
      vertex -12 -10.5 -1.2650000005960464
      vertex 12 -10.551698935450556 -1.2599080998914496
      vertex 12 -10.5 -1.2650000005960464
    endloop
  endfacet
  facet normal 0 0.6343932841636358 -0.7730104533627449
    outer loop
      vertex -12 -10.687383297435904 -0.8126167025640965
      vertex 12 -10.64722611208134 -0.779660552244231
      vertex 12 -10.687383297435904 -0.8126167025640965
    endloop
  endfacet
  facet normal 0 0.47139673682600985 -0.8819212643483485
    outer loop
      vertex -12 -10.64722611208134 -0.779660552244231
      vertex 12 -10.601411109804847 -0.7551719233338339
      vertex 12 -10.64722611208134 -0.779660552244231
    endloop
  endfacet
  facet normal 0 0.29028467725445256 -0.9569403357322118
    outer loop
      vertex -12 -10.601411109804847 -0.7551719233338339
      vertex 12 -10.551698935450556 -0.7400919001085504
      vertex 12 -10.601411109804847 -0.7551719233338339
    endloop
  endfacet
  facet normal 0 0.09801714032956327 -0.9951847266721966
    outer loop
      vertex -12 -10.551698935450556 -0.7400919001085504
      vertex 12 -10.5 -0.7349999994039536
      vertex 12 -10.551698935450556 -0.7400919001085504
    endloop
  endfacet
  facet normal 0 -0.09801714032956327 0.9951847266721966
    outer loop
      vertex -12 -10.448301064549444 -1.2599080998914496
      vertex 12 -10.5 -1.2650000005960464
      vertex 12 -10.448301064549444 -1.2599080998914496
    endloop
  endfacet
  facet normal 0 -0.29028467725445256 0.9569403357322118
    outer loop
      vertex -12 -10.398588890195153 -1.2448280766661661
      vertex 12 -10.448301064549444 -1.2599080998914496
      vertex 12 -10.398588890195153 -1.2448280766661661
    endloop
  endfacet
  facet normal 0 -0.47139673682600985 0.8819212643483485
    outer loop
      vertex -12 -10.35277388791866 -1.220339447755769
      vertex 12 -10.398588890195153 -1.2448280766661661
      vertex 12 -10.35277388791866 -1.220339447755769
    endloop
  endfacet
  facet normal 0 -0.6343932841636358 0.7730104533627449
    outer loop
      vertex -12 -10.312616702564096 -1.1873832974359035
      vertex 12 -10.35277388791866 -1.220339447755769
      vertex 12 -10.312616702564096 -1.1873832974359035
    endloop
  endfacet
  facet normal 0 -0.09801714032956327 -0.9951847266721966
    outer loop
      vertex -12 -10.5 -0.7349999994039536
      vertex 12 -10.448301064549444 -0.7400919001085504
      vertex 12 -10.5 -0.7349999994039536
    endloop
  endfacet
  facet normal 0 -0.29028467725445256 -0.9569403357322118
    outer loop
      vertex -12 -10.448301064549444 -0.7400919001085504
      vertex 12 -10.398588890195153 -0.7551719233338339
      vertex 12 -10.448301064549444 -0.7400919001085504
    endloop
  endfacet
  facet normal 0 -0.47139673682600985 -0.8819212643483485
    outer loop
      vertex -12 -10.398588890195153 -0.7551719233338339
      vertex 12 -10.35277388791866 -0.779660552244231
      vertex 12 -10.398588890195153 -0.7551719233338339
    endloop
  endfacet
  facet normal 0 -0.6343932841636358 -0.7730104533627449
    outer loop
      vertex -12 -10.35277388791866 -0.779660552244231
      vertex 12 -10.312616702564096 -0.8126167025640965
      vertex 12 -10.35277388791866 -0.779660552244231
    endloop
  endfacet
  facet normal 0 -0.7730104533627363 0.6343932841636464
    outer loop
      vertex -12 -10.27966055224423 -1.1472261120813403
      vertex 12 -10.312616702564096 -1.1873832974359035
      vertex 12 -10.27966055224423 -1.1472261120813403
    endloop
  endfacet
  facet normal 0 -0.8819212643483534 0.47139673682600075
    outer loop
      vertex -12 -10.255171923333833 -1.1014111098048458
      vertex 12 -10.27966055224423 -1.1472261120813403
      vertex 12 -10.255171923333833 -1.1014111098048458
    endloop
  endfacet
  facet normal 0 -0.9569403357322152 0.2902846772544413
    outer loop
      vertex -12 -10.24009190010855 -1.0516989354505568
      vertex 12 -10.255171923333833 -1.1014111098048458
      vertex 12 -10.24009190010855 -1.0516989354505568
    endloop
  endfacet
  facet normal 0 -0.995184726672196 0.09801714032957048
    outer loop
      vertex -12 -10.234999999403954 -1
      vertex 12 -10.24009190010855 -1.0516989354505568
      vertex 12 -10.234999999403954 -1
    endloop
  endfacet
  facet normal 0 -0.9569403357322152 -0.2902846772544413
    outer loop
      vertex -12 -10.255171923333833 -0.8985888901951541
      vertex 12 -10.24009190010855 -0.9483010645494431
      vertex 12 -10.255171923333833 -0.8985888901951541
    endloop
  endfacet
  facet normal 0 -0.995184726672196 -0.09801714032957028
    outer loop
      vertex -12 -10.24009190010855 -0.9483010645494431
      vertex 12 -10.234999999403954 -1
      vertex 12 -10.24009190010855 -0.9483010645494431
    endloop
  endfacet
  facet normal 0 -0.7730104533627363 -0.6343932841636464
    outer loop
      vertex -12 -10.312616702564096 -0.8126167025640965
      vertex 12 -10.27966055224423 -0.8527738879186597
      vertex 12 -10.312616702564096 -0.8126167025640965
    endloop
  endfacet
  facet normal 0 -0.8819212643483528 -0.4713967368260016
    outer loop
      vertex -12 -10.27966055224423 -0.8527738879186597
      vertex 12 -10.255171923333833 -0.8985888901951541
      vertex 12 -10.27966055224423 -0.8527738879186597
    endloop
  endfacet
  facet normal 0 0.8819212643483534 0.47139673682600075
    outer loop
      vertex -12 10.255171923333833 -1.1014111098048458
      vertex 12 10.255171923333833 -1.1014111098048458
      vertex -12 10.27966055224423 -1.1472261120813403
    endloop
  endfacet
  facet normal 0 0.7730104533627363 0.6343932841636464
    outer loop
      vertex -12 10.27966055224423 -1.1472261120813403
      vertex 12 10.27966055224423 -1.1472261120813403
      vertex -12 10.312616702564096 -1.1873832974359035
    endloop
  endfacet
  facet normal 0 0.995184726672196 0.09801714032957048
    outer loop
      vertex -12 10.24009190010855 -1.0516989354505568
      vertex -12 10.234999999403954 -1
      vertex 12 10.234999999403954 -1
    endloop
  endfacet
  facet normal 0 0.9569403357322152 0.2902846772544413
    outer loop
      vertex -12 10.255171923333833 -1.1014111098048458
      vertex -12 10.24009190010855 -1.0516989354505568
      vertex 12 10.24009190010855 -1.0516989354505568
    endloop
  endfacet
  facet normal 0 0.995184726672196 -0.09801714032957028
    outer loop
      vertex -12 10.234999999403954 -1
      vertex -12 10.24009190010855 -0.9483010645494431
      vertex 12 10.24009190010855 -0.9483010645494431
    endloop
  endfacet
  facet normal 0 0.9569403357322152 -0.2902846772544413
    outer loop
      vertex -12 10.24009190010855 -0.9483010645494431
      vertex -12 10.255171923333833 -0.8985888901951541
      vertex 12 10.255171923333833 -0.8985888901951541
    endloop
  endfacet
  facet normal 0 0.8819212643483528 -0.4713967368260016
    outer loop
      vertex -12 10.255171923333833 -0.8985888901951541
      vertex -12 10.27966055224423 -0.8527738879186597
      vertex 12 10.27966055224423 -0.8527738879186597
    endloop
  endfacet
  facet normal 0 0.7730104533627363 -0.6343932841636464
    outer loop
      vertex -12 10.27966055224423 -0.8527738879186597
      vertex -12 10.312616702564096 -0.8126167025640965
      vertex 12 10.312616702564096 -0.8126167025640965
    endloop
  endfacet
  facet normal 0 0.6343932841636358 0.7730104533627449
    outer loop
      vertex -12 10.35277388791866 -1.220339447755769
      vertex -12 10.312616702564096 -1.1873832974359035
      vertex 12 10.312616702564096 -1.1873832974359035
    endloop
  endfacet
  facet normal 0 0.47139673682600985 0.8819212643483485
    outer loop
      vertex -12 10.35277388791866 -1.220339447755769
      vertex 12 10.35277388791866 -1.220339447755769
      vertex -12 10.398588890195153 -1.2448280766661661
    endloop
  endfacet
  facet normal 0 0.29028467725445256 0.9569403357322118
    outer loop
      vertex -12 10.398588890195153 -1.2448280766661661
      vertex 12 10.398588890195153 -1.2448280766661661
      vertex -12 10.448301064549444 -1.2599080998914496
    endloop
  endfacet
  facet normal 0 0.09801714032956327 0.9951847266721966
    outer loop
      vertex -12 10.448301064549444 -1.2599080998914496
      vertex 12 10.448301064549444 -1.2599080998914496
      vertex -12 10.5 -1.2650000005960464
    endloop
  endfacet
  facet normal 0 0.6343932841636358 -0.7730104533627449
    outer loop
      vertex -12 10.312616702564096 -0.8126167025640965
      vertex -12 10.35277388791866 -0.779660552244231
      vertex 12 10.35277388791866 -0.779660552244231
    endloop
  endfacet
  facet normal 0 0.47139673682600985 -0.8819212643483485
    outer loop
      vertex -12 10.35277388791866 -0.779660552244231
      vertex -12 10.398588890195153 -0.7551719233338339
      vertex 12 10.398588890195153 -0.7551719233338339
    endloop
  endfacet
  facet normal 0 0.29028467725445256 -0.9569403357322118
    outer loop
      vertex -12 10.398588890195153 -0.7551719233338339
      vertex -12 10.448301064549444 -0.7400919001085504
      vertex 12 10.448301064549444 -0.7400919001085504
    endloop
  endfacet
  facet normal 0 0.09801714032956327 -0.9951847266721966
    outer loop
      vertex -12 10.448301064549444 -0.7400919001085504
      vertex -12 10.5 -0.7349999994039536
      vertex 12 10.5 -0.7349999994039536
    endloop
  endfacet
  facet normal 0 -0.09801714032956327 0.9951847266721966
    outer loop
      vertex -12 10.5 -1.2650000005960464
      vertex 12 10.5 -1.2650000005960464
      vertex -12 10.551698935450556 -1.2599080998914496
    endloop
  endfacet
  facet normal 0 -0.29028467725445256 0.9569403357322118
    outer loop
      vertex -12 10.551698935450556 -1.2599080998914496
      vertex 12 10.551698935450556 -1.2599080998914496
      vertex -12 10.601411109804847 -1.2448280766661661
    endloop
  endfacet
  facet normal 0 -0.47139673682600985 0.8819212643483485
    outer loop
      vertex -12 10.601411109804847 -1.2448280766661661
      vertex 12 10.601411109804847 -1.2448280766661661
      vertex -12 10.64722611208134 -1.220339447755769
    endloop
  endfacet
  facet normal 0 -0.6343932841636358 0.7730104533627449
    outer loop
      vertex -12 10.64722611208134 -1.220339447755769
      vertex 12 10.64722611208134 -1.220339447755769
      vertex -12 10.687383297435904 -1.1873832974359035
    endloop
  endfacet
  facet normal 0 -0.09801714032956327 -0.9951847266721966
    outer loop
      vertex -12 10.5 -0.7349999994039536
      vertex -12 10.551698935450556 -0.7400919001085504
      vertex 12 10.551698935450556 -0.7400919001085504
    endloop
  endfacet
  facet normal 0 -0.29028467725445256 -0.9569403357322118
    outer loop
      vertex -12 10.551698935450556 -0.7400919001085504
      vertex -12 10.601411109804847 -0.7551719233338339
      vertex 12 10.601411109804847 -0.7551719233338339
    endloop
  endfacet
  facet normal 0 -0.47139673682600985 -0.8819212643483485
    outer loop
      vertex -12 10.601411109804847 -0.7551719233338339
      vertex -12 10.64722611208134 -0.779660552244231
      vertex 12 10.64722611208134 -0.779660552244231
    endloop
  endfacet
  facet normal 0 -0.6343932841636358 -0.7730104533627449
    outer loop
      vertex -12 10.687383297435904 -0.8126167025640965
      vertex 12 10.687383297435904 -0.8126167025640965
      vertex -12 10.64722611208134 -0.779660552244231
    endloop
  endfacet
  facet normal 0 -0.7730104533627363 0.6343932841636464
    outer loop
      vertex -12 10.687383297435904 -1.1873832974359035
      vertex 12 10.687383297435904 -1.1873832974359035
      vertex -12 10.72033944775577 -1.1472261120813403
    endloop
  endfacet
  facet normal 0 -0.8819212643483534 0.47139673682600075
    outer loop
      vertex -12 10.72033944775577 -1.1472261120813403
      vertex 12 10.72033944775577 -1.1472261120813403
      vertex -12 10.744828076666167 -1.1014111098048458
    endloop
  endfacet
  facet normal 0 -0.9569403357322152 0.2902846772544413
    outer loop
      vertex -12 10.744828076666167 -1.1014111098048458
      vertex 12 10.744828076666167 -1.1014111098048458
      vertex -12 10.75990809989145 -1.0516989354505568
    endloop
  endfacet
  facet normal 0 -0.995184726672196 0.09801714032957048
    outer loop
      vertex -12 10.75990809989145 -1.0516989354505568
      vertex 12 10.75990809989145 -1.0516989354505568
      vertex -12 10.765000000596046 -1
    endloop
  endfacet
  facet normal 0 -0.9569403357322152 -0.2902846772544413
    outer loop
      vertex -12 10.744828076666167 -0.8985888901951541
      vertex -12 10.75990809989145 -0.9483010645494431
      vertex 12 10.75990809989145 -0.9483010645494431
    endloop
  endfacet
  facet normal 0 -0.995184726672196 -0.09801714032957028
    outer loop
      vertex -12 10.765000000596046 -1
      vertex 12 10.765000000596046 -1
      vertex -12 10.75990809989145 -0.9483010645494431
    endloop
  endfacet
  facet normal 0 -0.7730104533627363 -0.6343932841636464
    outer loop
      vertex -12 10.687383297435904 -0.8126167025640965
      vertex -12 10.72033944775577 -0.8527738879186597
      vertex 12 10.72033944775577 -0.8527738879186597
    endloop
  endfacet
  facet normal 0 -0.8819212643483528 -0.4713967368260016
    outer loop
      vertex -12 10.744828076666167 -0.8985888901951541
      vertex 12 10.744828076666167 -0.8985888901951541
      vertex -12 10.72033944775577 -0.8527738879186597
    endloop
  endfacet
  facet normal 0 0.8819212643483534 0.47139673682600075
    outer loop
      vertex -12 10.27966055224423 -1.1472261120813403
      vertex 12 10.255171923333833 -1.1014111098048458
      vertex 12 10.27966055224423 -1.1472261120813403
    endloop
  endfacet
  facet normal 0 0.7730104533627363 0.6343932841636464
    outer loop
      vertex -12 10.312616702564096 -1.1873832974359035
      vertex 12 10.27966055224423 -1.1472261120813403
      vertex 12 10.312616702564096 -1.1873832974359035
    endloop
  endfacet
  facet normal 0 0.995184726672196 0.09801714032957048
    outer loop
      vertex -12 10.24009190010855 -1.0516989354505568
      vertex 12 10.234999999403954 -1
      vertex 12 10.24009190010855 -1.0516989354505568
    endloop
  endfacet
  facet normal 0 0.9569403357322152 0.2902846772544413
    outer loop
      vertex -12 10.255171923333833 -1.1014111098048458
      vertex 12 10.24009190010855 -1.0516989354505568
      vertex 12 10.255171923333833 -1.1014111098048458
    endloop
  endfacet
  facet normal 0 0.995184726672196 -0.09801714032957028
    outer loop
      vertex -12 10.234999999403954 -1
      vertex 12 10.24009190010855 -0.9483010645494431
      vertex 12 10.234999999403954 -1
    endloop
  endfacet
  facet normal 0 0.9569403357322152 -0.2902846772544413
    outer loop
      vertex -12 10.24009190010855 -0.9483010645494431
      vertex 12 10.255171923333833 -0.8985888901951541
      vertex 12 10.24009190010855 -0.9483010645494431
    endloop
  endfacet
  facet normal 0 0.8819212643483528 -0.4713967368260016
    outer loop
      vertex -12 10.255171923333833 -0.8985888901951541
      vertex 12 10.27966055224423 -0.8527738879186597
      vertex 12 10.255171923333833 -0.8985888901951541
    endloop
  endfacet
  facet normal 0 0.7730104533627363 -0.6343932841636464
    outer loop
      vertex -12 10.27966055224423 -0.8527738879186597
      vertex 12 10.312616702564096 -0.8126167025640965
      vertex 12 10.27966055224423 -0.8527738879186597
    endloop
  endfacet
  facet normal 0 0.6343932841636358 0.7730104533627449
    outer loop
      vertex -12 10.35277388791866 -1.220339447755769
      vertex 12 10.312616702564096 -1.1873832974359035
      vertex 12 10.35277388791866 -1.220339447755769
    endloop
  endfacet
  facet normal 0 0.47139673682600985 0.8819212643483485
    outer loop
      vertex -12 10.398588890195153 -1.2448280766661661
      vertex 12 10.35277388791866 -1.220339447755769
      vertex 12 10.398588890195153 -1.2448280766661661
    endloop
  endfacet
  facet normal 0 0.29028467725445256 0.9569403357322118
    outer loop
      vertex -12 10.448301064549444 -1.2599080998914496
      vertex 12 10.398588890195153 -1.2448280766661661
      vertex 12 10.448301064549444 -1.2599080998914496
    endloop
  endfacet
  facet normal 0 0.09801714032956327 0.9951847266721966
    outer loop
      vertex -12 10.5 -1.2650000005960464
      vertex 12 10.448301064549444 -1.2599080998914496
      vertex 12 10.5 -1.2650000005960464
    endloop
  endfacet
  facet normal 0 0.6343932841636358 -0.7730104533627449
    outer loop
      vertex -12 10.312616702564096 -0.8126167025640965
      vertex 12 10.35277388791866 -0.779660552244231
      vertex 12 10.312616702564096 -0.8126167025640965
    endloop
  endfacet
  facet normal 0 0.47139673682600985 -0.8819212643483485
    outer loop
      vertex -12 10.35277388791866 -0.779660552244231
      vertex 12 10.398588890195153 -0.7551719233338339
      vertex 12 10.35277388791866 -0.779660552244231
    endloop
  endfacet
  facet normal 0 0.29028467725445256 -0.9569403357322118
    outer loop
      vertex -12 10.398588890195153 -0.7551719233338339
      vertex 12 10.448301064549444 -0.7400919001085504
      vertex 12 10.398588890195153 -0.7551719233338339
    endloop
  endfacet
  facet normal 0 0.09801714032956327 -0.9951847266721966
    outer loop
      vertex -12 10.448301064549444 -0.7400919001085504
      vertex 12 10.5 -0.7349999994039536
      vertex 12 10.448301064549444 -0.7400919001085504
    endloop
  endfacet
  facet normal 0 -0.09801714032956327 0.9951847266721966
    outer loop
      vertex -12 10.551698935450556 -1.2599080998914496
      vertex 12 10.5 -1.2650000005960464
      vertex 12 10.551698935450556 -1.2599080998914496
    endloop
  endfacet
  facet normal 0 -0.29028467725445256 0.9569403357322118
    outer loop
      vertex -12 10.601411109804847 -1.2448280766661661
      vertex 12 10.551698935450556 -1.2599080998914496
      vertex 12 10.601411109804847 -1.2448280766661661
    endloop
  endfacet
  facet normal 0 -0.47139673682600985 0.8819212643483485
    outer loop
      vertex -12 10.64722611208134 -1.220339447755769
      vertex 12 10.601411109804847 -1.2448280766661661
      vertex 12 10.64722611208134 -1.220339447755769
    endloop
  endfacet
  facet normal 0 -0.6343932841636358 0.7730104533627449
    outer loop
      vertex -12 10.687383297435904 -1.1873832974359035
      vertex 12 10.64722611208134 -1.220339447755769
      vertex 12 10.687383297435904 -1.1873832974359035
    endloop
  endfacet
  facet normal 0 -0.09801714032956327 -0.9951847266721966
    outer loop
      vertex -12 10.5 -0.7349999994039536
      vertex 12 10.551698935450556 -0.7400919001085504
      vertex 12 10.5 -0.7349999994039536
    endloop
  endfacet
  facet normal 0 -0.29028467725445256 -0.9569403357322118
    outer loop
      vertex -12 10.551698935450556 -0.7400919001085504
      vertex 12 10.601411109804847 -0.7551719233338339
      vertex 12 10.551698935450556 -0.7400919001085504
    endloop
  endfacet
  facet normal 0 -0.47139673682600985 -0.8819212643483485
    outer loop
      vertex -12 10.601411109804847 -0.7551719233338339
      vertex 12 10.64722611208134 -0.779660552244231
      vertex 12 10.601411109804847 -0.7551719233338339
    endloop
  endfacet
  facet normal 0 -0.6343932841636358 -0.7730104533627449
    outer loop
      vertex -12 10.64722611208134 -0.779660552244231
      vertex 12 10.687383297435904 -0.8126167025640965
      vertex 12 10.64722611208134 -0.779660552244231
    endloop
  endfacet
  facet normal 0 -0.7730104533627363 0.6343932841636464
    outer loop
      vertex -12 10.72033944775577 -1.1472261120813403
      vertex 12 10.687383297435904 -1.1873832974359035
      vertex 12 10.72033944775577 -1.1472261120813403
    endloop
  endfacet
  facet normal 0 -0.8819212643483534 0.47139673682600075
    outer loop
      vertex -12 10.744828076666167 -1.1014111098048458
      vertex 12 10.72033944775577 -1.1472261120813403
      vertex 12 10.744828076666167 -1.1014111098048458
    endloop
  endfacet
  facet normal 0 -0.9569403357322152 0.2902846772544413
    outer loop
      vertex -12 10.75990809989145 -1.0516989354505568
      vertex 12 10.744828076666167 -1.1014111098048458
      vertex 12 10.75990809989145 -1.0516989354505568
    endloop
  endfacet
  facet normal 0 -0.995184726672196 0.09801714032957048
    outer loop
      vertex -12 10.765000000596046 -1
      vertex 12 10.75990809989145 -1.0516989354505568
      vertex 12 10.765000000596046 -1
    endloop
  endfacet
  facet normal 0 -0.9569403357322152 -0.2902846772544413
    outer loop
      vertex -12 10.744828076666167 -0.8985888901951541
      vertex 12 10.75990809989145 -0.9483010645494431
      vertex 12 10.744828076666167 -0.8985888901951541
    endloop
  endfacet
  facet normal 0 -0.995184726672196 -0.09801714032957028
    outer loop
      vertex -12 10.75990809989145 -0.9483010645494431
      vertex 12 10.765000000596046 -1
      vertex 12 10.75990809989145 -0.9483010645494431
    endloop
  endfacet
  facet normal 0 -0.7730104533627363 -0.6343932841636464
    outer loop
      vertex -12 10.687383297435904 -0.8126167025640965
      vertex 12 10.72033944775577 -0.8527738879186597
      vertex 12 10.687383297435904 -0.8126167025640965
    endloop
  endfacet
  facet normal 0 -0.8819212643483528 -0.4713967368260016
    outer loop
      vertex -12 10.72033944775577 -0.8527738879186597
      vertex 12 10.744828076666167 -0.8985888901951541
      vertex 12 10.72033944775577 -0.8527738879186597
    endloop
  endfacet
  facet normal 0.8819212643483544 0 0.47139673682599903
    outer loop
      vertex 10.255171923333833 -12 24.898588890195153
      vertex 10.27966055224423 -12 24.85277388791866
      vertex 10.27966055224423 12 24.85277388791866
    endloop
  endfacet
  facet normal 0.7730104533627312 0 0.6343932841636527
    outer loop
      vertex 10.27966055224423 -12 24.85277388791866
      vertex 10.312616702564096 -12 24.812616702564096
      vertex 10.312616702564096 12 24.812616702564096
    endloop
  endfacet
  facet normal 0.9951847266721957 0 0.09801714032957172
    outer loop
      vertex 10.24009190010855 -12 24.948301064549444
      vertex 10.24009190010855 12 24.948301064549444
      vertex 10.234999999403954 -12 25
    endloop
  endfacet
  facet normal 0.9569403357322177 0 0.29028467725443297
    outer loop
      vertex 10.255171923333833 -12 24.898588890195153
      vertex 10.255171923333833 12 24.898588890195153
      vertex 10.24009190010855 -12 24.948301064549444
    endloop
  endfacet
  facet normal 0.9951847266721957 0 -0.09801714032957172
    outer loop
      vertex 10.234999999403954 -12 25
      vertex 10.234999999403954 12 25
      vertex 10.24009190010855 -12 25.051698935450556
    endloop
  endfacet
  facet normal 0.9569403357322177 0 -0.29028467725443297
    outer loop
      vertex 10.24009190010855 -12 25.051698935450556
      vertex 10.24009190010855 12 25.051698935450556
      vertex 10.255171923333833 -12 25.101411109804847
    endloop
  endfacet
  facet normal 0.8819212643483544 0 -0.47139673682599903
    outer loop
      vertex 10.255171923333833 -12 25.101411109804847
      vertex 10.255171923333833 12 25.101411109804847
      vertex 10.27966055224423 -12 25.14722611208134
    endloop
  endfacet
  facet normal 0.7730104533627312 0 -0.6343932841636527
    outer loop
      vertex 10.27966055224423 -12 25.14722611208134
      vertex 10.27966055224423 12 25.14722611208134
      vertex 10.312616702564096 -12 25.187383297435904
    endloop
  endfacet
  facet normal 0.6343932841636358 0 0.7730104533627449
    outer loop
      vertex 10.35277388791866 -12 24.77966055224423
      vertex 10.35277388791866 12 24.77966055224423
      vertex 10.312616702564096 -12 24.812616702564096
    endloop
  endfacet
  facet normal 0.4713967368260132 0 0.8819212643483467
    outer loop
      vertex 10.35277388791866 -12 24.77966055224423
      vertex 10.398588890195153 -12 24.755171923333833
      vertex 10.398588890195153 12 24.755171923333833
    endloop
  endfacet
  facet normal 0.29028467725446433 0 0.9569403357322083
    outer loop
      vertex 10.398588890195153 -12 24.755171923333833
      vertex 10.448301064549444 -12 24.74009190010855
      vertex 10.448301064549444 12 24.74009190010855
    endloop
  endfacet
  facet normal 0.09801714032953786 0 0.9951847266721991
    outer loop
      vertex 10.448301064549444 -12 24.74009190010855
      vertex 10.5 -12 24.734999999403954
      vertex 10.5 12 24.734999999403954
    endloop
  endfacet
  facet normal 0.6343932841636358 0 -0.7730104533627449
    outer loop
      vertex 10.312616702564096 -12 25.187383297435904
      vertex 10.312616702564096 12 25.187383297435904
      vertex 10.35277388791866 -12 25.22033944775577
    endloop
  endfacet
  facet normal 0.4713967368260132 0 -0.8819212643483467
    outer loop
      vertex 10.35277388791866 -12 25.22033944775577
      vertex 10.35277388791866 12 25.22033944775577
      vertex 10.398588890195153 -12 25.244828076666167
    endloop
  endfacet
  facet normal 0.29028467725446433 0 -0.9569403357322083
    outer loop
      vertex 10.398588890195153 -12 25.244828076666167
      vertex 10.398588890195153 12 25.244828076666167
      vertex 10.448301064549444 -12 25.25990809989145
    endloop
  endfacet
  facet normal 0.09801714032953786 0 -0.9951847266721991
    outer loop
      vertex 10.448301064549444 -12 25.25990809989145
      vertex 10.448301064549444 12 25.25990809989145
      vertex 10.5 -12 25.265000000596046
    endloop
  endfacet
  facet normal -0.09801714032953786 0 0.9951847266721991
    outer loop
      vertex 10.5 -12 24.734999999403954
      vertex 10.551698935450556 -12 24.74009190010855
      vertex 10.551698935450556 12 24.74009190010855
    endloop
  endfacet
  facet normal -0.29028467725446433 0 0.9569403357322083
    outer loop
      vertex 10.551698935450556 -12 24.74009190010855
      vertex 10.601411109804847 -12 24.755171923333833
      vertex 10.601411109804847 12 24.755171923333833
    endloop
  endfacet
  facet normal -0.4713967368260132 0 0.8819212643483467
    outer loop
      vertex 10.601411109804847 -12 24.755171923333833
      vertex 10.64722611208134 -12 24.77966055224423
      vertex 10.64722611208134 12 24.77966055224423
    endloop
  endfacet
  facet normal -0.6343932841636358 0 0.7730104533627449
    outer loop
      vertex 10.64722611208134 -12 24.77966055224423
      vertex 10.687383297435904 -12 24.812616702564096
      vertex 10.687383297435904 12 24.812616702564096
    endloop
  endfacet
  facet normal -0.09801714032953786 0 -0.9951847266721991
    outer loop
      vertex 10.5 -12 25.265000000596046
      vertex 10.5 12 25.265000000596046
      vertex 10.551698935450556 -12 25.25990809989145
    endloop
  endfacet
  facet normal -0.29028467725446433 0 -0.9569403357322083
    outer loop
      vertex 10.551698935450556 -12 25.25990809989145
      vertex 10.551698935450556 12 25.25990809989145
      vertex 10.601411109804847 -12 25.244828076666167
    endloop
  endfacet
  facet normal -0.4713967368260132 0 -0.8819212643483467
    outer loop
      vertex 10.601411109804847 -12 25.244828076666167
      vertex 10.601411109804847 12 25.244828076666167
      vertex 10.64722611208134 -12 25.22033944775577
    endloop
  endfacet
  facet normal -0.6343932841636358 0 -0.7730104533627449
    outer loop
      vertex 10.687383297435904 -12 25.187383297435904
      vertex 10.64722611208134 -12 25.22033944775577
      vertex 10.64722611208134 12 25.22033944775577
    endloop
  endfacet
  facet normal -0.7730104533627312 0 0.6343932841636527
    outer loop
      vertex 10.687383297435904 -12 24.812616702564096
      vertex 10.72033944775577 -12 24.85277388791866
      vertex 10.72033944775577 12 24.85277388791866
    endloop
  endfacet
  facet normal -0.8819212643483544 0 0.47139673682599903
    outer loop
      vertex 10.72033944775577 -12 24.85277388791866
      vertex 10.744828076666167 -12 24.898588890195153
      vertex 10.744828076666167 12 24.898588890195153
    endloop
  endfacet
  facet normal -0.9569403357322177 0 0.29028467725443297
    outer loop
      vertex 10.744828076666167 -12 24.898588890195153
      vertex 10.75990809989145 -12 24.948301064549444
      vertex 10.75990809989145 12 24.948301064549444
    endloop
  endfacet
  facet normal -0.9951847266721957 0 0.09801714032957172
    outer loop
      vertex 10.75990809989145 -12 24.948301064549444
      vertex 10.765000000596046 -12 25
      vertex 10.765000000596046 12 25
    endloop
  endfacet
  facet normal -0.9569403357322177 0 -0.29028467725443297
    outer loop
      vertex 10.744828076666167 -12 25.101411109804847
      vertex 10.744828076666167 12 25.101411109804847
      vertex 10.75990809989145 -12 25.051698935450556
    endloop
  endfacet
  facet normal -0.9951847266721957 0 -0.09801714032957172
    outer loop
      vertex 10.765000000596046 -12 25
      vertex 10.75990809989145 -12 25.051698935450556
      vertex 10.75990809989145 12 25.051698935450556
    endloop
  endfacet
  facet normal -0.7730104533627312 0 -0.6343932841636527
    outer loop
      vertex 10.687383297435904 -12 25.187383297435904
      vertex 10.687383297435904 12 25.187383297435904
      vertex 10.72033944775577 -12 25.14722611208134
    endloop
  endfacet
  facet normal -0.8819212643483544 0 -0.47139673682599903
    outer loop
      vertex 10.744828076666167 -12 25.101411109804847
      vertex 10.72033944775577 -12 25.14722611208134
      vertex 10.72033944775577 12 25.14722611208134
    endloop
  endfacet
  facet normal 0.8819212643483544 0 0.47139673682599903
    outer loop
      vertex 10.255171923333833 -12 24.898588890195153
      vertex 10.27966055224423 12 24.85277388791866
      vertex 10.255171923333833 12 24.898588890195153
    endloop
  endfacet
  facet normal 0.7730104533627312 0 0.6343932841636527
    outer loop
      vertex 10.27966055224423 -12 24.85277388791866
      vertex 10.312616702564096 12 24.812616702564096
      vertex 10.27966055224423 12 24.85277388791866
    endloop
  endfacet
  facet normal 0.9951847266721957 0 0.09801714032957172
    outer loop
      vertex 10.234999999403954 -12 25
      vertex 10.24009190010855 12 24.948301064549444
      vertex 10.234999999403954 12 25
    endloop
  endfacet
  facet normal 0.9569403357322177 0 0.29028467725443297
    outer loop
      vertex 10.24009190010855 -12 24.948301064549444
      vertex 10.255171923333833 12 24.898588890195153
      vertex 10.24009190010855 12 24.948301064549444
    endloop
  endfacet
  facet normal 0.9951847266721957 0 -0.09801714032957172
    outer loop
      vertex 10.24009190010855 -12 25.051698935450556
      vertex 10.234999999403954 12 25
      vertex 10.24009190010855 12 25.051698935450556
    endloop
  endfacet
  facet normal 0.9569403357322177 0 -0.29028467725443297
    outer loop
      vertex 10.255171923333833 -12 25.101411109804847
      vertex 10.24009190010855 12 25.051698935450556
      vertex 10.255171923333833 12 25.101411109804847
    endloop
  endfacet
  facet normal 0.8819212643483544 0 -0.47139673682599903
    outer loop
      vertex 10.27966055224423 -12 25.14722611208134
      vertex 10.255171923333833 12 25.101411109804847
      vertex 10.27966055224423 12 25.14722611208134
    endloop
  endfacet
  facet normal 0.7730104533627312 0 -0.6343932841636527
    outer loop
      vertex 10.312616702564096 -12 25.187383297435904
      vertex 10.27966055224423 12 25.14722611208134
      vertex 10.312616702564096 12 25.187383297435904
    endloop
  endfacet
  facet normal 0.6343932841636358 0 0.7730104533627449
    outer loop
      vertex 10.312616702564096 -12 24.812616702564096
      vertex 10.35277388791866 12 24.77966055224423
      vertex 10.312616702564096 12 24.812616702564096
    endloop
  endfacet
  facet normal 0.4713967368260132 0 0.8819212643483467
    outer loop
      vertex 10.35277388791866 -12 24.77966055224423
      vertex 10.398588890195153 12 24.755171923333833
      vertex 10.35277388791866 12 24.77966055224423
    endloop
  endfacet
  facet normal 0.29028467725446433 0 0.9569403357322083
    outer loop
      vertex 10.398588890195153 -12 24.755171923333833
      vertex 10.448301064549444 12 24.74009190010855
      vertex 10.398588890195153 12 24.755171923333833
    endloop
  endfacet
  facet normal 0.09801714032953786 0 0.9951847266721991
    outer loop
      vertex 10.448301064549444 -12 24.74009190010855
      vertex 10.5 12 24.734999999403954
      vertex 10.448301064549444 12 24.74009190010855
    endloop
  endfacet
  facet normal 0.6343932841636358 0 -0.7730104533627449
    outer loop
      vertex 10.35277388791866 -12 25.22033944775577
      vertex 10.312616702564096 12 25.187383297435904
      vertex 10.35277388791866 12 25.22033944775577
    endloop
  endfacet
  facet normal 0.4713967368260132 0 -0.8819212643483467
    outer loop
      vertex 10.398588890195153 -12 25.244828076666167
      vertex 10.35277388791866 12 25.22033944775577
      vertex 10.398588890195153 12 25.244828076666167
    endloop
  endfacet
  facet normal 0.29028467725446433 0 -0.9569403357322083
    outer loop
      vertex 10.448301064549444 -12 25.25990809989145
      vertex 10.398588890195153 12 25.244828076666167
      vertex 10.448301064549444 12 25.25990809989145
    endloop
  endfacet
  facet normal 0.09801714032953786 0 -0.9951847266721991
    outer loop
      vertex 10.5 -12 25.265000000596046
      vertex 10.448301064549444 12 25.25990809989145
      vertex 10.5 12 25.265000000596046
    endloop
  endfacet
  facet normal -0.09801714032953786 0 0.9951847266721991
    outer loop
      vertex 10.5 -12 24.734999999403954
      vertex 10.551698935450556 12 24.74009190010855
      vertex 10.5 12 24.734999999403954
    endloop
  endfacet
  facet normal -0.29028467725446433 0 0.9569403357322083
    outer loop
      vertex 10.551698935450556 -12 24.74009190010855
      vertex 10.601411109804847 12 24.755171923333833
      vertex 10.551698935450556 12 24.74009190010855
    endloop
  endfacet
  facet normal -0.4713967368260132 0 0.8819212643483467
    outer loop
      vertex 10.601411109804847 -12 24.755171923333833
      vertex 10.64722611208134 12 24.77966055224423
      vertex 10.601411109804847 12 24.755171923333833
    endloop
  endfacet
  facet normal -0.6343932841636358 0 0.7730104533627449
    outer loop
      vertex 10.64722611208134 -12 24.77966055224423
      vertex 10.687383297435904 12 24.812616702564096
      vertex 10.64722611208134 12 24.77966055224423
    endloop
  endfacet
  facet normal -0.09801714032953786 0 -0.9951847266721991
    outer loop
      vertex 10.551698935450556 -12 25.25990809989145
      vertex 10.5 12 25.265000000596046
      vertex 10.551698935450556 12 25.25990809989145
    endloop
  endfacet
  facet normal -0.29028467725446433 0 -0.9569403357322083
    outer loop
      vertex 10.601411109804847 -12 25.244828076666167
      vertex 10.551698935450556 12 25.25990809989145
      vertex 10.601411109804847 12 25.244828076666167
    endloop
  endfacet
  facet normal -0.4713967368260132 0 -0.8819212643483467
    outer loop
      vertex 10.64722611208134 -12 25.22033944775577
      vertex 10.601411109804847 12 25.244828076666167
      vertex 10.64722611208134 12 25.22033944775577
    endloop
  endfacet
  facet normal -0.6343932841636358 0 -0.7730104533627449
    outer loop
      vertex 10.687383297435904 -12 25.187383297435904
      vertex 10.64722611208134 12 25.22033944775577
      vertex 10.687383297435904 12 25.187383297435904
    endloop
  endfacet
  facet normal -0.7730104533627312 0 0.6343932841636527
    outer loop
      vertex 10.687383297435904 -12 24.812616702564096
      vertex 10.72033944775577 12 24.85277388791866
      vertex 10.687383297435904 12 24.812616702564096
    endloop
  endfacet
  facet normal -0.8819212643483544 0 0.47139673682599903
    outer loop
      vertex 10.72033944775577 -12 24.85277388791866
      vertex 10.744828076666167 12 24.898588890195153
      vertex 10.72033944775577 12 24.85277388791866
    endloop
  endfacet
  facet normal -0.9569403357322177 0 0.29028467725443297
    outer loop
      vertex 10.744828076666167 -12 24.898588890195153
      vertex 10.75990809989145 12 24.948301064549444
      vertex 10.744828076666167 12 24.898588890195153
    endloop
  endfacet
  facet normal -0.9951847266721957 0 0.09801714032957172
    outer loop
      vertex 10.75990809989145 -12 24.948301064549444
      vertex 10.765000000596046 12 25
      vertex 10.75990809989145 12 24.948301064549444
    endloop
  endfacet
  facet normal -0.9569403357322177 0 -0.29028467725443297
    outer loop
      vertex 10.75990809989145 -12 25.051698935450556
      vertex 10.744828076666167 12 25.101411109804847
      vertex 10.75990809989145 12 25.051698935450556
    endloop
  endfacet
  facet normal -0.9951847266721957 0 -0.09801714032957172
    outer loop
      vertex 10.765000000596046 -12 25
      vertex 10.75990809989145 12 25.051698935450556
      vertex 10.765000000596046 12 25
    endloop
  endfacet
  facet normal -0.7730104533627312 0 -0.6343932841636527
    outer loop
      vertex 10.72033944775577 -12 25.14722611208134
      vertex 10.687383297435904 12 25.187383297435904
      vertex 10.72033944775577 12 25.14722611208134
    endloop
  endfacet
  facet normal -0.8819212643483544 0 -0.47139673682599903
    outer loop
      vertex 10.744828076666167 -12 25.101411109804847
      vertex 10.72033944775577 12 25.14722611208134
      vertex 10.744828076666167 12 25.101411109804847
    endloop
  endfacet
  facet normal 0.8819212643483544 0 0.47139673682599903
    outer loop
      vertex -10.744828076666167 -12 24.898588890195153
      vertex -10.72033944775577 -12 24.85277388791866
      vertex -10.72033944775577 12 24.85277388791866
    endloop
  endfacet
  facet normal 0.7730104533627312 0 0.6343932841636527
    outer loop
      vertex -10.72033944775577 -12 24.85277388791866
      vertex -10.687383297435904 -12 24.812616702564096
      vertex -10.687383297435904 12 24.812616702564096
    endloop
  endfacet
  facet normal 0.9951847266721957 0 0.09801714032957172
    outer loop
      vertex -10.75990809989145 -12 24.948301064549444
      vertex -10.75990809989145 12 24.948301064549444
      vertex -10.765000000596046 -12 25
    endloop
  endfacet
  facet normal 0.9569403357322177 0 0.29028467725443297
    outer loop
      vertex -10.744828076666167 -12 24.898588890195153
      vertex -10.744828076666167 12 24.898588890195153
      vertex -10.75990809989145 -12 24.948301064549444
    endloop
  endfacet
  facet normal 0.9951847266721957 0 -0.09801714032957172
    outer loop
      vertex -10.765000000596046 -12 25
      vertex -10.765000000596046 12 25
      vertex -10.75990809989145 -12 25.051698935450556
    endloop
  endfacet
  facet normal 0.9569403357322177 0 -0.29028467725443297
    outer loop
      vertex -10.75990809989145 -12 25.051698935450556
      vertex -10.75990809989145 12 25.051698935450556
      vertex -10.744828076666167 -12 25.101411109804847
    endloop
  endfacet
  facet normal 0.8819212643483544 0 -0.47139673682599903
    outer loop
      vertex -10.744828076666167 -12 25.101411109804847
      vertex -10.744828076666167 12 25.101411109804847
      vertex -10.72033944775577 -12 25.14722611208134
    endloop
  endfacet
  facet normal 0.7730104533627312 0 -0.6343932841636527
    outer loop
      vertex -10.72033944775577 -12 25.14722611208134
      vertex -10.72033944775577 12 25.14722611208134
      vertex -10.687383297435904 -12 25.187383297435904
    endloop
  endfacet
  facet normal 0.6343932841636358 0 0.7730104533627449
    outer loop
      vertex -10.64722611208134 -12 24.77966055224423
      vertex -10.64722611208134 12 24.77966055224423
      vertex -10.687383297435904 -12 24.812616702564096
    endloop
  endfacet
  facet normal 0.4713967368260132 0 0.8819212643483467
    outer loop
      vertex -10.64722611208134 -12 24.77966055224423
      vertex -10.601411109804847 -12 24.755171923333833
      vertex -10.601411109804847 12 24.755171923333833
    endloop
  endfacet
  facet normal 0.29028467725446433 0 0.9569403357322083
    outer loop
      vertex -10.601411109804847 -12 24.755171923333833
      vertex -10.551698935450556 -12 24.74009190010855
      vertex -10.551698935450556 12 24.74009190010855
    endloop
  endfacet
  facet normal 0.09801714032953786 0 0.9951847266721991
    outer loop
      vertex -10.551698935450556 -12 24.74009190010855
      vertex -10.5 -12 24.734999999403954
      vertex -10.5 12 24.734999999403954
    endloop
  endfacet
  facet normal 0.6343932841636358 0 -0.7730104533627449
    outer loop
      vertex -10.687383297435904 -12 25.187383297435904
      vertex -10.687383297435904 12 25.187383297435904
      vertex -10.64722611208134 -12 25.22033944775577
    endloop
  endfacet
  facet normal 0.4713967368260132 0 -0.8819212643483467
    outer loop
      vertex -10.64722611208134 -12 25.22033944775577
      vertex -10.64722611208134 12 25.22033944775577
      vertex -10.601411109804847 -12 25.244828076666167
    endloop
  endfacet
  facet normal 0.29028467725446433 0 -0.9569403357322083
    outer loop
      vertex -10.601411109804847 -12 25.244828076666167
      vertex -10.601411109804847 12 25.244828076666167
      vertex -10.551698935450556 -12 25.25990809989145
    endloop
  endfacet
  facet normal 0.09801714032953786 0 -0.9951847266721991
    outer loop
      vertex -10.551698935450556 -12 25.25990809989145
      vertex -10.551698935450556 12 25.25990809989145
      vertex -10.5 -12 25.265000000596046
    endloop
  endfacet
  facet normal -0.09801714032953786 0 0.9951847266721991
    outer loop
      vertex -10.5 -12 24.734999999403954
      vertex -10.448301064549444 -12 24.74009190010855
      vertex -10.448301064549444 12 24.74009190010855
    endloop
  endfacet
  facet normal -0.29028467725446433 0 0.9569403357322083
    outer loop
      vertex -10.448301064549444 -12 24.74009190010855
      vertex -10.398588890195153 -12 24.755171923333833
      vertex -10.398588890195153 12 24.755171923333833
    endloop
  endfacet
  facet normal -0.4713967368260132 0 0.8819212643483467
    outer loop
      vertex -10.398588890195153 -12 24.755171923333833
      vertex -10.35277388791866 -12 24.77966055224423
      vertex -10.35277388791866 12 24.77966055224423
    endloop
  endfacet
  facet normal -0.6343932841636358 0 0.7730104533627449
    outer loop
      vertex -10.35277388791866 -12 24.77966055224423
      vertex -10.312616702564096 -12 24.812616702564096
      vertex -10.312616702564096 12 24.812616702564096
    endloop
  endfacet
  facet normal -0.09801714032953786 0 -0.9951847266721991
    outer loop
      vertex -10.5 -12 25.265000000596046
      vertex -10.5 12 25.265000000596046
      vertex -10.448301064549444 -12 25.25990809989145
    endloop
  endfacet
  facet normal -0.29028467725446433 0 -0.9569403357322083
    outer loop
      vertex -10.448301064549444 -12 25.25990809989145
      vertex -10.448301064549444 12 25.25990809989145
      vertex -10.398588890195153 -12 25.244828076666167
    endloop
  endfacet
  facet normal -0.4713967368260132 0 -0.8819212643483467
    outer loop
      vertex -10.398588890195153 -12 25.244828076666167
      vertex -10.398588890195153 12 25.244828076666167
      vertex -10.35277388791866 -12 25.22033944775577
    endloop
  endfacet
  facet normal -0.6343932841636358 0 -0.7730104533627449
    outer loop
      vertex -10.312616702564096 -12 25.187383297435904
      vertex -10.35277388791866 -12 25.22033944775577
      vertex -10.35277388791866 12 25.22033944775577
    endloop
  endfacet
  facet normal -0.7730104533627312 0 0.6343932841636527
    outer loop
      vertex -10.312616702564096 -12 24.812616702564096
      vertex -10.27966055224423 -12 24.85277388791866
      vertex -10.27966055224423 12 24.85277388791866
    endloop
  endfacet
  facet normal -0.8819212643483544 0 0.47139673682599903
    outer loop
      vertex -10.27966055224423 -12 24.85277388791866
      vertex -10.255171923333833 -12 24.898588890195153
      vertex -10.255171923333833 12 24.898588890195153
    endloop
  endfacet
  facet normal -0.9569403357322177 0 0.29028467725443297
    outer loop
      vertex -10.255171923333833 -12 24.898588890195153
      vertex -10.24009190010855 -12 24.948301064549444
      vertex -10.24009190010855 12 24.948301064549444
    endloop
  endfacet
  facet normal -0.9951847266721957 0 0.09801714032957172
    outer loop
      vertex -10.24009190010855 -12 24.948301064549444
      vertex -10.234999999403954 -12 25
      vertex -10.234999999403954 12 25
    endloop
  endfacet
  facet normal -0.9569403357322177 0 -0.29028467725443297
    outer loop
      vertex -10.255171923333833 -12 25.101411109804847
      vertex -10.255171923333833 12 25.101411109804847
      vertex -10.24009190010855 -12 25.051698935450556
    endloop
  endfacet
  facet normal -0.9951847266721957 0 -0.09801714032957172
    outer loop
      vertex -10.234999999403954 -12 25
      vertex -10.24009190010855 -12 25.051698935450556
      vertex -10.24009190010855 12 25.051698935450556
    endloop
  endfacet
  facet normal -0.7730104533627312 0 -0.6343932841636527
    outer loop
      vertex -10.312616702564096 -12 25.187383297435904
      vertex -10.312616702564096 12 25.187383297435904
      vertex -10.27966055224423 -12 25.14722611208134
    endloop
  endfacet
  facet normal -0.8819212643483544 0 -0.47139673682599903
    outer loop
      vertex -10.255171923333833 -12 25.101411109804847
      vertex -10.27966055224423 -12 25.14722611208134
      vertex -10.27966055224423 12 25.14722611208134
    endloop
  endfacet
  facet normal 0.8819212643483544 0 0.47139673682599903
    outer loop
      vertex -10.744828076666167 -12 24.898588890195153
      vertex -10.72033944775577 12 24.85277388791866
      vertex -10.744828076666167 12 24.898588890195153
    endloop
  endfacet
  facet normal 0.7730104533627312 0 0.6343932841636527
    outer loop
      vertex -10.72033944775577 -12 24.85277388791866
      vertex -10.687383297435904 12 24.812616702564096
      vertex -10.72033944775577 12 24.85277388791866
    endloop
  endfacet
  facet normal 0.9951847266721957 0 0.09801714032957172
    outer loop
      vertex -10.765000000596046 -12 25
      vertex -10.75990809989145 12 24.948301064549444
      vertex -10.765000000596046 12 25
    endloop
  endfacet
  facet normal 0.9569403357322177 0 0.29028467725443297
    outer loop
      vertex -10.75990809989145 -12 24.948301064549444
      vertex -10.744828076666167 12 24.898588890195153
      vertex -10.75990809989145 12 24.948301064549444
    endloop
  endfacet
  facet normal 0.9951847266721957 0 -0.09801714032957172
    outer loop
      vertex -10.75990809989145 -12 25.051698935450556
      vertex -10.765000000596046 12 25
      vertex -10.75990809989145 12 25.051698935450556
    endloop
  endfacet
  facet normal 0.9569403357322177 0 -0.29028467725443297
    outer loop
      vertex -10.744828076666167 -12 25.101411109804847
      vertex -10.75990809989145 12 25.051698935450556
      vertex -10.744828076666167 12 25.101411109804847
    endloop
  endfacet
  facet normal 0.8819212643483544 0 -0.47139673682599903
    outer loop
      vertex -10.72033944775577 -12 25.14722611208134
      vertex -10.744828076666167 12 25.101411109804847
      vertex -10.72033944775577 12 25.14722611208134
    endloop
  endfacet
  facet normal 0.7730104533627312 0 -0.6343932841636527
    outer loop
      vertex -10.687383297435904 -12 25.187383297435904
      vertex -10.72033944775577 12 25.14722611208134
      vertex -10.687383297435904 12 25.187383297435904
    endloop
  endfacet
  facet normal 0.6343932841636358 0 0.7730104533627449
    outer loop
      vertex -10.687383297435904 -12 24.812616702564096
      vertex -10.64722611208134 12 24.77966055224423
      vertex -10.687383297435904 12 24.812616702564096
    endloop
  endfacet
  facet normal 0.4713967368260132 0 0.8819212643483467
    outer loop
      vertex -10.64722611208134 -12 24.77966055224423
      vertex -10.601411109804847 12 24.755171923333833
      vertex -10.64722611208134 12 24.77966055224423
    endloop
  endfacet
  facet normal 0.29028467725446433 0 0.9569403357322083
    outer loop
      vertex -10.601411109804847 -12 24.755171923333833
      vertex -10.551698935450556 12 24.74009190010855
      vertex -10.601411109804847 12 24.755171923333833
    endloop
  endfacet
  facet normal 0.09801714032953786 0 0.9951847266721991
    outer loop
      vertex -10.551698935450556 -12 24.74009190010855
      vertex -10.5 12 24.734999999403954
      vertex -10.551698935450556 12 24.74009190010855
    endloop
  endfacet
  facet normal 0.6343932841636358 0 -0.7730104533627449
    outer loop
      vertex -10.64722611208134 -12 25.22033944775577
      vertex -10.687383297435904 12 25.187383297435904
      vertex -10.64722611208134 12 25.22033944775577
    endloop
  endfacet
  facet normal 0.4713967368260132 0 -0.8819212643483467
    outer loop
      vertex -10.601411109804847 -12 25.244828076666167
      vertex -10.64722611208134 12 25.22033944775577
      vertex -10.601411109804847 12 25.244828076666167
    endloop
  endfacet
  facet normal 0.29028467725446433 0 -0.9569403357322083
    outer loop
      vertex -10.551698935450556 -12 25.25990809989145
      vertex -10.601411109804847 12 25.244828076666167
      vertex -10.551698935450556 12 25.25990809989145
    endloop
  endfacet
  facet normal 0.09801714032953786 0 -0.9951847266721991
    outer loop
      vertex -10.5 -12 25.265000000596046
      vertex -10.551698935450556 12 25.25990809989145
      vertex -10.5 12 25.265000000596046
    endloop
  endfacet
  facet normal -0.09801714032953786 0 0.9951847266721991
    outer loop
      vertex -10.5 -12 24.734999999403954
      vertex -10.448301064549444 12 24.74009190010855
      vertex -10.5 12 24.734999999403954
    endloop
  endfacet
  facet normal -0.29028467725446433 0 0.9569403357322083
    outer loop
      vertex -10.448301064549444 -12 24.74009190010855
      vertex -10.398588890195153 12 24.755171923333833
      vertex -10.448301064549444 12 24.74009190010855
    endloop
  endfacet
  facet normal -0.4713967368260132 0 0.8819212643483467
    outer loop
      vertex -10.398588890195153 -12 24.755171923333833
      vertex -10.35277388791866 12 24.77966055224423
      vertex -10.398588890195153 12 24.755171923333833
    endloop
  endfacet
  facet normal -0.6343932841636358 0 0.7730104533627449
    outer loop
      vertex -10.35277388791866 -12 24.77966055224423
      vertex -10.312616702564096 12 24.812616702564096
      vertex -10.35277388791866 12 24.77966055224423
    endloop
  endfacet
  facet normal -0.09801714032953786 0 -0.9951847266721991
    outer loop
      vertex -10.448301064549444 -12 25.25990809989145
      vertex -10.5 12 25.265000000596046
      vertex -10.448301064549444 12 25.25990809989145
    endloop
  endfacet
  facet normal -0.29028467725446433 0 -0.9569403357322083
    outer loop
      vertex -10.398588890195153 -12 25.244828076666167
      vertex -10.448301064549444 12 25.25990809989145
      vertex -10.398588890195153 12 25.244828076666167
    endloop
  endfacet
  facet normal -0.4713967368260132 0 -0.8819212643483467
    outer loop
      vertex -10.35277388791866 -12 25.22033944775577
      vertex -10.398588890195153 12 25.244828076666167
      vertex -10.35277388791866 12 25.22033944775577
    endloop
  endfacet
  facet normal -0.6343932841636358 0 -0.7730104533627449
    outer loop
      vertex -10.312616702564096 -12 25.187383297435904
      vertex -10.35277388791866 12 25.22033944775577
      vertex -10.312616702564096 12 25.187383297435904
    endloop
  endfacet
  facet normal -0.7730104533627312 0 0.6343932841636527
    outer loop
      vertex -10.312616702564096 -12 24.812616702564096
      vertex -10.27966055224423 12 24.85277388791866
      vertex -10.312616702564096 12 24.812616702564096
    endloop
  endfacet
  facet normal -0.8819212643483544 0 0.47139673682599903
    outer loop
      vertex -10.27966055224423 -12 24.85277388791866
      vertex -10.255171923333833 12 24.898588890195153
      vertex -10.27966055224423 12 24.85277388791866
    endloop
  endfacet
  facet normal -0.9569403357322177 0 0.29028467725443297
    outer loop
      vertex -10.255171923333833 -12 24.898588890195153
      vertex -10.24009190010855 12 24.948301064549444
      vertex -10.255171923333833 12 24.898588890195153
    endloop
  endfacet
  facet normal -0.9951847266721957 0 0.09801714032957172
    outer loop
      vertex -10.24009190010855 -12 24.948301064549444
      vertex -10.234999999403954 12 25
      vertex -10.24009190010855 12 24.948301064549444
    endloop
  endfacet
  facet normal -0.9569403357322177 0 -0.29028467725443297
    outer loop
      vertex -10.24009190010855 -12 25.051698935450556
      vertex -10.255171923333833 12 25.101411109804847
      vertex -10.24009190010855 12 25.051698935450556
    endloop
  endfacet
  facet normal -0.9951847266721957 0 -0.09801714032957172
    outer loop
      vertex -10.234999999403954 -12 25
      vertex -10.24009190010855 12 25.051698935450556
      vertex -10.234999999403954 12 25
    endloop
  endfacet
  facet normal -0.7730104533627312 0 -0.6343932841636527
    outer loop
      vertex -10.27966055224423 -12 25.14722611208134
      vertex -10.312616702564096 12 25.187383297435904
      vertex -10.27966055224423 12 25.14722611208134
    endloop
  endfacet
  facet normal -0.8819212643483544 0 -0.47139673682599903
    outer loop
      vertex -10.255171923333833 -12 25.101411109804847
      vertex -10.27966055224423 12 25.14722611208134
      vertex -10.255171923333833 12 25.101411109804847
    endloop
  endfacet
  facet normal 0 0.8819212643483544 0.47139673682599903
    outer loop
      vertex -12 -10.72033944775577 23.85277388791866
      vertex -12 -10.744828076666167 23.898588890195153
      vertex 12 -10.744828076666167 23.898588890195153
    endloop
  endfacet
  facet normal 0 0.7730104533627312 0.6343932841636527
    outer loop
      vertex -12 -10.72033944775577 23.85277388791866
      vertex 12 -10.72033944775577 23.85277388791866
      vertex -12 -10.687383297435904 23.812616702564096
    endloop
  endfacet
  facet normal 0 0.9951847266721957 0.09801714032957172
    outer loop
      vertex -12 -10.75990809989145 23.948301064549444
      vertex -12 -10.765000000596046 24
      vertex 12 -10.765000000596046 24
    endloop
  endfacet
  facet normal 0 0.9569403357322177 0.29028467725443297
    outer loop
      vertex -12 -10.75990809989145 23.948301064549444
      vertex 12 -10.75990809989145 23.948301064549444
      vertex -12 -10.744828076666167 23.898588890195153
    endloop
  endfacet
  facet normal 0 0.9951847266721957 -0.09801714032957172
    outer loop
      vertex -12 -10.765000000596046 24
      vertex -12 -10.75990809989145 24.051698935450556
      vertex 12 -10.75990809989145 24.051698935450556
    endloop
  endfacet
  facet normal 0 0.9569403357322177 -0.29028467725443297
    outer loop
      vertex -12 -10.75990809989145 24.051698935450556
      vertex -12 -10.744828076666167 24.101411109804847
      vertex 12 -10.744828076666167 24.101411109804847
    endloop
  endfacet
  facet normal 0 0.8819212643483544 -0.47139673682599903
    outer loop
      vertex -12 -10.744828076666167 24.101411109804847
      vertex -12 -10.72033944775577 24.14722611208134
      vertex 12 -10.72033944775577 24.14722611208134
    endloop
  endfacet
  facet normal 0 0.7730104533627312 -0.6343932841636527
    outer loop
      vertex -12 -10.72033944775577 24.14722611208134
      vertex -12 -10.687383297435904 24.187383297435904
      vertex 12 -10.687383297435904 24.187383297435904
    endloop
  endfacet
  facet normal 0 0.6343932841636358 0.7730104533627449
    outer loop
      vertex -12 -10.64722611208134 23.77966055224423
      vertex -12 -10.687383297435904 23.812616702564096
      vertex 12 -10.687383297435904 23.812616702564096
    endloop
  endfacet
  facet normal 0 0.4713967368260132 0.8819212643483467
    outer loop
      vertex -12 -10.64722611208134 23.77966055224423
      vertex 12 -10.64722611208134 23.77966055224423
      vertex -12 -10.601411109804847 23.755171923333833
    endloop
  endfacet
  facet normal 0 0.29028467725446433 0.9569403357322083
    outer loop
      vertex -12 -10.601411109804847 23.755171923333833
      vertex 12 -10.601411109804847 23.755171923333833
      vertex -12 -10.551698935450556 23.74009190010855
    endloop
  endfacet
  facet normal 0 0.09801714032953786 0.9951847266721991
    outer loop
      vertex -12 -10.551698935450556 23.74009190010855
      vertex 12 -10.551698935450556 23.74009190010855
      vertex -12 -10.5 23.734999999403954
    endloop
  endfacet
  facet normal 0 0.6343932841636358 -0.7730104533627449
    outer loop
      vertex -12 -10.687383297435904 24.187383297435904
      vertex -12 -10.64722611208134 24.22033944775577
      vertex 12 -10.64722611208134 24.22033944775577
    endloop
  endfacet
  facet normal 0 0.4713967368260132 -0.8819212643483467
    outer loop
      vertex -12 -10.64722611208134 24.22033944775577
      vertex -12 -10.601411109804847 24.244828076666167
      vertex 12 -10.601411109804847 24.244828076666167
    endloop
  endfacet
  facet normal 0 0.29028467725446433 -0.9569403357322083
    outer loop
      vertex -12 -10.601411109804847 24.244828076666167
      vertex -12 -10.551698935450556 24.25990809989145
      vertex 12 -10.551698935450556 24.25990809989145
    endloop
  endfacet
  facet normal 0 0.09801714032953786 -0.9951847266721991
    outer loop
      vertex -12 -10.551698935450556 24.25990809989145
      vertex -12 -10.5 24.265000000596046
      vertex 12 -10.5 24.265000000596046
    endloop
  endfacet
  facet normal 0 -0.09801714032953786 0.9951847266721991
    outer loop
      vertex -12 -10.5 23.734999999403954
      vertex 12 -10.5 23.734999999403954
      vertex -12 -10.448301064549444 23.74009190010855
    endloop
  endfacet
  facet normal 0 -0.29028467725446433 0.9569403357322083
    outer loop
      vertex -12 -10.448301064549444 23.74009190010855
      vertex 12 -10.448301064549444 23.74009190010855
      vertex -12 -10.398588890195153 23.755171923333833
    endloop
  endfacet
  facet normal 0 -0.4713967368260132 0.8819212643483467
    outer loop
      vertex -12 -10.398588890195153 23.755171923333833
      vertex 12 -10.398588890195153 23.755171923333833
      vertex -12 -10.35277388791866 23.77966055224423
    endloop
  endfacet
  facet normal 0 -0.6343932841636358 0.7730104533627449
    outer loop
      vertex -12 -10.35277388791866 23.77966055224423
      vertex 12 -10.35277388791866 23.77966055224423
      vertex -12 -10.312616702564096 23.812616702564096
    endloop
  endfacet
  facet normal 0 -0.09801714032953786 -0.9951847266721991
    outer loop
      vertex -12 -10.5 24.265000000596046
      vertex -12 -10.448301064549444 24.25990809989145
      vertex 12 -10.448301064549444 24.25990809989145
    endloop
  endfacet
  facet normal 0 -0.29028467725446433 -0.9569403357322083
    outer loop
      vertex -12 -10.448301064549444 24.25990809989145
      vertex -12 -10.398588890195153 24.244828076666167
      vertex 12 -10.398588890195153 24.244828076666167
    endloop
  endfacet
  facet normal 0 -0.4713967368260132 -0.8819212643483467
    outer loop
      vertex -12 -10.398588890195153 24.244828076666167
      vertex -12 -10.35277388791866 24.22033944775577
      vertex 12 -10.35277388791866 24.22033944775577
    endloop
  endfacet
  facet normal 0 -0.6343932841636358 -0.7730104533627449
    outer loop
      vertex -12 -10.312616702564096 24.187383297435904
      vertex 12 -10.312616702564096 24.187383297435904
      vertex -12 -10.35277388791866 24.22033944775577
    endloop
  endfacet
  facet normal 0 -0.7730104533627312 0.6343932841636527
    outer loop
      vertex -12 -10.312616702564096 23.812616702564096
      vertex 12 -10.312616702564096 23.812616702564096
      vertex -12 -10.27966055224423 23.85277388791866
    endloop
  endfacet
  facet normal 0 -0.8819212643483544 0.47139673682599903
    outer loop
      vertex -12 -10.27966055224423 23.85277388791866
      vertex 12 -10.27966055224423 23.85277388791866
      vertex -12 -10.255171923333833 23.898588890195153
    endloop
  endfacet
  facet normal 0 -0.9569403357322177 0.29028467725443297
    outer loop
      vertex -12 -10.255171923333833 23.898588890195153
      vertex 12 -10.255171923333833 23.898588890195153
      vertex -12 -10.24009190010855 23.948301064549444
    endloop
  endfacet
  facet normal 0 -0.9951847266721957 0.09801714032957172
    outer loop
      vertex -12 -10.24009190010855 23.948301064549444
      vertex 12 -10.24009190010855 23.948301064549444
      vertex -12 -10.234999999403954 24
    endloop
  endfacet
  facet normal 0 -0.9569403357322177 -0.29028467725443297
    outer loop
      vertex -12 -10.24009190010855 24.051698935450556
      vertex 12 -10.24009190010855 24.051698935450556
      vertex -12 -10.255171923333833 24.101411109804847
    endloop
  endfacet
  facet normal 0 -0.9951847266721957 -0.09801714032957172
    outer loop
      vertex -12 -10.234999999403954 24
      vertex 12 -10.234999999403954 24
      vertex -12 -10.24009190010855 24.051698935450556
    endloop
  endfacet
  facet normal 0 -0.7730104533627312 -0.6343932841636527
    outer loop
      vertex -12 -10.312616702564096 24.187383297435904
      vertex -12 -10.27966055224423 24.14722611208134
      vertex 12 -10.27966055224423 24.14722611208134
    endloop
  endfacet
  facet normal 0 -0.8819212643483544 -0.47139673682599903
    outer loop
      vertex -12 -10.27966055224423 24.14722611208134
      vertex -12 -10.255171923333833 24.101411109804847
      vertex 12 -10.255171923333833 24.101411109804847
    endloop
  endfacet
  facet normal 0 0.8819212643483544 0.47139673682599903
    outer loop
      vertex -12 -10.72033944775577 23.85277388791866
      vertex 12 -10.744828076666167 23.898588890195153
      vertex 12 -10.72033944775577 23.85277388791866
    endloop
  endfacet
  facet normal 0 0.7730104533627312 0.6343932841636527
    outer loop
      vertex -12 -10.687383297435904 23.812616702564096
      vertex 12 -10.72033944775577 23.85277388791866
      vertex 12 -10.687383297435904 23.812616702564096
    endloop
  endfacet
  facet normal 0 0.9951847266721957 0.09801714032957172
    outer loop
      vertex -12 -10.75990809989145 23.948301064549444
      vertex 12 -10.765000000596046 24
      vertex 12 -10.75990809989145 23.948301064549444
    endloop
  endfacet
  facet normal 0 0.9569403357322177 0.29028467725443297
    outer loop
      vertex -12 -10.744828076666167 23.898588890195153
      vertex 12 -10.75990809989145 23.948301064549444
      vertex 12 -10.744828076666167 23.898588890195153
    endloop
  endfacet
  facet normal 0 0.9951847266721957 -0.09801714032957172
    outer loop
      vertex -12 -10.765000000596046 24
      vertex 12 -10.75990809989145 24.051698935450556
      vertex 12 -10.765000000596046 24
    endloop
  endfacet
  facet normal 0 0.9569403357322177 -0.29028467725443297
    outer loop
      vertex -12 -10.75990809989145 24.051698935450556
      vertex 12 -10.744828076666167 24.101411109804847
      vertex 12 -10.75990809989145 24.051698935450556
    endloop
  endfacet
  facet normal 0 0.8819212643483544 -0.47139673682599903
    outer loop
      vertex -12 -10.744828076666167 24.101411109804847
      vertex 12 -10.72033944775577 24.14722611208134
      vertex 12 -10.744828076666167 24.101411109804847
    endloop
  endfacet
  facet normal 0 0.7730104533627312 -0.6343932841636527
    outer loop
      vertex -12 -10.72033944775577 24.14722611208134
      vertex 12 -10.687383297435904 24.187383297435904
      vertex 12 -10.72033944775577 24.14722611208134
    endloop
  endfacet
  facet normal 0 0.6343932841636358 0.7730104533627449
    outer loop
      vertex -12 -10.64722611208134 23.77966055224423
      vertex 12 -10.687383297435904 23.812616702564096
      vertex 12 -10.64722611208134 23.77966055224423
    endloop
  endfacet
  facet normal 0 0.4713967368260132 0.8819212643483467
    outer loop
      vertex -12 -10.601411109804847 23.755171923333833
      vertex 12 -10.64722611208134 23.77966055224423
      vertex 12 -10.601411109804847 23.755171923333833
    endloop
  endfacet
  facet normal 0 0.29028467725446433 0.9569403357322083
    outer loop
      vertex -12 -10.551698935450556 23.74009190010855
      vertex 12 -10.601411109804847 23.755171923333833
      vertex 12 -10.551698935450556 23.74009190010855
    endloop
  endfacet
  facet normal 0 0.09801714032953786 0.9951847266721991
    outer loop
      vertex -12 -10.5 23.734999999403954
      vertex 12 -10.551698935450556 23.74009190010855
      vertex 12 -10.5 23.734999999403954
    endloop
  endfacet
  facet normal 0 0.6343932841636358 -0.7730104533627449
    outer loop
      vertex -12 -10.687383297435904 24.187383297435904
      vertex 12 -10.64722611208134 24.22033944775577
      vertex 12 -10.687383297435904 24.187383297435904
    endloop
  endfacet
  facet normal 0 0.4713967368260132 -0.8819212643483467
    outer loop
      vertex -12 -10.64722611208134 24.22033944775577
      vertex 12 -10.601411109804847 24.244828076666167
      vertex 12 -10.64722611208134 24.22033944775577
    endloop
  endfacet
  facet normal 0 0.29028467725446433 -0.9569403357322083
    outer loop
      vertex -12 -10.601411109804847 24.244828076666167
      vertex 12 -10.551698935450556 24.25990809989145
      vertex 12 -10.601411109804847 24.244828076666167
    endloop
  endfacet
  facet normal 0 0.09801714032953786 -0.9951847266721991
    outer loop
      vertex -12 -10.551698935450556 24.25990809989145
      vertex 12 -10.5 24.265000000596046
      vertex 12 -10.551698935450556 24.25990809989145
    endloop
  endfacet
  facet normal 0 -0.09801714032953786 0.9951847266721991
    outer loop
      vertex -12 -10.448301064549444 23.74009190010855
      vertex 12 -10.5 23.734999999403954
      vertex 12 -10.448301064549444 23.74009190010855
    endloop
  endfacet
  facet normal 0 -0.29028467725446433 0.9569403357322083
    outer loop
      vertex -12 -10.398588890195153 23.755171923333833
      vertex 12 -10.448301064549444 23.74009190010855
      vertex 12 -10.398588890195153 23.755171923333833
    endloop
  endfacet
  facet normal 0 -0.4713967368260132 0.8819212643483467
    outer loop
      vertex -12 -10.35277388791866 23.77966055224423
      vertex 12 -10.398588890195153 23.755171923333833
      vertex 12 -10.35277388791866 23.77966055224423
    endloop
  endfacet
  facet normal 0 -0.6343932841636358 0.7730104533627449
    outer loop
      vertex -12 -10.312616702564096 23.812616702564096
      vertex 12 -10.35277388791866 23.77966055224423
      vertex 12 -10.312616702564096 23.812616702564096
    endloop
  endfacet
  facet normal 0 -0.09801714032953786 -0.9951847266721991
    outer loop
      vertex -12 -10.5 24.265000000596046
      vertex 12 -10.448301064549444 24.25990809989145
      vertex 12 -10.5 24.265000000596046
    endloop
  endfacet
  facet normal 0 -0.29028467725446433 -0.9569403357322083
    outer loop
      vertex -12 -10.448301064549444 24.25990809989145
      vertex 12 -10.398588890195153 24.244828076666167
      vertex 12 -10.448301064549444 24.25990809989145
    endloop
  endfacet
  facet normal 0 -0.4713967368260132 -0.8819212643483467
    outer loop
      vertex -12 -10.398588890195153 24.244828076666167
      vertex 12 -10.35277388791866 24.22033944775577
      vertex 12 -10.398588890195153 24.244828076666167
    endloop
  endfacet
  facet normal 0 -0.6343932841636358 -0.7730104533627449
    outer loop
      vertex -12 -10.35277388791866 24.22033944775577
      vertex 12 -10.312616702564096 24.187383297435904
      vertex 12 -10.35277388791866 24.22033944775577
    endloop
  endfacet
  facet normal 0 -0.7730104533627312 0.6343932841636527
    outer loop
      vertex -12 -10.27966055224423 23.85277388791866
      vertex 12 -10.312616702564096 23.812616702564096
      vertex 12 -10.27966055224423 23.85277388791866
    endloop
  endfacet
  facet normal 0 -0.8819212643483544 0.47139673682599903
    outer loop
      vertex -12 -10.255171923333833 23.898588890195153
      vertex 12 -10.27966055224423 23.85277388791866
      vertex 12 -10.255171923333833 23.898588890195153
    endloop
  endfacet
  facet normal 0 -0.9569403357322177 0.29028467725443297
    outer loop
      vertex -12 -10.24009190010855 23.948301064549444
      vertex 12 -10.255171923333833 23.898588890195153
      vertex 12 -10.24009190010855 23.948301064549444
    endloop
  endfacet
  facet normal 0 -0.9951847266721957 0.09801714032957172
    outer loop
      vertex -12 -10.234999999403954 24
      vertex 12 -10.24009190010855 23.948301064549444
      vertex 12 -10.234999999403954 24
    endloop
  endfacet
  facet normal 0 -0.9569403357322177 -0.29028467725443297
    outer loop
      vertex -12 -10.255171923333833 24.101411109804847
      vertex 12 -10.24009190010855 24.051698935450556
      vertex 12 -10.255171923333833 24.101411109804847
    endloop
  endfacet
  facet normal 0 -0.9951847266721957 -0.09801714032957172
    outer loop
      vertex -12 -10.24009190010855 24.051698935450556
      vertex 12 -10.234999999403954 24
      vertex 12 -10.24009190010855 24.051698935450556
    endloop
  endfacet
  facet normal 0 -0.7730104533627312 -0.6343932841636527
    outer loop
      vertex -12 -10.312616702564096 24.187383297435904
      vertex 12 -10.27966055224423 24.14722611208134
      vertex 12 -10.312616702564096 24.187383297435904
    endloop
  endfacet
  facet normal 0 -0.8819212643483544 -0.47139673682599903
    outer loop
      vertex -12 -10.27966055224423 24.14722611208134
      vertex 12 -10.255171923333833 24.101411109804847
      vertex 12 -10.27966055224423 24.14722611208134
    endloop
  endfacet
  facet normal 0 0.8819212643483544 0.47139673682599903
    outer loop
      vertex -12 10.27966055224423 23.85277388791866
      vertex -12 10.255171923333833 23.898588890195153
      vertex 12 10.255171923333833 23.898588890195153
    endloop
  endfacet
  facet normal 0 0.7730104533627312 0.6343932841636527
    outer loop
      vertex -12 10.27966055224423 23.85277388791866
      vertex 12 10.27966055224423 23.85277388791866
      vertex -12 10.312616702564096 23.812616702564096
    endloop
  endfacet
  facet normal 0 0.9951847266721957 0.09801714032957172
    outer loop
      vertex -12 10.24009190010855 23.948301064549444
      vertex -12 10.234999999403954 24
      vertex 12 10.234999999403954 24
    endloop
  endfacet
  facet normal 0 0.9569403357322177 0.29028467725443297
    outer loop
      vertex -12 10.24009190010855 23.948301064549444
      vertex 12 10.24009190010855 23.948301064549444
      vertex -12 10.255171923333833 23.898588890195153
    endloop
  endfacet
  facet normal 0 0.9951847266721957 -0.09801714032957172
    outer loop
      vertex -12 10.234999999403954 24
      vertex -12 10.24009190010855 24.051698935450556
      vertex 12 10.24009190010855 24.051698935450556
    endloop
  endfacet
  facet normal 0 0.9569403357322177 -0.29028467725443297
    outer loop
      vertex -12 10.24009190010855 24.051698935450556
      vertex -12 10.255171923333833 24.101411109804847
      vertex 12 10.255171923333833 24.101411109804847
    endloop
  endfacet
  facet normal 0 0.8819212643483544 -0.47139673682599903
    outer loop
      vertex -12 10.255171923333833 24.101411109804847
      vertex -12 10.27966055224423 24.14722611208134
      vertex 12 10.27966055224423 24.14722611208134
    endloop
  endfacet
  facet normal 0 0.7730104533627312 -0.6343932841636527
    outer loop
      vertex -12 10.27966055224423 24.14722611208134
      vertex -12 10.312616702564096 24.187383297435904
      vertex 12 10.312616702564096 24.187383297435904
    endloop
  endfacet
  facet normal 0 0.6343932841636358 0.7730104533627449
    outer loop
      vertex -12 10.35277388791866 23.77966055224423
      vertex -12 10.312616702564096 23.812616702564096
      vertex 12 10.312616702564096 23.812616702564096
    endloop
  endfacet
  facet normal 0 0.4713967368260132 0.8819212643483467
    outer loop
      vertex -12 10.35277388791866 23.77966055224423
      vertex 12 10.35277388791866 23.77966055224423
      vertex -12 10.398588890195153 23.755171923333833
    endloop
  endfacet
  facet normal 0 0.29028467725446433 0.9569403357322083
    outer loop
      vertex -12 10.398588890195153 23.755171923333833
      vertex 12 10.398588890195153 23.755171923333833
      vertex -12 10.448301064549444 23.74009190010855
    endloop
  endfacet
  facet normal 0 0.09801714032953786 0.9951847266721991
    outer loop
      vertex -12 10.448301064549444 23.74009190010855
      vertex 12 10.448301064549444 23.74009190010855
      vertex -12 10.5 23.734999999403954
    endloop
  endfacet
  facet normal 0 0.6343932841636358 -0.7730104533627449
    outer loop
      vertex -12 10.312616702564096 24.187383297435904
      vertex -12 10.35277388791866 24.22033944775577
      vertex 12 10.35277388791866 24.22033944775577
    endloop
  endfacet
  facet normal 0 0.4713967368260132 -0.8819212643483467
    outer loop
      vertex -12 10.35277388791866 24.22033944775577
      vertex -12 10.398588890195153 24.244828076666167
      vertex 12 10.398588890195153 24.244828076666167
    endloop
  endfacet
  facet normal 0 0.29028467725446433 -0.9569403357322083
    outer loop
      vertex -12 10.398588890195153 24.244828076666167
      vertex -12 10.448301064549444 24.25990809989145
      vertex 12 10.448301064549444 24.25990809989145
    endloop
  endfacet
  facet normal 0 0.09801714032953786 -0.9951847266721991
    outer loop
      vertex -12 10.448301064549444 24.25990809989145
      vertex -12 10.5 24.265000000596046
      vertex 12 10.5 24.265000000596046
    endloop
  endfacet
  facet normal 0 -0.09801714032953786 0.9951847266721991
    outer loop
      vertex -12 10.5 23.734999999403954
      vertex 12 10.5 23.734999999403954
      vertex -12 10.551698935450556 23.74009190010855
    endloop
  endfacet
  facet normal 0 -0.29028467725446433 0.9569403357322083
    outer loop
      vertex -12 10.551698935450556 23.74009190010855
      vertex 12 10.551698935450556 23.74009190010855
      vertex -12 10.601411109804847 23.755171923333833
    endloop
  endfacet
  facet normal 0 -0.4713967368260132 0.8819212643483467
    outer loop
      vertex -12 10.601411109804847 23.755171923333833
      vertex 12 10.601411109804847 23.755171923333833
      vertex -12 10.64722611208134 23.77966055224423
    endloop
  endfacet
  facet normal 0 -0.6343932841636358 0.7730104533627449
    outer loop
      vertex -12 10.64722611208134 23.77966055224423
      vertex 12 10.64722611208134 23.77966055224423
      vertex -12 10.687383297435904 23.812616702564096
    endloop
  endfacet
  facet normal 0 -0.09801714032953786 -0.9951847266721991
    outer loop
      vertex -12 10.5 24.265000000596046
      vertex -12 10.551698935450556 24.25990809989145
      vertex 12 10.551698935450556 24.25990809989145
    endloop
  endfacet
  facet normal 0 -0.29028467725446433 -0.9569403357322083
    outer loop
      vertex -12 10.551698935450556 24.25990809989145
      vertex -12 10.601411109804847 24.244828076666167
      vertex 12 10.601411109804847 24.244828076666167
    endloop
  endfacet
  facet normal 0 -0.4713967368260132 -0.8819212643483467
    outer loop
      vertex -12 10.601411109804847 24.244828076666167
      vertex -12 10.64722611208134 24.22033944775577
      vertex 12 10.64722611208134 24.22033944775577
    endloop
  endfacet
  facet normal 0 -0.6343932841636358 -0.7730104533627449
    outer loop
      vertex -12 10.687383297435904 24.187383297435904
      vertex 12 10.687383297435904 24.187383297435904
      vertex -12 10.64722611208134 24.22033944775577
    endloop
  endfacet
  facet normal 0 -0.7730104533627312 0.6343932841636527
    outer loop
      vertex -12 10.687383297435904 23.812616702564096
      vertex 12 10.687383297435904 23.812616702564096
      vertex -12 10.72033944775577 23.85277388791866
    endloop
  endfacet
  facet normal 0 -0.8819212643483544 0.47139673682599903
    outer loop
      vertex -12 10.72033944775577 23.85277388791866
      vertex 12 10.72033944775577 23.85277388791866
      vertex -12 10.744828076666167 23.898588890195153
    endloop
  endfacet
  facet normal 0 -0.9569403357322177 0.29028467725443297
    outer loop
      vertex -12 10.744828076666167 23.898588890195153
      vertex 12 10.744828076666167 23.898588890195153
      vertex -12 10.75990809989145 23.948301064549444
    endloop
  endfacet
  facet normal 0 -0.9951847266721957 0.09801714032957172
    outer loop
      vertex -12 10.75990809989145 23.948301064549444
      vertex 12 10.75990809989145 23.948301064549444
      vertex -12 10.765000000596046 24
    endloop
  endfacet
  facet normal 0 -0.9569403357322177 -0.29028467725443297
    outer loop
      vertex -12 10.75990809989145 24.051698935450556
      vertex 12 10.75990809989145 24.051698935450556
      vertex -12 10.744828076666167 24.101411109804847
    endloop
  endfacet
  facet normal 0 -0.9951847266721957 -0.09801714032957172
    outer loop
      vertex -12 10.765000000596046 24
      vertex 12 10.765000000596046 24
      vertex -12 10.75990809989145 24.051698935450556
    endloop
  endfacet
  facet normal 0 -0.7730104533627312 -0.6343932841636527
    outer loop
      vertex -12 10.687383297435904 24.187383297435904
      vertex -12 10.72033944775577 24.14722611208134
      vertex 12 10.72033944775577 24.14722611208134
    endloop
  endfacet
  facet normal 0 -0.8819212643483544 -0.47139673682599903
    outer loop
      vertex -12 10.72033944775577 24.14722611208134
      vertex -12 10.744828076666167 24.101411109804847
      vertex 12 10.744828076666167 24.101411109804847
    endloop
  endfacet
  facet normal 0 0.8819212643483544 0.47139673682599903
    outer loop
      vertex -12 10.27966055224423 23.85277388791866
      vertex 12 10.255171923333833 23.898588890195153
      vertex 12 10.27966055224423 23.85277388791866
    endloop
  endfacet
  facet normal 0 0.7730104533627312 0.6343932841636527
    outer loop
      vertex -12 10.312616702564096 23.812616702564096
      vertex 12 10.27966055224423 23.85277388791866
      vertex 12 10.312616702564096 23.812616702564096
    endloop
  endfacet
  facet normal 0 0.9951847266721957 0.09801714032957172
    outer loop
      vertex -12 10.24009190010855 23.948301064549444
      vertex 12 10.234999999403954 24
      vertex 12 10.24009190010855 23.948301064549444
    endloop
  endfacet
  facet normal 0 0.9569403357322177 0.29028467725443297
    outer loop
      vertex -12 10.255171923333833 23.898588890195153
      vertex 12 10.24009190010855 23.948301064549444
      vertex 12 10.255171923333833 23.898588890195153
    endloop
  endfacet
  facet normal 0 0.9951847266721957 -0.09801714032957172
    outer loop
      vertex -12 10.234999999403954 24
      vertex 12 10.24009190010855 24.051698935450556
      vertex 12 10.234999999403954 24
    endloop
  endfacet
  facet normal 0 0.9569403357322177 -0.29028467725443297
    outer loop
      vertex -12 10.24009190010855 24.051698935450556
      vertex 12 10.255171923333833 24.101411109804847
      vertex 12 10.24009190010855 24.051698935450556
    endloop
  endfacet
  facet normal 0 0.8819212643483544 -0.47139673682599903
    outer loop
      vertex -12 10.255171923333833 24.101411109804847
      vertex 12 10.27966055224423 24.14722611208134
      vertex 12 10.255171923333833 24.101411109804847
    endloop
  endfacet
  facet normal 0 0.7730104533627312 -0.6343932841636527
    outer loop
      vertex -12 10.27966055224423 24.14722611208134
      vertex 12 10.312616702564096 24.187383297435904
      vertex 12 10.27966055224423 24.14722611208134
    endloop
  endfacet
  facet normal 0 0.6343932841636358 0.7730104533627449
    outer loop
      vertex -12 10.35277388791866 23.77966055224423
      vertex 12 10.312616702564096 23.812616702564096
      vertex 12 10.35277388791866 23.77966055224423
    endloop
  endfacet
  facet normal 0 0.4713967368260132 0.8819212643483467
    outer loop
      vertex -12 10.398588890195153 23.755171923333833
      vertex 12 10.35277388791866 23.77966055224423
      vertex 12 10.398588890195153 23.755171923333833
    endloop
  endfacet
  facet normal 0 0.29028467725446433 0.9569403357322083
    outer loop
      vertex -12 10.448301064549444 23.74009190010855
      vertex 12 10.398588890195153 23.755171923333833
      vertex 12 10.448301064549444 23.74009190010855
    endloop
  endfacet
  facet normal 0 0.09801714032953786 0.9951847266721991
    outer loop
      vertex -12 10.5 23.734999999403954
      vertex 12 10.448301064549444 23.74009190010855
      vertex 12 10.5 23.734999999403954
    endloop
  endfacet
  facet normal 0 0.6343932841636358 -0.7730104533627449
    outer loop
      vertex -12 10.312616702564096 24.187383297435904
      vertex 12 10.35277388791866 24.22033944775577
      vertex 12 10.312616702564096 24.187383297435904
    endloop
  endfacet
  facet normal 0 0.4713967368260132 -0.8819212643483467
    outer loop
      vertex -12 10.35277388791866 24.22033944775577
      vertex 12 10.398588890195153 24.244828076666167
      vertex 12 10.35277388791866 24.22033944775577
    endloop
  endfacet
  facet normal 0 0.29028467725446433 -0.9569403357322083
    outer loop
      vertex -12 10.398588890195153 24.244828076666167
      vertex 12 10.448301064549444 24.25990809989145
      vertex 12 10.398588890195153 24.244828076666167
    endloop
  endfacet
  facet normal 0 0.09801714032953786 -0.9951847266721991
    outer loop
      vertex -12 10.448301064549444 24.25990809989145
      vertex 12 10.5 24.265000000596046
      vertex 12 10.448301064549444 24.25990809989145
    endloop
  endfacet
  facet normal 0 -0.09801714032953786 0.9951847266721991
    outer loop
      vertex -12 10.551698935450556 23.74009190010855
      vertex 12 10.5 23.734999999403954
      vertex 12 10.551698935450556 23.74009190010855
    endloop
  endfacet
  facet normal 0 -0.29028467725446433 0.9569403357322083
    outer loop
      vertex -12 10.601411109804847 23.755171923333833
      vertex 12 10.551698935450556 23.74009190010855
      vertex 12 10.601411109804847 23.755171923333833
    endloop
  endfacet
  facet normal 0 -0.4713967368260132 0.8819212643483467
    outer loop
      vertex -12 10.64722611208134 23.77966055224423
      vertex 12 10.601411109804847 23.755171923333833
      vertex 12 10.64722611208134 23.77966055224423
    endloop
  endfacet
  facet normal 0 -0.6343932841636358 0.7730104533627449
    outer loop
      vertex -12 10.687383297435904 23.812616702564096
      vertex 12 10.64722611208134 23.77966055224423
      vertex 12 10.687383297435904 23.812616702564096
    endloop
  endfacet
  facet normal 0 -0.09801714032953786 -0.9951847266721991
    outer loop
      vertex -12 10.5 24.265000000596046
      vertex 12 10.551698935450556 24.25990809989145
      vertex 12 10.5 24.265000000596046
    endloop
  endfacet
  facet normal 0 -0.29028467725446433 -0.9569403357322083
    outer loop
      vertex -12 10.551698935450556 24.25990809989145
      vertex 12 10.601411109804847 24.244828076666167
      vertex 12 10.551698935450556 24.25990809989145
    endloop
  endfacet
  facet normal 0 -0.4713967368260132 -0.8819212643483467
    outer loop
      vertex -12 10.601411109804847 24.244828076666167
      vertex 12 10.64722611208134 24.22033944775577
      vertex 12 10.601411109804847 24.244828076666167
    endloop
  endfacet
  facet normal 0 -0.6343932841636358 -0.7730104533627449
    outer loop
      vertex -12 10.64722611208134 24.22033944775577
      vertex 12 10.687383297435904 24.187383297435904
      vertex 12 10.64722611208134 24.22033944775577
    endloop
  endfacet
  facet normal 0 -0.7730104533627312 0.6343932841636527
    outer loop
      vertex -12 10.72033944775577 23.85277388791866
      vertex 12 10.687383297435904 23.812616702564096
      vertex 12 10.72033944775577 23.85277388791866
    endloop
  endfacet
  facet normal 0 -0.8819212643483544 0.47139673682599903
    outer loop
      vertex -12 10.744828076666167 23.898588890195153
      vertex 12 10.72033944775577 23.85277388791866
      vertex 12 10.744828076666167 23.898588890195153
    endloop
  endfacet
  facet normal 0 -0.9569403357322177 0.29028467725443297
    outer loop
      vertex -12 10.75990809989145 23.948301064549444
      vertex 12 10.744828076666167 23.898588890195153
      vertex 12 10.75990809989145 23.948301064549444
    endloop
  endfacet
  facet normal 0 -0.9951847266721957 0.09801714032957172
    outer loop
      vertex -12 10.765000000596046 24
      vertex 12 10.75990809989145 23.948301064549444
      vertex 12 10.765000000596046 24
    endloop
  endfacet
  facet normal 0 -0.9569403357322177 -0.29028467725443297
    outer loop
      vertex -12 10.744828076666167 24.101411109804847
      vertex 12 10.75990809989145 24.051698935450556
      vertex 12 10.744828076666167 24.101411109804847
    endloop
  endfacet
  facet normal 0 -0.9951847266721957 -0.09801714032957172
    outer loop
      vertex -12 10.75990809989145 24.051698935450556
      vertex 12 10.765000000596046 24
      vertex 12 10.75990809989145 24.051698935450556
    endloop
  endfacet
  facet normal 0 -0.7730104533627312 -0.6343932841636527
    outer loop
      vertex -12 10.687383297435904 24.187383297435904
      vertex 12 10.72033944775577 24.14722611208134
      vertex 12 10.687383297435904 24.187383297435904
    endloop
  endfacet
  facet normal 0 -0.8819212643483544 -0.47139673682599903
    outer loop
      vertex -12 10.72033944775577 24.14722611208134
      vertex 12 10.744828076666167 24.101411109804847
      vertex 12 10.72033944775577 24.14722611208134
    endloop
  endfacet
endsolid OpenSCAD_Model
